mot;decision;date;lot
CD;keep;2026-09-15T04:17:00+00:00;20260915041700-6bd202
MW;keep;2026-09-15T04:17:02+00:00;20260915041702-ebfcf3
TV;keep;2026-09-15T04:17:02+00:00;20260915041702-8bb2b7
AY;delete;2026-09-15T04:17:18+00:00;20260915041718-f1915b
CF;keep;2026-09-15T04:17:21+00:00;20260915041721-0b925c
DI;delete;2026-09-15T04:17:25+00:00;20260915041725-2237e2
EX;keep;2026-09-15T04:21:56+00:00;20260915042156-5e9a0c
ID;keep;2026-09-15T04:21:58+00:00;20260915042158-f610a5
NO;keep;2026-09-15T04:22:10+00:00;20260915042210-48a43a
OC;keep;2026-09-15T04:23:30+00:00;20260915042330-0572fd
SS;keep;2026-09-15T04:23:35+00:00;20260915042335-3382ca
VE;keep;2026-09-15T04:23:36+00:00;20260915042336-d77c15
VO;delete;2026-09-15T04:23:39+00:00;20260915042339-7f9163
WC;keep;2026-09-15T04:23:40+00:00;20260915042340-db1f11
WU;keep;2026-09-15T04:23:42+00:00;20260915042342-0d736f
XI;keep;2026-09-15T04:28:45+00:00;20260915042845-5c1ba2
YO;keep;2026-09-15T04:28:53+00:00;20260915042853-505053
KO;keep;2026-09-15T04:29:17+00:00;20260915042917-3c9da1
CO;keep;2026-09-15T04:29:21+00:00;20260915042921-644555
AACCUS;delete;2026-09-15T04:29:50+00:00;20260915042950-1174e4
ABACAS;delete;2026-09-15T04:30:07+00:00;20260915043007-84074f
ABALE;delete;2026-09-15T04:30:16+00:00;20260915043016-e07867
ABALES;delete;2026-09-15T04:30:16+00:00;20260915043016-e07867
ABARCO;delete;2026-09-15T04:30:28+00:00;20260915043028-c940b4
ABAZAS;delete;2026-09-15T04:30:32+00:00;20260915043032-7e74bb
ABCEDA;delete;2026-09-15T04:30:53+00:00;20260915043053-072ddb
ABECHA;keep;2026-09-15T04:31:17+00:00;20260915043117-8c1639
KA;delete;2026-09-15T04:43:08+00:00;20260915044308-fc9a83
PH;keep;2026-09-15T04:43:14+00:00;20260915044314-2ffdc3
RU;keep;2026-09-15T04:43:15+00:00;20260915044315-ab5de7
GI;keep;2026-09-15T04:43:29+00:00;20260915044329-cf6047
UT;keep;2026-09-15T04:43:31+00:00;20260915044331-5e6197
BI;keep;2026-09-15T04:43:33+00:00;20260915044333-66b007
PI;keep;2026-09-15T04:43:34+00:00;20260915044334-e88fbc
MU;keep;2026-09-15T04:43:36+00:00;20260915044336-280985
LI;delete;2026-09-15T04:43:44+00:00;20260915044344-830430
ADN;keep;2026-09-15T04:43:47+00:00;20260915044347-8494d6
ANO;delete;2026-09-15T04:43:53+00:00;20260915044353-a91f70
APO;delete;2026-09-15T04:43:56+00:00;20260915044356-96b8c1
ARN;keep;2026-09-15T04:44:00+00:00;20260915044400-da582a
AVI;delete;2026-09-15T04:44:10+00:00;20260915044410-559aec
CDS;keep;2026-09-15T04:44:14+00:00;20260915044414-200905
CMS;keep;2026-09-15T04:44:19+00:00;20260915044419-23f882
DUX;delete;2026-09-15T04:44:22+00:00;20260915044422-3c630a
ENA;delete;2026-09-15T04:44:25+00:00;20260915044425-ffeb80
FBI;keep;2026-09-15T04:44:26+00:00;20260915044426-a02e4a
FDE;delete;2026-09-15T04:44:27+00:00;20260915044427-27b840
GEM;keep;2026-09-15T04:44:37+00:00;20260915044437-92ac48
HAO;delete;2026-09-15T04:44:41+00:00;20260915044441-ca6a0c
HAS;delete;2026-09-15T04:44:41+00:00;20260915044441-7ee8da
HUS;delete;2026-09-15T04:44:42+00:00;20260915044442-f8ca85
INO;delete;2026-09-15T04:44:44+00:00;20260915044444-cf2251
JIU;delete;2026-09-15T04:44:47+00:00;20260915044447-74dd14
LAA;delete;2026-09-15T04:44:48+00:00;20260915044448-80f7ac
LAR;delete;2026-09-15T04:44:51+00:00;20260915044451-946cda
LDE;delete;2026-09-15T04:44:52+00:00;20260915044452-221928
AA;keep;2026-09-15T04:46:10+00:00;20260915044610-48210c
LOP;delete;2026-09-15T04:46:33+00:00;20260915044633-ce1d43
MEN;keep;2026-09-15T04:46:35+00:00;20260915044635-10f266
MEX;keep;2026-09-15T04:46:37+00:00;20260915044637-82ab89
MUT;keep;2026-09-15T04:46:42+00:00;20260915044642-a7322e
MWS;keep;2026-09-15T04:46:45+00:00;20260915044645-732597
MYA;delete;2026-09-15T04:46:51+00:00;20260915044651-5ed4d5
NOO;delete;2026-09-15T04:46:53+00:00;20260915044653-571133
NUA;delete;2026-09-15T04:47:15+00:00;20260915044715-992b07
OLO;delete;2026-09-15T04:47:17+00:00;20260915044717-3b3e32
ORO;delete;2026-09-15T04:47:20+00:00;20260915044720-d70f96
OTO;delete;2026-09-15T04:47:21+00:00;20260915044721-d437ea
POE;delete;2026-09-15T04:47:23+00:00;20260915044723-3c3677
POX;delete;2026-09-15T04:47:34+00:00;20260915044734-98ca3b
PYA;delete;2026-09-15T04:47:36+00:00;20260915044736-4407d9
QCM;keep;2026-09-15T04:47:42+00:00;20260915044742-52ace5
RED;keep;2026-09-15T04:47:45+00:00;20260915044745-f18603
REE;keep;2026-09-15T15:52:32+00:00;20260915155232-639c09
RPR;keep;2026-09-15T15:52:59+00:00;20260915155259-3f8082
SHA;delete;2026-09-15T15:53:11+00:00;20260915155311-5de5b8
SID;keep;2026-09-15T15:53:14+00:00;20260915155314-e20660
SIM;keep;2026-09-15T15:53:15+00:00;20260915155315-853830
TTC;keep;2026-09-15T15:53:17+00:00;20260915155317-ae0ce4
TUC;keep;2026-09-15T15:53:19+00:00;20260915155319-57227e
TUG;delete;2026-09-15T15:53:40+00:00;20260915155340-cce571
TVA;keep;2026-09-15T15:53:40+00:00;20260915155340-bc79f9
UTA;delete;2026-09-15T15:54:00+00:00;20260915155400-22a53a
UVA;delete;2026-09-15T15:54:17+00:00;20260915155417-919747
VOX;keep;2026-09-15T15:54:21+00:00;20260915155421-8b2c3d
ABE;delete;2026-09-15T15:55:11+00:00;20260915155511-93a1b7
ANI;keep;2026-09-15T15:55:44+00:00;20260915155544-47abd0
ANU;delete;2026-09-15T15:55:47+00:00;20260915155547-0e2764
AYU;delete;2026-09-15T15:55:59+00:00;20260915155559-1cfdc8
BAB;keep;2026-09-15T15:56:06+00:00;20260915155606-e2de1e
CAM;keep;2026-09-15T15:56:08+00:00;20260915155608-b39121
CAN;delete;2026-09-15T15:56:17+00:00;20260915155617-17e28d
CAT;delete;2026-09-15T15:56:25+00:00;20260915155625-47e016
DAW;delete;2026-09-15T15:56:29+00:00;20260915155629-1bc774
DIP;keep;2026-09-15T15:56:33+00:00;20260915155633-f79ece
DOP;delete;2026-09-15T15:56:46+00:00;20260915155646-dd24e8
DYS;delete;2026-09-15T15:56:48+00:00;20260915155648-894bae
DYS;undo;2026-09-15T15:56:51+00:00;20260915155648-894bae
DYS;delete;2026-09-15T15:56:56+00:00;20260915155656-42ffb5
EBE;delete;2026-09-15T15:56:59+00:00;20260915155659-68f732
ECO;keep;2026-09-15T15:57:04+00:00;20260915155704-8fb3c6
ETA;keep;2026-09-15T15:57:07+00:00;20260915155707-f0cffa
FEN;delete;2026-09-15T15:57:11+00:00;20260915155711-c8c7ab
FOB;delete;2026-09-15T15:57:21+00:00;20260915155721-4893da
FUR;delete;2026-09-15T15:57:44+00:00;20260915155744-fea6e5
GIR;delete;2026-09-15T15:57:52+00:00;20260915155752-a89954
GOI;delete;2026-09-15T15:58:04+00:00;20260915155804-7a0917
GYR;delete;2026-09-15T15:58:07+00:00;20260915155807-a8b70a
HIE;delete;2026-09-15T15:58:13+00:00;20260915155813-0d0439
IDO;delete;2026-09-15T15:58:28+00:00;20260915155828-1476e8
IPS;delete;2026-09-15T15:59:05+00:00;20260915155905-4912c1
ISO;keep;2026-09-15T15:59:07+00:00;20260915155907-0de841
100METRES;delete;2026-09-15T16:12:37+00:00;20260915161237-59de5a
IXA;delete;2026-09-15T17:15:20+00:00;20260915171520-540d16
JAN;delete;2026-09-15T17:15:26+00:00;20260915171526-682760
JIG;delete;2026-09-15T17:15:29+00:00;20260915171529-362cc6
KAS;delete;2026-09-15T17:15:33+00:00;20260915171533-b16956
KEA;delete;2026-09-15T17:15:35+00:00;20260915171535-869773
KEN;keep;2026-09-15T17:15:37+00:00;20260915171537-4aa6ed
KEO;delete;2026-09-15T17:15:42+00:00;20260915171542-1b04a9
KHA;keep;2026-09-15T17:15:51+00:00;20260915171551-9c834a
KHI;keep;2026-09-15T17:15:59+00:00;20260915171559-0308d4
KOB;keep;2026-09-15T17:16:18+00:00;20260915171618-06d68a
KSI;keep;2026-09-15T17:16:51+00:00;20260915171651-db0560
LAB;delete;2026-09-15T17:16:56+00:00;20260915171656-c77859
LAN;delete;2026-09-15T17:16:58+00:00;20260915171658-8df3fb
LAN;undo;2026-09-15T17:17:02+00:00;20260915171658-8df3fb
LAN;keep;2026-09-15T17:17:04+00:00;20260915171704-9519f5
LOG;keep;2026-09-15T17:17:13+00:00;20260915171713-bf9159
LUO;delete;2026-09-15T17:17:18+00:00;20260915171718-36889c
MAR;delete;2026-09-15T17:17:22+00:00;20260915171722-08718f
MAY;delete;2026-09-15T17:17:26+00:00;20260915171726-7fe825
MDE;delete;2026-09-15T17:17:27+00:00;20260915171727-c4cffe
MEL;keep;2026-09-15T17:17:32+00:00;20260915171732-cd3420
MOA;keep;2026-09-15T17:34:28+00:00;20260915173428-036f1a
MOR;delete;2026-09-15T17:34:52+00:00;20260915173452-2e13c6
MYE;delete;2026-09-15T17:34:54+00:00;20260915173454-d4081c
NIF;delete;2026-09-15T17:35:15+00:00;20260915173515-70b43d
NIT;delete;2026-09-15T17:36:55+00:00;20260915173655-8252b8
OBA;delete;2026-09-15T17:36:58+00:00;20260915173658-5e7f7b
OHM;keep;2026-09-15T17:37:00+00:00;20260915173700-22d462
ORF;delete;2026-09-15T17:37:02+00:00;20260915173702-0f1232
QAT;delete;2026-09-15T17:37:06+00:00;20260915173706-5dffec
QIN;delete;2026-09-15T17:38:41+00:00;20260915173841-cb523d
RAY;delete;2026-09-15T17:38:42+00:00;20260915173842-ebf556
REM;delete;2026-09-15T17:38:49+00:00;20260915173849-42ee63
RHE;delete;2026-09-15T17:38:52+00:00;20260915173852-dae84f
ROB;delete;2026-09-15T17:38:54+00:00;20260915173854-f11638
RUZ;delete;2026-09-15T17:39:00+00:00;20260915173900-c4a3ec
SAL;delete;2026-09-15T17:39:05+00:00;20260915173905-ad8934
SAZ;delete;2026-09-15T17:39:09+00:00;20260915173909-59b191
SEP;keep;2026-09-15T17:40:07+00:00;20260915174007-3e20f1
TAX;delete;2026-09-15T18:16:27+00:00;20260915181627-94f456
TUI;delete;2026-09-15T18:16:41+00:00;20260915181641-0b73e7
UCA;delete;2026-09-15T18:16:43+00:00;20260915181643-ec24af
ULA;delete;2026-09-15T18:16:44+00:00;20260915181644-cb0624
URE;delete;2026-09-15T18:19:06+00:00;20260915181906-275c86
URO;delete;2026-09-15T18:19:07+00:00;20260915181907-9000fe
UTE;delete;2026-09-15T18:19:31+00:00;20260915181931-eb6ac2
UTO;delete;2026-09-15T18:19:32+00:00;20260915181932-39fa56
VES;delete;2026-09-15T18:19:36+00:00;20260915181936-24c165
ABBA;keep;2026-09-15T18:54:56+00:00;20260915185456-a43167
ABRE;delete;2026-09-15T18:55:00+00:00;20260915185500-e41af9
ACES;keep;2026-09-15T18:56:04+00:00;20260915185604-30abb9
ACRO;keep;2026-09-15T18:56:05+00:00;20260915185605-5ca266
ACRY;delete;2026-09-15T18:56:06+00:00;20260915185606-a27fd8
ACTI;delete;2026-09-15T18:56:08+00:00;20260915185608-82909e
ADAS;delete;2026-09-15T18:56:12+00:00;20260915185612-a87865
ADIL;keep;2026-09-15T18:56:13+00:00;20260915185613-a3b728
AEAU;delete;2026-09-15T18:56:14+00:00;20260915185614-1b068b
AERA;keep;2026-09-15T18:56:16+00:00;20260915185616-b7fcdb
AGAZ;delete;2026-09-15T18:56:17+00:00;20260915185617-22e160
AGUE;delete;2026-09-15T18:56:18+00:00;20260915185618-8a7a16
AILA;keep;2026-09-15T18:56:23+00:00;20260915185623-afc9dc
WAD;delete;2026-09-15T18:56:47+00:00;20260915185647-99f0ab
TAO;keep;2026-09-15T18:57:02+00:00;20260915185702-0e626c
TAO;undo;2026-09-15T18:57:06+00:00;20260915185702-0e626c
AILS;keep;2026-09-15T19:00:26+00:00;20260915190026-9107a1
AIRA;delete;2026-09-15T19:00:30+00:00;20260915190030-220c71
ALCO;delete;2026-09-15T20:30:34+00:00;20260915203034-0d186c
ALES;keep;2026-09-15T20:30:37+00:00;20260915203037-495958
ALII;delete;2026-09-15T20:30:42+00:00;20260915203042-aabc4a
ALUS;delete;2026-09-15T20:30:50+00:00;20260915203050-315069
AMAR;delete;2026-09-15T20:30:53+00:00;20260915203053-d59942
ANSA;delete;2026-09-15T20:31:10+00:00;20260915203110-30d481
APAR;delete;2026-09-15T20:31:16+00:00;20260915203116-fbfda2
APUS;delete;2026-09-15T20:31:21+00:00;20260915203121-4d0f10
AQUA;delete;2026-09-15T20:31:28+00:00;20260915203128-cd6b17
ARAB;delete;2026-09-15T20:31:29+00:00;20260915203129-c3c605
ARAI;delete;2026-09-15T20:31:48+00:00;20260915203148-724e7a
ARAT;delete;2026-09-15T20:31:50+00:00;20260915203150-85595d
ARDA;delete;2026-09-15T20:31:53+00:00;20260915203153-92c7c9
ARDA;undo;2026-09-15T20:31:56+00:00;20260915203153-92c7c9
ARDA;delete;2026-09-15T20:32:01+00:00;20260915203201-33e9f0
AREE;delete;2026-09-15T20:32:02+00:00;20260915203202-fb4e03
AREO;delete;2026-09-15T20:32:04+00:00;20260915203204-75c21c
AREZ;delete;2026-09-15T20:32:22+00:00;20260915203222-8d941e
ARER;delete;2026-09-15T20:32:22+00:00;20260915203222-8d941e
ARAIS;delete;2026-09-15T20:32:22+00:00;20260915203222-8d941e
ARAIT;delete;2026-09-15T20:32:22+00:00;20260915203222-8d941e
ARENT;delete;2026-09-15T20:32:22+00:00;20260915203222-8d941e
ARERA;delete;2026-09-15T20:32:22+00:00;20260915203222-8d941e
ARIEZ;delete;2026-09-15T20:32:22+00:00;20260915203222-8d941e
ARONS;delete;2026-09-15T20:32:22+00:00;20260915203222-8d941e
ARANT;delete;2026-09-15T20:32:22+00:00;20260915203222-8d941e
ARASSE;delete;2026-09-15T20:32:22+00:00;20260915203222-8d941e
ARATES;delete;2026-09-15T20:32:22+00:00;20260915203222-8d941e
ARERAI;delete;2026-09-15T20:32:22+00:00;20260915203222-8d941e
ARERAS;delete;2026-09-15T20:32:22+00:00;20260915203222-8d941e
AREREZ;delete;2026-09-15T20:32:22+00:00;20260915203222-8d941e
ARAIENT;delete;2026-09-15T20:32:22+00:00;20260915203222-8d941e
ARASSES;delete;2026-09-15T20:32:22+00:00;20260915203222-8d941e
ARERAIS;delete;2026-09-15T20:32:22+00:00;20260915203222-8d941e
ARERAIT;delete;2026-09-15T20:32:22+00:00;20260915203222-8d941e
ARERENT;delete;2026-09-15T20:32:22+00:00;20260915203222-8d941e
ARERIEZ;delete;2026-09-15T20:32:22+00:00;20260915203222-8d941e
ARERONS;delete;2026-09-15T20:32:22+00:00;20260915203222-8d941e
ARERONT;delete;2026-09-15T20:32:22+00:00;20260915203222-8d941e
ARASSENT;delete;2026-09-15T20:32:22+00:00;20260915203222-8d941e
ARASSIEZ;delete;2026-09-15T20:32:22+00:00;20260915203222-8d941e
ARERIONS;delete;2026-09-15T20:32:22+00:00;20260915203222-8d941e
ARASSIONS;delete;2026-09-15T20:32:22+00:00;20260915203222-8d941e
ARERAIENT;delete;2026-09-15T20:32:22+00:00;20260915203222-8d941e
ARNI;delete;2026-09-15T20:32:31+00:00;20260915203231-7827b6
ARNR;delete;2026-09-15T20:32:35+00:00;20260915203235-b0f9b3
ARNS;delete;2026-09-15T20:32:35+00:00;20260915203235-ae02bc
ARYL;delete;2026-09-15T20:32:37+00:00;20260915203237-7023cf
ASAC;delete;2026-09-15T20:32:38+00:00;20260915203238-44026b
ASDE;delete;2026-09-15T20:32:40+00:00;20260915203240-4de396
ASDU;delete;2026-09-15T20:32:41+00:00;20260915203241-683be2
ASES;delete;2026-09-15T20:32:46+00:00;20260915203246-a234e2
ATTA;delete;2026-09-15T20:32:47+00:00;20260915203247-b06818
AUNA;delete;2026-09-15T20:33:00+00:00;20260915203300-d921d0
AUNAI;delete;2026-09-15T20:33:00+00:00;20260915203300-d921d0
AUNAS;delete;2026-09-15T20:33:00+00:00;20260915203300-d921d0
AUNAT;delete;2026-09-15T20:33:00+00:00;20260915203300-d921d0
AUNEZ;delete;2026-09-15T20:33:00+00:00;20260915203300-d921d0
AUNEE;delete;2026-09-15T20:33:00+00:00;20260915203300-d921d0
AUNER;delete;2026-09-15T20:33:00+00:00;20260915203300-d921d0
AUNAIT;delete;2026-09-15T20:33:00+00:00;20260915203300-d921d0
AUNANT;delete;2026-09-15T20:33:00+00:00;20260915203300-d921d0
AUNENT;delete;2026-09-15T20:33:00+00:00;20260915203300-d921d0
AUNERA;delete;2026-09-15T20:33:00+00:00;20260915203300-d921d0
AUNIEZ;delete;2026-09-15T20:33:00+00:00;20260915203300-d921d0
AUNONS;delete;2026-09-15T20:33:00+00:00;20260915203300-d921d0
AUNAIS;delete;2026-09-15T20:33:00+00:00;20260915203300-d921d0
AUNAMES;delete;2026-09-15T20:33:00+00:00;20260915203300-d921d0
AUNASSE;delete;2026-09-15T20:33:00+00:00;20260915203300-d921d0
AUNATES;delete;2026-09-15T20:33:00+00:00;20260915203300-d921d0
AUNERAI;delete;2026-09-15T20:33:00+00:00;20260915203300-d921d0
AUNERAS;delete;2026-09-15T20:33:00+00:00;20260915203300-d921d0
AUNEREZ;delete;2026-09-15T20:33:00+00:00;20260915203300-d921d0
AUNIONS;delete;2026-09-15T20:33:00+00:00;20260915203300-d921d0
AUNAIENT;delete;2026-09-15T20:33:00+00:00;20260915203300-d921d0
AUNASSES;delete;2026-09-15T20:33:00+00:00;20260915203300-d921d0
AUNERAIS;delete;2026-09-15T20:33:00+00:00;20260915203300-d921d0
AUNERAIT;delete;2026-09-15T20:33:00+00:00;20260915203300-d921d0
AUNERENT;delete;2026-09-15T20:33:00+00:00;20260915203300-d921d0
AUNERIEZ;delete;2026-09-15T20:33:00+00:00;20260915203300-d921d0
AUNERONS;delete;2026-09-15T20:33:00+00:00;20260915203300-d921d0
AUNERONT;delete;2026-09-15T20:33:00+00:00;20260915203300-d921d0
AUNASSENT;delete;2026-09-15T20:33:00+00:00;20260915203300-d921d0
AUNASSIEZ;delete;2026-09-15T20:33:00+00:00;20260915203300-d921d0
AUNERIONS;delete;2026-09-15T20:33:00+00:00;20260915203300-d921d0
AUNASSIONS;delete;2026-09-15T20:33:00+00:00;20260915203300-d921d0
AUNERAIENT;delete;2026-09-15T20:33:00+00:00;20260915203300-d921d0
AURO;delete;2026-09-15T20:33:02+00:00;20260915203302-83cb98
AVIO;delete;2026-09-15T20:33:03+00:00;20260915203303-b54e76
AVIT;delete;2026-09-15T20:33:10+00:00;20260915203310-0f4300
AVIR;delete;2026-09-15T20:33:10+00:00;20260915203310-0f4300
AVIRA;delete;2026-09-15T20:33:10+00:00;20260915203310-0f4300
AVIMES;delete;2026-09-15T20:33:10+00:00;20260915203310-0f4300
AVIRAI;delete;2026-09-15T20:33:10+00:00;20260915203310-0f4300
AVIRAS;delete;2026-09-15T20:33:10+00:00;20260915203310-0f4300
AVIREZ;delete;2026-09-15T20:33:10+00:00;20260915203310-0f4300
AVISSE;delete;2026-09-15T20:33:10+00:00;20260915203310-0f4300
AVITES;delete;2026-09-15T20:33:10+00:00;20260915203310-0f4300
AVIRAIS;delete;2026-09-15T20:33:10+00:00;20260915203310-0f4300
AVIRAIT;delete;2026-09-15T20:33:10+00:00;20260915203310-0f4300
AVIRENT;delete;2026-09-15T20:33:10+00:00;20260915203310-0f4300
AVIRIEZ;delete;2026-09-15T20:33:10+00:00;20260915203310-0f4300
AVIRONT;delete;2026-09-15T20:33:10+00:00;20260915203310-0f4300
AVISSES;delete;2026-09-15T20:33:10+00:00;20260915203310-0f4300
AVISSEZ;delete;2026-09-15T20:33:10+00:00;20260915203310-0f4300
AVIRIONS;delete;2026-09-15T20:33:10+00:00;20260915203310-0f4300
AVISSAIS;delete;2026-09-15T20:33:10+00:00;20260915203310-0f4300
AVISSAIT;delete;2026-09-15T20:33:10+00:00;20260915203310-0f4300
AVISSANT;delete;2026-09-15T20:33:10+00:00;20260915203310-0f4300
AVISSENT;delete;2026-09-15T20:33:10+00:00;20260915203310-0f4300
AVISSIEZ;delete;2026-09-15T20:33:10+00:00;20260915203310-0f4300
AVISSONS;delete;2026-09-15T20:33:10+00:00;20260915203310-0f4300
AVIRAIENT;delete;2026-09-15T20:33:10+00:00;20260915203310-0f4300
AVISSIONS;delete;2026-09-15T20:33:10+00:00;20260915203310-0f4300
AVISSAIENT;delete;2026-09-15T20:33:10+00:00;20260915203310-0f4300
AVOS;delete;2026-09-15T20:33:27+00:00;20260915203327-c5d339
AXAI;keep;2026-09-15T20:33:34+00:00;20260915203334-58b109
AXAS;keep;2026-09-15T20:33:36+00:00;20260915203336-cfc9f1
AXAT;keep;2026-09-15T20:33:37+00:00;20260915203337-f91ec9
AXEZ;keep;2026-09-15T20:33:38+00:00;20260915203338-56477b
WOK;keep;2026-09-16T04:40:09+00:00;20260916044009-4e8071
AYES;delete;2026-09-16T04:40:22+00:00;20260916044022-2c3fc1
BABS;delete;2026-09-16T04:40:27+00:00;20260916044027-a43ae6
BARO;delete;2026-09-16T04:40:29+00:00;20260916044029-4b54f8
BAYA;delete;2026-09-16T04:41:48+00:00;20260916044148-6bd7c7
BAYE;delete;2026-09-16T04:41:48+00:00;20260916044148-6bd7c7
BAYAI;delete;2026-09-16T04:41:48+00:00;20260916044148-6bd7c7
BAYAS;delete;2026-09-16T04:41:48+00:00;20260916044148-6bd7c7
BAYAT;delete;2026-09-16T04:41:48+00:00;20260916044148-6bd7c7
BAYES;delete;2026-09-16T04:41:48+00:00;20260916044148-6bd7c7
BAYEZ;delete;2026-09-16T04:41:48+00:00;20260916044148-6bd7c7
BAYER;delete;2026-09-16T04:41:48+00:00;20260916044148-6bd7c7
BAYAIS;delete;2026-09-16T04:41:48+00:00;20260916044148-6bd7c7
BAYAIT;delete;2026-09-16T04:41:48+00:00;20260916044148-6bd7c7
BAYENT;delete;2026-09-16T04:41:48+00:00;20260916044148-6bd7c7
BAYERA;delete;2026-09-16T04:41:48+00:00;20260916044148-6bd7c7
BAYIEZ;delete;2026-09-16T04:41:48+00:00;20260916044148-6bd7c7
BAYONS;delete;2026-09-16T04:41:48+00:00;20260916044148-6bd7c7
BAYANT;delete;2026-09-16T04:41:48+00:00;20260916044148-6bd7c7
BAYAMES;delete;2026-09-16T04:41:48+00:00;20260916044148-6bd7c7
BAYATES;delete;2026-09-16T04:41:48+00:00;20260916044148-6bd7c7
BAYERAI;delete;2026-09-16T04:41:48+00:00;20260916044148-6bd7c7
BAYERAS;delete;2026-09-16T04:41:48+00:00;20260916044148-6bd7c7
BAYEREZ;delete;2026-09-16T04:41:48+00:00;20260916044148-6bd7c7
BAYIONS;delete;2026-09-16T04:41:48+00:00;20260916044148-6bd7c7
BAYASSE;delete;2026-09-16T04:41:48+00:00;20260916044148-6bd7c7
BAYERAIS;delete;2026-09-16T04:41:48+00:00;20260916044148-6bd7c7
BAYERAIT;delete;2026-09-16T04:41:48+00:00;20260916044148-6bd7c7
BAYERENT;delete;2026-09-16T04:41:48+00:00;20260916044148-6bd7c7
BAYERIEZ;delete;2026-09-16T04:41:48+00:00;20260916044148-6bd7c7
BAYERONS;delete;2026-09-16T04:41:48+00:00;20260916044148-6bd7c7
BAYERONT;delete;2026-09-16T04:41:48+00:00;20260916044148-6bd7c7
BAYAIENT;delete;2026-09-16T04:41:48+00:00;20260916044148-6bd7c7
BAYASSENT;delete;2026-09-16T04:41:48+00:00;20260916044148-6bd7c7
BAYASSIEZ;delete;2026-09-16T04:41:48+00:00;20260916044148-6bd7c7
BAYERIONS;delete;2026-09-16T04:41:48+00:00;20260916044148-6bd7c7
BAYASSIONS;delete;2026-09-16T04:41:48+00:00;20260916044148-6bd7c7
BAYERAIENT;delete;2026-09-16T04:41:48+00:00;20260916044148-6bd7c7
BEAI;delete;2026-09-16T04:41:53+00:00;20260916044153-293280
BEAS;delete;2026-09-16T04:42:08+00:00;20260916044208-b51a80
BEDA;delete;2026-09-16T04:42:09+00:00;20260916044209-2ee896
BEEZ;delete;2026-09-16T04:42:12+00:00;20260916044212-681d1d
BELA;keep;2026-09-16T04:42:15+00:00;20260916044215-abf27d
BELL;delete;2026-09-16T04:42:20+00:00;20260916044220-2d5d71
BELS;delete;2026-09-16T04:42:21+00:00;20260916044221-74b350
BEYS;delete;2026-09-16T04:42:22+00:00;20260916044222-59d335
BISA;delete;2026-09-16T04:42:23+00:00;20260916044223-247d69
BITA;delete;2026-09-16T04:42:27+00:00;20260916044227-52ecae
BIXA;delete;2026-09-16T04:42:28+00:00;20260916044228-95dd09
BLEA;delete;2026-09-16T04:42:28+00:00;20260916044228-08b834
BLEE;delete;2026-09-16T04:42:29+00:00;20260916044229-8789b7
BOPS;delete;2026-09-16T04:42:30+00:00;20260916044230-cead78
BORG;delete;2026-09-16T04:42:31+00:00;20260916044231-afcc4a
BOTS;keep;2026-09-16T04:42:34+00:00;20260916044234-9aab9e
BREL;keep;2026-09-16T04:42:37+00:00;20260916044237-a9b6b0
BREU;delete;2026-09-16T04:42:38+00:00;20260916044238-97c053
BRIA;delete;2026-09-16T04:42:44+00:00;20260916044244-be69d3
BRUI;delete;2026-09-16T04:42:45+00:00;20260916044245-bc888d
BUA;delete;2026-09-16T04:43:21+00:00;20260916044321-aeaf04
BUAI;delete;2026-09-16T04:43:21+00:00;20260916044321-aeaf04
BUAS;delete;2026-09-16T04:43:21+00:00;20260916044321-aeaf04
BUAT;delete;2026-09-16T04:43:21+00:00;20260916044321-aeaf04
BUEZ;delete;2026-09-16T04:43:21+00:00;20260916044321-aeaf04
BUER;delete;2026-09-16T04:43:21+00:00;20260916044321-aeaf04
BUAIS;delete;2026-09-16T04:43:21+00:00;20260916044321-aeaf04
BUAIT;delete;2026-09-16T04:43:21+00:00;20260916044321-aeaf04
BUANT;delete;2026-09-16T04:43:21+00:00;20260916044321-aeaf04
BUENT;delete;2026-09-16T04:43:21+00:00;20260916044321-aeaf04
BUERA;delete;2026-09-16T04:43:21+00:00;20260916044321-aeaf04
BUIEZ;delete;2026-09-16T04:43:21+00:00;20260916044321-aeaf04
BUONS;delete;2026-09-16T04:43:21+00:00;20260916044321-aeaf04
BUAMES;delete;2026-09-16T04:43:21+00:00;20260916044321-aeaf04
BUASSE;delete;2026-09-16T04:43:21+00:00;20260916044321-aeaf04
BUATES;delete;2026-09-16T04:43:21+00:00;20260916044321-aeaf04
BUERAI;delete;2026-09-16T04:43:21+00:00;20260916044321-aeaf04
BUERAS;delete;2026-09-16T04:43:21+00:00;20260916044321-aeaf04
BUEREZ;delete;2026-09-16T04:43:21+00:00;20260916044321-aeaf04
BUIONS;delete;2026-09-16T04:43:21+00:00;20260916044321-aeaf04
BUAIENT;delete;2026-09-16T04:43:21+00:00;20260916044321-aeaf04
BUASSES;delete;2026-09-16T04:43:21+00:00;20260916044321-aeaf04
BUERAIS;delete;2026-09-16T04:43:21+00:00;20260916044321-aeaf04
BUERAIT;delete;2026-09-16T04:43:21+00:00;20260916044321-aeaf04
BUERENT;delete;2026-09-16T04:43:21+00:00;20260916044321-aeaf04
BUERIEZ;delete;2026-09-16T04:43:21+00:00;20260916044321-aeaf04
BUERONS;delete;2026-09-16T04:43:21+00:00;20260916044321-aeaf04
BUERONT;delete;2026-09-16T04:43:21+00:00;20260916044321-aeaf04
BUASSENT;delete;2026-09-16T04:43:21+00:00;20260916044321-aeaf04
BUASSIEZ;delete;2026-09-16T04:43:21+00:00;20260916044321-aeaf04
BUERIONS;delete;2026-09-16T04:43:21+00:00;20260916044321-aeaf04
BUASSIONS;delete;2026-09-16T04:43:21+00:00;20260916044321-aeaf04
BUERAIENT;delete;2026-09-16T04:43:21+00:00;20260916044321-aeaf04
BULB;delete;2026-09-16T14:39:32+00:00;20260916143932-13551f
CACO;delete;2026-09-16T14:39:34+00:00;20260916143934-56024c
CAMS;delete;2026-09-16T14:39:36+00:00;20260916143936-f7a824
CANS;delete;2026-09-16T14:39:39+00:00;20260916143939-4a6045
CARA;delete;2026-09-16T14:39:43+00:00;20260916143943-b41e47
CATS;delete;2026-09-16T14:39:47+00:00;20260916143947-b841f5
CDDE;delete;2026-09-16T14:39:48+00:00;20260916143948-d5b2cc
CETO;delete;2026-09-16T14:39:49+00:00;20260916143949-261787
CINI;delete;2026-09-16T14:39:50+00:00;20260916143950-cdec99
CLIO;keep;2026-09-16T14:39:56+00:00;20260916143956-c462c3
CMDE;delete;2026-09-16T14:39:57+00:00;20260916143957-605e4f
CNRS;keep;2026-09-16T14:40:01+00:00;20260916144001-c0be2e
COBS;delete;2026-09-16T14:40:02+00:00;20260916144002-ddfa4c
COEN;delete;2026-09-16T14:40:03+00:00;20260916144003-1892fc
CONA;delete;2026-09-16T14:40:03+00:00;20260916144003-f25632
COTI;delete;2026-09-16T14:40:07+00:00;20260916144007-2293e2
COXO;delete;2026-09-16T14:40:09+00:00;20260916144009-0c8949
CRYO;delete;2026-09-16T14:40:10+00:00;20260916144010-ba8442
CUBA;keep;2026-09-16T14:40:11+00:00;20260916144011-55c9e1
CULA;delete;2026-09-16T14:40:13+00:00;20260916144013-ec1ba6
CUON;delete;2026-09-16T14:40:14+00:00;20260916144014-7ac3d1
CUTA;delete;2026-09-16T14:40:21+00:00;20260916144021-2156b9
CUVA;keep;2026-09-16T14:40:35+00:00;20260916144035-0fd089
CYTO;delete;2026-09-16T14:40:37+00:00;20260916144037-a5a5a8
DAFF;delete;2026-09-16T14:40:38+00:00;20260916144038-abdaf2
DAIA;delete;2026-09-16T14:40:39+00:00;20260916144039-a784aa
DAIE;delete;2026-09-16T14:40:40+00:00;20260916144040-211446
DALI;keep;2026-09-16T14:40:44+00:00;20260916144044-ddec2c
DAMA;keep;2026-09-16T14:40:47+00:00;20260916144047-06dda3
DAWS;delete;2026-09-16T14:40:54+00:00;20260916144054-befba9
DEAN;delete;2026-09-16T14:40:55+00:00;20260916144055-8498d4
DEDE;delete;2026-09-16T14:40:57+00:00;20260916144057-b52147
DEVI;delete;2026-09-16T14:40:58+00:00;20260916144058-0bd88d
DEYS;delete;2026-09-16T14:41:00+00:00;20260916144100-32fd29
DIAZ;delete;2026-09-16T14:41:01+00:00;20260916144101-a4fee2
DIMA;delete;2026-09-16T14:41:02+00:00;20260916144102-2c571b
DION;delete;2026-09-16T14:41:04+00:00;20260916144104-58ddd6
DIXA;delete;2026-09-16T14:41:05+00:00;20260916144105-d2947a
DOAB;delete;2026-09-16T14:41:05+00:00;20260916144105-fad649
DOLA;delete;2026-09-16T14:41:07+00:00;20260916144107-5dd832
DOPA;delete;2026-09-16T14:41:08+00:00;20260916144108-5ac01a
DOPA;undo;2026-09-16T14:41:10+00:00;20260916144108-5ac01a
DOPA;keep;2026-09-16T14:41:11+00:00;20260916144111-427036
DOPS;delete;2026-09-16T14:41:13+00:00;20260916144113-a22400
DOSA;keep;2026-09-16T14:41:17+00:00;20260916144117-5bae8a
DOUA;delete;2026-09-16T14:41:22+00:00;20260916144122-a55863
DRUM;delete;2026-09-16T14:41:28+00:00;20260916144128-aee571
DRYS;delete;2026-09-16T14:41:31+00:00;20260916144131-75ec4c
DUPA;keep;2026-09-16T14:41:36+00:00;20260916144136-b0f224
DYAL;delete;2026-09-16T14:41:36+00:00;20260916144136-4bc4fc
ECHA;delete;2026-09-16T14:41:40+00:00;20260916144140-0dff08
ECOR;delete;2026-09-16T14:41:41+00:00;20260916144141-1fb9fc
ECTO;delete;2026-09-16T14:41:43+00:00;20260916144143-333521
EDGE;delete;2026-09-16T14:41:44+00:00;20260916144144-60428b
ELUA;delete;2026-09-16T15:09:34+00:00;20260916150934-d35a4a
EMIA;delete;2026-09-16T15:09:37+00:00;20260916150937-113a87
EMIE;delete;2026-09-16T15:09:41+00:00;20260916150941-503548
EMIE;undo;2026-09-16T15:09:44+00:00;20260916150941-503548
EMIA;undo;2026-09-16T15:09:50+00:00;20260916150937-113a87
EMIA;delete;2026-09-16T15:09:53+00:00;20260916150953-0ba1bf
EMIE;delete;2026-09-16T15:09:54+00:00;20260916150954-e5d46e
ENAS;delete;2026-09-16T15:09:55+00:00;20260916150955-ed3589
ENEO;delete;2026-09-16T15:09:55+00:00;20260916150955-99f767
ENSI;delete;2026-09-16T15:09:57+00:00;20260916150957-ec86b9
ENTO;delete;2026-09-16T15:09:57+00:00;20260916150957-a0e565
EONS;delete;2026-09-16T15:11:58+00:00;20260916151158-caa33d
EOUD;delete;2026-09-16T15:11:59+00:00;20260916151159-75f84c
ERYX;delete;2026-09-16T15:11:59+00:00;20260916151159-ecca44
ESTA;keep;2026-09-16T15:12:20+00:00;20260916151220-523f49
ETHY;delete;2026-09-16T15:12:21+00:00;20260916151221-e0352f
ETIO;delete;2026-09-16T15:12:22+00:00;20260916151222-c3ea86
EVAX;delete;2026-09-16T15:12:24+00:00;20260916151224-468c0e
EVER;delete;2026-09-16T15:12:26+00:00;20260916151226-31a28a
EVES;delete;2026-09-16T15:13:22+00:00;20260916151322-924855
FACA;delete;2026-09-16T15:13:38+00:00;20260916151338-41b9ce
FACA;undo;2026-09-16T15:13:39+00:00;20260916151338-41b9ce
FACA;delete;2026-09-16T15:13:45+00:00;20260916151345-200f71
FARS;keep;2026-09-16T15:14:29+00:00;20260916151429-f332da
FAXA;keep;2026-09-16T15:14:32+00:00;20260916151432-7ebf8e
FDEL;delete;2026-09-16T15:14:34+00:00;20260916151434-f009cd
FECO;delete;2026-09-16T15:14:34+00:00;20260916151434-a4c0a7
FEET;delete;2026-09-16T15:14:35+00:00;20260916151435-8b5611
FEST;delete;2026-09-16T15:14:35+00:00;20260916151435-fbbf79
FIAI;keep;2026-09-16T15:14:39+00:00;20260916151439-d8d644
FICS;delete;2026-09-16T15:14:49+00:00;20260916151449-031c42
FILI;delete;2026-09-16T15:19:33+00:00;20260916151933-8bf0ba
FIMA;delete;2026-09-16T15:19:35+00:00;20260916151935-e6e864
FITI;delete;2026-09-16T15:19:36+00:00;20260916151936-b786ea
FLUA;keep;2026-09-16T15:19:39+00:00;20260916151939-b1a363
FORA;keep;2026-09-16T15:19:42+00:00;20260916151942-e6d5ad
FORD;keep;2026-09-16T15:19:43+00:00;20260916151943-39c2ac
FUNA;delete;2026-09-16T15:19:45+00:00;20260916151945-b8c80b
FUSO;delete;2026-09-16T15:19:46+00:00;20260916151946-04603a
GALS;delete;2026-09-16T15:19:48+00:00;20260916151948-a61b59
GAPS;delete;2026-09-16T15:19:53+00:00;20260916151953-7c8abf
GAZA;keep;2026-09-16T15:19:54+00:00;20260916151954-bd7e92
GAZI;delete;2026-09-16T15:19:56+00:00;20260916151956-c4e523
GENO;delete;2026-09-16T15:19:57+00:00;20260916151957-ea7717
GENU;delete;2026-09-16T15:19:58+00:00;20260916151958-c32afb
GEOS;delete;2026-09-16T15:20:02+00:00;20260916152002-65b06a
GIRA;delete;2026-09-16T15:20:08+00:00;20260916152008-10a1c2
GIRS;delete;2026-09-16T15:20:09+00:00;20260916152009-96ff68
GLIO;delete;2026-09-16T15:20:10+00:00;20260916152010-71fc15
GLUA;keep;2026-09-16T15:20:12+00:00;20260916152012-6497fc
GOIM;delete;2026-09-16T15:20:15+00:00;20260916152015-da5893
GOIS;delete;2026-09-16T15:20:17+00:00;20260916152017-90d3d2
GOIS;undo;2026-09-16T15:20:19+00:00;20260916152017-90d3d2
GOIS;delete;2026-09-16T15:20:22+00:00;20260916152022-5a490c
GONS;delete;2026-09-16T15:20:24+00:00;20260916152024-82c628
GOWN;delete;2026-09-16T15:20:25+00:00;20260916152025-a4026e
GREA;keep;2026-09-16T15:20:27+00:00;20260916152027-9c6039
GREG;delete;2026-09-16T15:20:28+00:00;20260916152028-48f56b
GRUA;keep;2026-09-16T15:20:30+00:00;20260916152030-e6d7dd
GUEA;delete;2026-09-16T15:20:34+00:00;20260916152034-37c2cf
GUEE;delete;2026-09-16T15:20:36+00:00;20260916152036-e963d1
GUES;keep;2026-09-16T15:20:39+00:00;20260916152039-109b1a
GUIS;keep;2026-09-16T15:20:45+00:00;20260916152045-36dc16
GYMS;keep;2026-09-16T15:20:46+00:00;20260916152046-cd21ff
GYNO;delete;2026-09-16T15:20:49+00:00;20260916152049-f43794
GYRA;delete;2026-09-16T15:20:51+00:00;20260916152051-007248
GYRA;undo;2026-09-16T15:20:53+00:00;20260916152051-007248
GYRA;keep;2026-09-16T15:20:58+00:00;20260916152058-bc0a79
GYRS;delete;2026-09-16T15:21:00+00:00;20260916152100-911a48
HAFF;delete;2026-09-16T15:21:01+00:00;20260916152101-23071d
HAHN;delete;2026-09-16T15:21:02+00:00;20260916152102-0da2c0
HARA;delete;2026-09-16T15:21:03+00:00;20260916152103-c8bd09
HAVA;delete;2026-09-16T15:21:06+00:00;20260916152106-418d70
HAVI;delete;2026-09-16T15:21:07+00:00;20260916152107-27a868
HEMO;delete;2026-09-16T15:21:08+00:00;20260916152108-993b15
HEUX;delete;2026-09-16T15:21:10+00:00;20260916152110-55b0ba
HIES;delete;2026-09-16T15:21:11+00:00;20260916152111-ec2844
HILL;delete;2026-09-16T15:21:11+00:00;20260916152111-bf56e7
HOLE;delete;2026-09-16T15:21:12+00:00;20260916152112-e89f2f
HOLO;delete;2026-09-16T15:21:13+00:00;20260916152113-6be871
HOLO;undo;2026-09-16T15:21:16+00:00;20260916152113-6be871
HOLO;keep;2026-09-16T15:21:24+00:00;20260916152124-4ff05c
HONK;delete;2026-09-16T15:21:25+00:00;20260916152125-37b44a
HONK;undo;2026-09-16T15:21:30+00:00;20260916152125-37b44a
HOLO;undo;2026-09-16T15:21:30+00:00;20260916152124-4ff05c
HOLO;delete;2026-09-16T15:21:32+00:00;20260916152132-cef47a
HONK;delete;2026-09-16T15:21:33+00:00;20260916152133-bdd1a9
HUAI;keep;2026-09-16T15:21:35+00:00;20260916152135-8db42e
HUAS;keep;2026-09-16T15:21:36+00:00;20260916152136-b2a34e
HUAT;keep;2026-09-16T15:21:37+00:00;20260916152137-204343
HUIA;delete;2026-09-16T15:21:40+00:00;20260916152140-1ef618
HUMS;delete;2026-09-16T15:21:41+00:00;20260916152141-52f468
HUVE;delete;2026-09-16T15:21:42+00:00;20260916152142-c3d5c5
HYAS;delete;2026-09-16T15:21:43+00:00;20260916152143-64b805
ICIA;delete;2026-09-16T15:21:43+00:00;20260916152143-2184d8
IDEA;delete;2026-09-16T15:21:46+00:00;20260916152146-a815e2
IDEO;delete;2026-09-16T15:21:47+00:00;20260916152147-b54d0d
IDIE;delete;2026-09-16T15:21:48+00:00;20260916152148-cce4d4
IDIO;delete;2026-09-16T15:21:48+00:00;20260916152148-778a93
IEME;delete;2026-09-16T15:21:49+00:00;20260916152149-b583b2
ILEO;delete;2026-09-16T15:21:50+00:00;20260916152150-4029ad
ILER;delete;2026-09-16T15:21:50+00:00;20260916152150-dd454d
ILIO;delete;2026-09-16T15:21:51+00:00;20260916152151-5a270a
INCH;delete;2026-09-16T15:21:52+00:00;20260916152152-e211c1
INOS;delete;2026-09-16T15:21:52+00:00;20260916152152-ea7081
IODA;keep;2026-09-16T15:21:54+00:00;20260916152154-d84a3f
IODO;delete;2026-09-16T15:21:56+00:00;20260916152156-8c8f76
IORA;delete;2026-09-16T15:21:56+00:00;20260916152156-30559e
ITEA;delete;2026-09-16T15:21:57+00:00;20260916152157-23c046
IXE;delete;2026-09-16T15:22:05+00:00;20260916152205-870c06
IXAI;delete;2026-09-16T15:22:05+00:00;20260916152205-870c06
IXAS;delete;2026-09-16T15:22:05+00:00;20260916152205-870c06
IXAT;delete;2026-09-16T15:22:05+00:00;20260916152205-870c06
IXEE;delete;2026-09-16T15:22:05+00:00;20260916152205-870c06
IXES;delete;2026-09-16T15:22:05+00:00;20260916152205-870c06
IXEZ;delete;2026-09-16T15:22:05+00:00;20260916152205-870c06
IXER;delete;2026-09-16T15:22:05+00:00;20260916152205-870c06
IXAIS;delete;2026-09-16T15:22:05+00:00;20260916152205-870c06
IXAIT;delete;2026-09-16T15:22:05+00:00;20260916152205-870c06
IXANT;delete;2026-09-16T15:22:05+00:00;20260916152205-870c06
IXEES;delete;2026-09-16T15:22:05+00:00;20260916152205-870c06
IXENT;delete;2026-09-16T15:22:05+00:00;20260916152205-870c06
IXERA;delete;2026-09-16T15:22:05+00:00;20260916152205-870c06
IXIEZ;delete;2026-09-16T15:22:05+00:00;20260916152205-870c06
IXONS;delete;2026-09-16T15:22:05+00:00;20260916152205-870c06
IXAMES;delete;2026-09-16T15:22:05+00:00;20260916152205-870c06
IXASSE;delete;2026-09-16T15:22:05+00:00;20260916152205-870c06
IXATES;delete;2026-09-16T15:22:05+00:00;20260916152205-870c06
IXERAI;delete;2026-09-16T15:22:05+00:00;20260916152205-870c06
IXERAS;delete;2026-09-16T15:22:05+00:00;20260916152205-870c06
IXEREZ;delete;2026-09-16T15:22:05+00:00;20260916152205-870c06
IXIONS;delete;2026-09-16T15:22:05+00:00;20260916152205-870c06
IXAIENT;delete;2026-09-16T15:22:05+00:00;20260916152205-870c06
IXASSES;delete;2026-09-16T15:22:05+00:00;20260916152205-870c06
IXERAIS;delete;2026-09-16T15:22:05+00:00;20260916152205-870c06
IXERAIT;delete;2026-09-16T15:22:05+00:00;20260916152205-870c06
IXERENT;delete;2026-09-16T15:22:05+00:00;20260916152205-870c06
IXERIEZ;delete;2026-09-16T15:22:05+00:00;20260916152205-870c06
IXERONS;delete;2026-09-16T15:22:05+00:00;20260916152205-870c06
IXERONT;delete;2026-09-16T15:22:05+00:00;20260916152205-870c06
IXASSENT;delete;2026-09-16T15:22:05+00:00;20260916152205-870c06
IXASSIEZ;delete;2026-09-16T15:22:05+00:00;20260916152205-870c06
IXERIONS;delete;2026-09-16T15:22:05+00:00;20260916152205-870c06
IXASSIONS;delete;2026-09-16T15:22:05+00:00;20260916152205-870c06
IXERAIENT;delete;2026-09-16T15:22:05+00:00;20260916152205-870c06
JASA;delete;2026-09-16T15:24:48+00:00;20260916152448-2c07ec
JIGS;delete;2026-09-16T15:24:48+00:00;20260916152448-503374
JOHN;delete;2026-09-16T15:24:49+00:00;20260916152449-be0f5d
JOLY;delete;2026-09-16T15:24:50+00:00;20260916152450-d59df1
JUMP;delete;2026-09-16T15:24:52+00:00;20260916152452-4e07bc
KANS;delete;2026-09-16T15:24:53+00:00;20260916152453-b61a4f
KEAS;delete;2026-09-16T15:24:56+00:00;20260916152456-fb0246
KENS;delete;2026-09-16T15:24:57+00:00;20260916152457-5ed6c6
KGDE;delete;2026-09-16T15:24:58+00:00;20260916152458-26a325
KIEV;delete;2026-09-16T15:24:59+00:00;20260916152459-041183
KMDE;delete;2026-09-16T15:25:00+00:00;20260916152500-1ce7a0
KMDE;undo;2026-09-16T15:25:02+00:00;20260916152500-1ce7a0
KIEV;undo;2026-09-16T15:25:02+00:00;20260916152459-041183
KIEV;keep;2026-09-16T15:25:03+00:00;20260916152503-ba9d5b
KMDE;delete;2026-09-16T15:25:04+00:00;20260916152504-06857b
KOBO;delete;2026-09-16T15:25:04+00:00;20260916152504-3483f0
KOBS;delete;2026-09-16T15:25:12+00:00;20260916152512-5704c1
KRON;delete;2026-09-16T15:25:14+00:00;20260916152514-73352c
LANG;delete;2026-09-16T15:25:15+00:00;20260916152515-3e2be1
LAPA;keep;2026-09-16T15:25:21+00:00;20260916152521-de5567
LEAU;delete;2026-09-16T15:25:22+00:00;20260916152522-bd8c65
LEIA;delete;2026-09-16T15:25:23+00:00;20260916152523-9e08ab
LEKS;delete;2026-09-16T15:25:24+00:00;20260916152524-1013ce
LEMA;delete;2026-09-16T15:25:25+00:00;20260916152525-ff16e6
LEMS;delete;2026-09-16T15:25:25+00:00;20260916152525-7b6231
LESA;delete;2026-09-16T15:25:26+00:00;20260916152526-7d1d61
LESA;undo;2026-09-16T15:25:27+00:00;20260916152526-7d1d61
LESA;keep;2026-09-16T15:25:29+00:00;20260916152529-664988
LEVO;delete;2026-09-16T15:25:31+00:00;20260916152531-b533fb
LINA;delete;2026-09-16T15:25:31+00:00;20260916152531-ec0a34
LISA;delete;2026-09-16T15:25:38+00:00;20260916152538-067ff8
LISAI;delete;2026-09-16T15:25:38+00:00;20260916152538-067ff8
LISAS;delete;2026-09-16T15:25:38+00:00;20260916152538-067ff8
LISAT;delete;2026-09-16T15:25:38+00:00;20260916152538-067ff8
LISEE;delete;2026-09-16T15:25:38+00:00;20260916152538-067ff8
LISER;delete;2026-09-16T15:25:38+00:00;20260916152538-067ff8
LISEES;delete;2026-09-16T15:25:38+00:00;20260916152538-067ff8
LISAMES;delete;2026-09-16T15:25:38+00:00;20260916152538-067ff8
LISASSE;delete;2026-09-16T15:25:38+00:00;20260916152538-067ff8
LISATES;delete;2026-09-16T15:25:38+00:00;20260916152538-067ff8
LISASSES;delete;2026-09-16T15:25:38+00:00;20260916152538-067ff8
LISERONT;delete;2026-09-16T15:25:38+00:00;20260916152538-067ff8
LISASSENT;delete;2026-09-16T15:25:38+00:00;20260916152538-067ff8
LISASSIEZ;delete;2026-09-16T15:25:38+00:00;20260916152538-067ff8
LISASSIONS;delete;2026-09-16T15:25:38+00:00;20260916152538-067ff8
LOBA;keep;2026-09-16T15:25:43+00:00;20260916152543-215751
LOCI;delete;2026-09-16T15:25:44+00:00;20260916152544-77cc9d
LOFA;delete;2026-09-16T15:25:48+00:00;20260916152548-b894e7
LOFS;delete;2026-09-16T15:25:49+00:00;20260916152549-a2c5f7
LOGS;keep;2026-09-16T15:25:58+00:00;20260916152558-4ac3b5
LUNA;delete;2026-09-16T15:26:08+00:00;20260916152608-ea3f8e
LUOS;delete;2026-09-16T15:26:08+00:00;20260916152608-328850
LUPO;delete;2026-09-16T15:26:10+00:00;20260916152610-76a0ff
LUSO;delete;2026-09-16T15:26:12+00:00;20260916152612-89ced9
LUTA;keep;2026-09-16T15:26:12+00:00;20260916152612-2e1cda
LUTS;delete;2026-09-16T15:26:19+00:00;20260916152619-c3a3da
LYDE;delete;2026-09-16T15:26:21+00:00;20260916152621-7b848d
LYOC;delete;2026-09-16T15:26:21+00:00;20260916152621-6f8a7f
LYSA;delete;2026-09-16T15:26:23+00:00;20260916152623-7e2410
M3DE;delete;2026-09-16T15:26:24+00:00;20260916152624-c8f0ce
MAKO;delete;2026-09-16T15:26:25+00:00;20260916152625-f1c7b3
MARX;keep;2026-09-16T15:26:28+00:00;20260916152628-98eeab
MAZA;delete;2026-09-16T15:26:31+00:00;20260916152631-7c459b
MEGI;delete;2026-09-16T15:26:32+00:00;20260916152632-8a59bb
MELS;keep;2026-09-16T15:26:33+00:00;20260916152633-3672fb
MGDE;delete;2026-09-16T15:26:34+00:00;20260916152634-29f3c8
MINK;delete;2026-09-16T15:26:35+00:00;20260916152635-cbd925
MIRS;delete;2026-09-16T15:26:36+00:00;20260916152636-72f3a7
MIXA;delete;2026-09-16T15:26:37+00:00;20260916152637-6f2ca0
MIXA;undo;2026-09-16T15:26:38+00:00;20260916152637-6f2ca0
MIXA;keep;2026-09-16T15:26:39+00:00;20260916152639-77dadd
MOAS;delete;2026-09-16T15:26:41+00:00;20260916152641-3ddf3d
MORB;delete;2026-09-16T15:26:42+00:00;20260916152642-306186
MOYA;delete;2026-09-16T15:26:42+00:00;20260916152642-440aa9
MRNA;delete;2026-09-16T15:26:43+00:00;20260916152643-3bd13a
MUAS;delete;2026-09-16T15:26:44+00:00;20260916152644-cde768
MUAS;undo;2026-09-16T15:26:45+00:00;20260916152644-cde768
MUAS;keep;2026-09-16T15:26:46+00:00;20260916152646-ccddda
MUAT;keep;2026-09-16T15:26:47+00:00;20260916152647-cfd668
MUEZ;keep;2026-09-16T15:26:48+00:00;20260916152648-7bc9a2
MUTA;keep;2026-09-16T15:26:48+00:00;20260916152648-6c7d86
MYAS;delete;2026-09-16T15:26:50+00:00;20260916152650-7ba34c
MYCO;delete;2026-09-16T15:26:50+00:00;20260916152650-51ab71
MYES;delete;2026-09-16T15:26:51+00:00;20260916152651-f5688b
NADI;delete;2026-09-16T15:26:52+00:00;20260916152652-03194d
NASO;delete;2026-09-16T15:26:53+00:00;20260916152653-94567e
NEOS;delete;2026-09-16T15:27:01+00:00;20260916152701-d5864d
NIAT;delete;2026-09-16T15:27:02+00:00;20260916152702-611d4f
NIAT;undo;2026-09-16T15:27:03+00:00;20260916152702-611d4f
NIAT;keep;2026-09-16T15:27:04+00:00;20260916152704-7384a2
NIFS;delete;2026-09-16T15:27:05+00:00;20260916152705-36d1a8
NIKA;delete;2026-09-16T15:27:06+00:00;20260916152706-0310f9
NILO;delete;2026-09-16T15:27:06+00:00;20260916152706-07bb3e
NITS;delete;2026-09-16T15:27:08+00:00;20260916152708-ef0dc1
NITS;undo;2026-09-16T15:27:10+00:00;20260916152708-ef0dc1
NITS;delete;2026-09-16T15:27:15+00:00;20260916152715-2b7d4a
NIVO;delete;2026-09-16T15:27:15+00:00;20260916152715-b5cdce
NOCA;delete;2026-09-16T15:27:17+00:00;20260916152717-af4a2e
NODO;delete;2026-09-16T15:27:17+00:00;20260916152717-01767b
NOPA;delete;2026-09-16T15:27:18+00:00;20260916152718-b6d5a3
NOPS;delete;2026-09-16T15:27:19+00:00;20260916152719-53d322
NUAI;keep;2026-09-16T15:27:27+00:00;20260916152727-8c7e9b
NUAT;keep;2026-09-16T15:27:28+00:00;20260916152728-f4a7a7
NUEZ;keep;2026-09-16T15:27:28+00:00;20260916152728-06f4c2
NUNG;delete;2026-09-16T15:27:29+00:00;20260916152729-03e321
OBAS;delete;2026-09-16T15:27:32+00:00;20260916152732-e68566
OBIS;delete;2026-09-16T15:27:33+00:00;20260916152733-4af581
OCRA;keep;2026-09-16T15:27:35+00:00;20260916152735-e32a91
OCTO;delete;2026-09-16T15:27:36+00:00;20260916152736-a7d967
OEDA;delete;2026-09-16T15:27:37+00:00;20260916152737-a05997
OLEO;delete;2026-09-16T15:27:39+00:00;20260916152739-a068c8
OMAN;delete;2026-09-16T15:27:40+00:00;20260916152740-d681be
ONDA;delete;2026-09-16T15:27:43+00:00;20260916152743-22a932
OPES;delete;2026-09-16T15:27:44+00:00;20260916152744-8acbb4
OPIS;delete;2026-09-16T15:27:45+00:00;20260916152745-2bb2a2
OPTO;delete;2026-09-16T15:27:46+00:00;20260916152746-2bdfc8
ORFS;delete;2026-09-16T15:27:47+00:00;20260916152747-8fd39a
ORIA;delete;2026-09-16T15:27:48+00:00;20260916152748-74bdbc
ORRA;delete;2026-09-16T15:27:48+00:00;20260916152748-88fc52
OSAS;keep;2026-09-16T15:27:51+00:00;20260916152751-5b3dd5
OSCO;delete;2026-09-16T15:27:51+00:00;20260916152751-b79f6e
OTAS;keep;2026-09-16T15:27:52+00:00;20260916152752-1e13c6
OUAS;delete;2026-09-16T15:27:54+00:00;20260916152754-c7d77a
OUTE;delete;2026-09-16T15:27:55+00:00;20260916152755-58b5dc
OVES;delete;2026-09-16T15:27:56+00:00;20260916152756-4afac9
OVES;undo;2026-09-16T15:27:58+00:00;20260916152756-4afac9
OVES;delete;2026-09-16T15:28:00+00:00;20260916152800-03a528
PARK;delete;2026-09-16T15:28:01+00:00;20260916152801-11f7f1
PATA;delete;2026-09-16T15:28:08+00:00;20260916152808-a37a0b
PATS;keep;2026-09-16T15:28:14+00:00;20260916152814-48c6c0
PECS;keep;2026-09-16T15:28:14+00:00;20260916152814-e64a5e
PENN;delete;2026-09-16T15:28:16+00:00;20260916152816-4460a5
PEXA;delete;2026-09-16T15:28:18+00:00;20260916152818-0b993d
PEXE;delete;2026-09-16T15:28:20+00:00;20260916152820-d4e387
PIFA;delete;2026-09-16T15:28:24+00:00;20260916152824-35d7c6
PIFE;delete;2026-09-16T15:28:25+00:00;20260916152825-8eca29
PIFS;delete;2026-09-16T15:28:27+00:00;20260916152827-7af0d9
PILO;delete;2026-09-16T15:28:28+00:00;20260916152828-abfa85
PIMA;delete;2026-09-16T15:28:29+00:00;20260916152829-9e8394
PORA;delete;2026-09-16T15:28:30+00:00;20260916152830-cbd081
POTA;delete;2026-09-16T15:28:31+00:00;20260916152831-9af2bf
PSDE;delete;2026-09-16T15:28:32+00:00;20260916152832-6adba1
PSEN;delete;2026-09-16T15:28:32+00:00;20260916152832-fcc06e
PUAI;keep;2026-09-16T15:28:34+00:00;20260916152834-81ee6d
PUAS;keep;2026-09-16T15:28:34+00:00;20260916152834-52eb73
PUAT;keep;2026-09-16T15:28:35+00:00;20260916152835-faafef
PUTA;keep;2026-09-16T15:28:35+00:00;20260916152835-d49a3a
PUTA;undo;2026-09-16T15:28:38+00:00;20260916152835-d49a3a
PUTA;delete;2026-09-16T15:28:42+00:00;20260916152842-1640b0
PUYS;delete;2026-09-16T15:28:44+00:00;20260916152844-e16686
PYAS;delete;2026-09-16T15:28:44+00:00;20260916152844-e34074
PYGO;delete;2026-09-16T15:28:45+00:00;20260916152845-db8db6
PYRO;delete;2026-09-16T15:28:45+00:00;20260916152845-47af04
PYRO;undo;2026-09-16T15:28:46+00:00;20260916152845-47af04
PYRO;delete;2026-09-16T15:28:48+00:00;20260916152848-6d3aae
QATS;delete;2026-09-16T15:28:50+00:00;20260916152850-2be423
QINS;delete;2026-09-16T15:31:08+00:00;20260916153108-6f3f38
RATU;delete;2026-09-16T15:31:08+00:00;20260916153108-2d66eb
RAYS;delete;2026-09-16T15:31:10+00:00;20260916153110-64ea8e
REAI;keep;2026-09-16T15:31:12+00:00;20260916153112-7a4dbc
REAS;keep;2026-09-16T15:31:13+00:00;20260916153113-86ab89
REAT;keep;2026-09-16T15:31:13+00:00;20260916153113-88df34
REDS;delete;2026-09-16T15:31:14+00:00;20260916153114-97989b
REEE;delete;2026-09-16T15:31:15+00:00;20260916153115-519581
REEE;undo;2026-09-16T15:31:17+00:00;20260916153115-519581
REEE;keep;2026-09-16T15:31:18+00:00;20260916153118-b5251e
REES;keep;2026-09-16T15:31:19+00:00;20260916153119-4e6b8b
REEZ;keep;2026-09-16T15:31:19+00:00;20260916153119-3eb895
REGS;keep;2026-09-16T15:31:23+00:00;20260916153123-b3aebd
REMS;delete;2026-09-16T15:31:26+00:00;20260916153126-864dd9
RENA;delete;2026-09-16T15:31:28+00:00;20260916153128-fa907a
RESU;delete;2026-09-16T15:31:31+00:00;20260916153131-9cf636
RHEO;delete;2026-09-16T15:31:33+00:00;20260916153133-e5264c
RHES;delete;2026-09-16T15:31:38+00:00;20260916153138-104258
RIAS;delete;2026-09-16T15:31:41+00:00;20260916153141-ba4e53
RIFS;delete;2026-09-16T15:31:43+00:00;20260916153143-330580
RISA;delete;2026-09-16T15:31:51+00:00;20260916153151-1c820c
RISI;delete;2026-09-16T15:31:53+00:00;20260916153153-a8dbc7
RITS;delete;2026-09-16T15:31:55+00:00;20260916153155-1eb570
ROBA;delete;2026-09-16T15:32:00+00:00;20260916153200-bd2427
ROBS;delete;2026-09-16T15:32:01+00:00;20260916153201-8b8014
ROGI;delete;2026-09-16T15:32:02+00:00;20260916153202-02513b
ROLA;delete;2026-09-16T15:32:04+00:00;20260916153204-78ffd2
ROYA;delete;2026-09-16T15:32:04+00:00;20260916153204-92b74e
RPRS;delete;2026-09-16T15:32:05+00:00;20260916153205-15ea0b
RUAS;keep;2026-09-16T15:32:13+00:00;20260916153213-870088
RUEZ;keep;2026-09-16T15:32:14+00:00;20260916153214-e44420
RUTS;keep;2026-09-16T15:32:16+00:00;20260916153216-74d0ad
RYAN;delete;2026-09-16T15:32:17+00:00;20260916153217-ec179c
SAND;delete;2026-09-16T15:32:18+00:00;20260916153218-d185b9
SARS;delete;2026-09-16T15:32:21+00:00;20260916153221-7ca622
SECO;delete;2026-09-16T15:32:23+00:00;20260916153223-929e7a
SERO;delete;2026-09-16T15:32:24+00:00;20260916153224-99d075
SEXA;delete;2026-09-16T15:32:28+00:00;20260916153228-11e44f
SHAS;delete;2026-09-16T15:32:30+00:00;20260916153230-e0db51
SIDS;delete;2026-09-16T15:32:31+00:00;20260916153231-beaff9
SIEE;keep;2026-09-16T15:32:34+00:00;20260916153234-439b3c
SKIA;keep;2026-09-16T15:32:37+00:00;20260916153237-1e8cc4
SLUM;delete;2026-09-16T15:32:38+00:00;20260916153238-0bf909
SPIS;keep;2026-09-16T15:32:42+00:00;20260916153242-9a7eb8
STEN;keep;2026-09-16T15:32:44+00:00;20260916153244-b37315
SUAI;keep;2026-09-16T15:32:46+00:00;20260916153246-b8f483
SUAS;keep;2026-09-16T15:32:46+00:00;20260916153246-ad301a
SUIN;delete;2026-09-16T15:32:48+00:00;20260916153248-bd303a
SUPA;delete;2026-09-16T15:32:49+00:00;20260916153249-c21199
SUPE;delete;2026-09-16T15:32:50+00:00;20260916153250-dff240
TAGS;keep;2026-09-16T15:32:59+00:00;20260916153259-3ccb2c
TECS;delete;2026-09-16T15:33:01+00:00;20260916153301-aa10cd
TEKS;delete;2026-09-16T15:33:01+00:00;20260916153301-3de6c6
TETS;delete;2026-09-16T15:33:06+00:00;20260916153306-d004b8
THIO;delete;2026-09-16T15:33:06+00:00;20260916153306-1c47f9
TICK;delete;2026-09-16T15:33:07+00:00;20260916153307-ef44ed
TOCK;delete;2026-09-16T15:33:08+00:00;20260916153308-bfa003
TOCO;delete;2026-09-16T15:33:09+00:00;20260916153309-2e8617
TOEA;delete;2026-09-16T15:33:10+00:00;20260916153310-007594
TOUA;delete;2026-09-16T15:33:12+00:00;20260916153312-cf6ef0
TOUA;undo;2026-09-16T15:33:13+00:00;20260916153312-cf6ef0
TOUA;delete;2026-09-16T15:33:17+00:00;20260916153317-133ac8
TOXI;delete;2026-09-16T15:33:18+00:00;20260916153318-94cce9
TOXO;delete;2026-09-16T15:33:19+00:00;20260916153319-7f3a6c
TRNA;delete;2026-09-16T15:33:19+00:00;20260916153319-412d13
TROX;delete;2026-09-16T15:33:20+00:00;20260916153320-07b7b7
TUBO;delete;2026-09-16T15:33:21+00:00;20260916153321-ad12d0
TUCS;keep;2026-09-16T15:33:24+00:00;20260916153324-d37f7d
TUFS;keep;2026-09-16T15:33:45+00:00;20260916153345-6348cc
TUGS;delete;2026-09-16T15:33:47+00:00;20260916153347-02dcf8
TUIS;delete;2026-09-16T15:33:48+00:00;20260916153348-18af44
TULU;delete;2026-09-16T15:33:48+00:00;20260916153348-dfc098
TYPA;delete;2026-09-16T15:33:58+00:00;20260916153358-f6629f
UCAS;delete;2026-09-16T15:34:11+00:00;20260916153411-66962c
ULAS;delete;2026-09-16T15:34:14+00:00;20260916153414-b74de9
UNIO;delete;2026-09-16T15:34:14+00:00;20260916153414-845b97
USAS;keep;2026-09-16T15:34:16+00:00;20260916153416-dfeec6
USIA;delete;2026-09-16T15:34:17+00:00;20260916153417-bfa09d
UTAS;delete;2026-09-16T15:34:18+00:00;20260916153418-7afc42
UVEO;delete;2026-09-16T15:34:21+00:00;20260916153421-293650
VARS;delete;2026-09-16T15:34:23+00:00;20260916153423-44e3ff
VASO;delete;2026-09-16T15:34:24+00:00;20260916153424-e5aadf
VEIL;delete;2026-09-16T15:34:27+00:00;20260916153427-978bfe
VENA;delete;2026-09-16T15:34:28+00:00;20260916153428-64fb37
VIAN;delete;2026-09-16T15:34:29+00:00;20260916153429-0eae30
VIAN;undo;2026-09-16T15:34:31+00:00;20260916153429-0eae30
VIAN;keep;2026-09-16T15:34:32+00:00;20260916153432-5cea33
VUDE;delete;2026-09-16T15:34:34+00:00;20260916153434-400e2e
VUDU;delete;2026-09-16T15:34:34+00:00;20260916153434-cba03d
WADS;delete;2026-09-16T15:34:36+00:00;20260916153436-25e963
WEKA;delete;2026-09-16T15:34:37+00:00;20260916153437-aa4896
WOKS;keep;2026-09-16T15:34:38+00:00;20260916153438-a19618
XENO;delete;2026-09-16T15:34:39+00:00;20260916153439-a5678c
XERO;delete;2026-09-16T15:34:40+00:00;20260916153440-ef4748
YAGS;delete;2026-09-16T15:34:43+00:00;20260916153443-37bb98
YNOL;delete;2026-09-16T15:34:44+00:00;20260916153444-a6f3bb
YODS;delete;2026-09-16T15:34:48+00:00;20260916153448-9ea13a
ZADA;delete;2026-09-16T15:34:49+00:00;20260916153449-9c5492
ZEES;delete;2026-09-16T15:34:52+00:00;20260916153452-a9d942
ZIGS;delete;2026-09-16T15:34:55+00:00;20260916153455-b05cfc
ZIPS;keep;2026-09-16T15:34:56+00:00;20260916153456-f08171
ZOES;delete;2026-09-16T15:34:58+00:00;20260916153458-f9d746
ZOPE;delete;2026-09-16T15:34:58+00:00;20260916153458-0f10ba
ZORA;delete;2026-09-16T15:34:59+00:00;20260916153459-4199fc
ZUPA;delete;2026-09-16T15:35:00+00:00;20260916153500-fc8145
ZYGO;delete;2026-09-16T15:35:00+00:00;20260916153500-2e0cef
ZYMO;delete;2026-09-16T15:35:01+00:00;20260916153501-f49dcc
ABBAS;delete;2026-09-16T15:35:21+00:00;20260916153521-880a8f
ABEES;keep;2026-09-16T15:35:32+00:00;20260916153532-931c38
ABERS;keep;2026-09-16T15:35:37+00:00;20260916153537-124d8e
ABICH;delete;2026-09-16T15:58:54+00:00;20260916155854-68361f
ABLES;delete;2026-09-16T15:58:57+00:00;20260916155857-c0bc54
ABLOT;delete;2026-09-16T15:58:58+00:00;20260916155858-0f17ab
ABLUA;delete;2026-09-16T15:58:59+00:00;20260916155859-b59132
ABLUA;undo;2026-09-16T15:59:01+00:00;20260916155859-b59132
ABLUA;delete;2026-09-16T15:59:05+00:00;20260916155905-70ce7f
ABLUE;delete;2026-09-16T15:59:06+00:00;20260916155906-9383d1
ABLUE;undo;2026-09-16T15:59:10+00:00;20260916155906-9383d1
ABLUA;undo;2026-09-16T15:59:13+00:00;20260916155905-70ce7f
ABLUA;delete;2026-09-16T15:59:15+00:00;20260916155915-8fec0f
ABLUE;delete;2026-09-16T15:59:15+00:00;20260916155915-708418
ABOT;delete;2026-09-16T15:59:21+00:00;20260916155921-6533a5
ABOTS;delete;2026-09-16T15:59:21+00:00;20260916155921-6533a5
ABRES;delete;2026-09-16T15:59:23+00:00;20260916155923-332e4b
ABRIL;delete;2026-09-16T15:59:24+00:00;20260916155924-ab08e9
ABRUS;delete;2026-09-16T15:59:25+00:00;20260916155925-8cea2c
ABUTA;delete;2026-09-16T15:59:29+00:00;20260916155929-292016
ABUTE;delete;2026-09-16T15:59:31+00:00;20260916155931-de7968
ACERA;keep;2026-09-16T16:00:12+00:00;20260916160012-e5cc8d
ACETO;delete;2026-09-16T16:00:13+00:00;20260916160013-53efcc
ACIDO;delete;2026-09-16T16:00:15+00:00;20260916160015-9a2e41
ACINI;delete;2026-09-16T16:00:16+00:00;20260916160016-589e99
ACMES;delete;2026-09-16T16:00:17+00:00;20260916160017-33f051
ACONS;delete;2026-09-16T16:00:18+00:00;20260916160018-04b764
ACRAN;delete;2026-09-16T16:00:19+00:00;20260916160019-7ebe3a
ACRAS;keep;2026-09-16T16:00:22+00:00;20260916160022-5c4c35
ACRAT;delete;2026-09-16T16:00:23+00:00;20260916160023-b2cea6
ACRIS;delete;2026-09-16T16:00:24+00:00;20260916160024-49f1c0
ACRYL;delete;2026-09-16T16:00:25+00:00;20260916160025-2a49cb
ACTAI;keep;2026-09-16T16:00:28+00:00;20260916160028-7606c9
ACTAS;keep;2026-09-16T16:00:29+00:00;20260916160029-7657ad
ACTAT;keep;2026-09-16T16:00:30+00:00;20260916160030-5a4b69
ACTEZ;keep;2026-09-16T16:00:30+00:00;20260916160030-e5e094
ACULS;delete;2026-09-16T16:00:32+00:00;20260916160032-772364
ACYLA;delete;2026-09-16T16:00:34+00:00;20260916160034-1db03e
ADADA;delete;2026-09-16T16:00:35+00:00;20260916160035-d69661
ADENO;delete;2026-09-16T16:00:36+00:00;20260916160036-114f32
ADIRE;delete;2026-09-16T16:00:37+00:00;20260916160037-2e3ba2
ADLER;delete;2026-09-16T16:00:38+00:00;20260916160038-a6573c
ADNEE;delete;2026-09-16T16:00:39+00:00;20260916160039-8aa85c
ADNES;delete;2026-09-16T16:00:40+00:00;20260916160040-cba702
ADOSD;delete;2026-09-16T16:00:40+00:00;20260916160040-ccd963
ADULA;delete;2026-09-16T16:00:42+00:00;20260916160042-93a4ef
AEGLA;delete;2026-09-16T16:00:42+00:00;20260916160042-e1fcc9
AEGLE;delete;2026-09-16T16:00:43+00:00;20260916160043-5e37d0
AELIE;delete;2026-09-16T16:00:45+00:00;20260916160045-ec0f3f
AEPUS;delete;2026-09-16T16:00:45+00:00;20260916160045-50db32
AERAI;keep;2026-09-16T16:00:51+00:00;20260916160051-7a12fb
AERAS;keep;2026-09-16T16:00:51+00:00;20260916160051-d87d01
AERAT;keep;2026-09-16T16:00:52+00:00;20260916160052-47eecd
AFARS;delete;2026-09-16T16:00:53+00:00;20260916160053-591e7b
AFFAR;delete;2026-09-16T16:00:54+00:00;20260916160054-a83cbd
AGIES;delete;2026-09-16T16:01:01+00:00;20260916160101-8c8f35
AGLIE;delete;2026-09-16T16:01:02+00:00;20260916160102-c0ac3d
AGONI;keep;2026-09-16T16:01:07+00:00;20260916160107-62bbfe
AGONI;undo;2026-09-16T16:01:09+00:00;20260916160107-62bbfe
AGONI;delete;2026-09-16T16:01:14+00:00;20260916160114-3086da
AICHA;delete;2026-09-16T16:01:17+00:00;20260916160117-0da7e7
AIDAS;keep;2026-09-16T16:01:20+00:00;20260916160120-1c141e
AIELE;delete;2026-09-16T16:01:20+00:00;20260916160120-51ea17
AIGUA;delete;2026-09-16T16:01:24+00:00;20260916160124-a10d74
AILAI;keep;2026-09-16T16:01:25+00:00;20260916160125-5fb526
AILAS;keep;2026-09-16T16:01:25+00:00;20260916160125-29f0ec
AILAT;keep;2026-09-16T16:01:26+00:00;20260916160126-e5a05a
AILEZ;keep;2026-09-16T16:01:27+00:00;20260916160127-d15715
AILLA;keep;2026-09-16T16:01:28+00:00;20260916160128-8560af
AIMAS;keep;2026-09-16T16:01:31+00:00;20260916160131-e6e3b3
AIRAI;delete;2026-09-16T16:01:42+00:00;20260916160142-b111f3
AIRAS;delete;2026-09-16T16:01:43+00:00;20260916160143-f0b373
AIRAT;delete;2026-09-16T16:01:43+00:00;20260916160143-f4cd2a
AIREZ;delete;2026-09-16T16:01:44+00:00;20260916160144-8c3d02
AJUTA;delete;2026-09-16T16:01:45+00:00;20260916160145-2b644c
AJUTE;delete;2026-09-16T16:01:46+00:00;20260916160146-45ff20
AJUTS;delete;2026-09-16T16:01:46+00:00;20260916160146-9aeb76
ALAGE;delete;2026-09-16T16:01:47+00:00;20260916160147-60e838
ALAIL;delete;2026-09-16T16:01:47+00:00;20260916160147-94de81
ALAUS;delete;2026-09-16T16:01:48+00:00;20260916160148-28b445
ALBUS;delete;2026-09-16T16:01:49+00:00;20260916160149-3f8bb5
ALEAU;delete;2026-09-16T16:01:50+00:00;20260916160150-f44833
ALESA;keep;2026-09-16T16:01:54+00:00;20260916160154-9ec888
ALKYD;delete;2026-09-16T16:01:55+00:00;20260916160155-d103dc
ALOIE;delete;2026-09-16T16:01:58+00:00;20260916160158-ebceaf
ALOIS;delete;2026-09-16T16:01:59+00:00;20260916160159-fd5681
ALOTA;delete;2026-09-16T16:02:00+00:00;20260916160200-d49cc6
ALOTA;undo;2026-09-16T16:02:03+00:00;20260916160200-d49cc6
ALOTA;keep;2026-09-16T16:02:05+00:00;20260916160205-dcc19e
ALOTE;keep;2026-09-16T16:02:07+00:00;20260916160207-656e01
ALOYA;delete;2026-09-16T16:02:08+00:00;20260916160208-046c3c
ALOYE;delete;2026-09-16T16:02:09+00:00;20260916160209-5aa4f5
ALPAI;delete;2026-09-16T16:02:12+00:00;20260916160212-08995f
ALPAS;delete;2026-09-16T16:02:13+00:00;20260916160213-1a8f3b
ALPAT;delete;2026-09-16T16:02:14+00:00;20260916160214-d78946
ALPEZ;delete;2026-09-16T16:02:15+00:00;20260916160215-9e7058
ALUNA;delete;2026-09-16T16:02:18+00:00;20260916160218-12b63d
ALUNS;keep;2026-09-16T16:02:20+00:00;20260916160220-cf8cd1
ALYDE;delete;2026-09-16T16:02:21+00:00;20260916160221-cd0e4b
AMANS;keep;2026-09-16T16:02:33+00:00;20260916160233-79b661
AMBAN;delete;2026-09-16T16:02:33+00:00;20260916160233-759921
AMBES;delete;2026-09-16T16:02:35+00:00;20260916160235-ba19ad
AMBIX;delete;2026-09-16T16:02:35+00:00;20260916160235-2684c8
AMBLA;delete;2026-09-16T16:02:49+00:00;20260916160249-9660ef
AMBLAI;delete;2026-09-16T16:02:49+00:00;20260916160249-9660ef
AMBLAS;delete;2026-09-16T16:02:49+00:00;20260916160249-9660ef
AMBLAT;delete;2026-09-16T16:02:49+00:00;20260916160249-9660ef
AMBLES;delete;2026-09-16T16:02:49+00:00;20260916160249-9660ef
AMBLEZ;delete;2026-09-16T16:02:49+00:00;20260916160249-9660ef
AMBLER;delete;2026-09-16T16:02:49+00:00;20260916160249-9660ef
AMBLAIS;delete;2026-09-16T16:02:49+00:00;20260916160249-9660ef
AMBLAIT;delete;2026-09-16T16:02:49+00:00;20260916160249-9660ef
AMBLENT;delete;2026-09-16T16:02:49+00:00;20260916160249-9660ef
AMBLERA;delete;2026-09-16T16:02:49+00:00;20260916160249-9660ef
AMBLIEZ;delete;2026-09-16T16:02:49+00:00;20260916160249-9660ef
AMBLONS;delete;2026-09-16T16:02:49+00:00;20260916160249-9660ef
AMBLANT;delete;2026-09-16T16:02:49+00:00;20260916160249-9660ef
AMBLAMES;delete;2026-09-16T16:02:49+00:00;20260916160249-9660ef
AMBLASSE;delete;2026-09-16T16:02:49+00:00;20260916160249-9660ef
AMBLATES;delete;2026-09-16T16:02:49+00:00;20260916160249-9660ef
AMBLERAI;delete;2026-09-16T16:02:49+00:00;20260916160249-9660ef
AMBLERAS;delete;2026-09-16T16:02:49+00:00;20260916160249-9660ef
AMBLEREZ;delete;2026-09-16T16:02:49+00:00;20260916160249-9660ef
AMBLIONS;delete;2026-09-16T16:02:49+00:00;20260916160249-9660ef
AMBLAIENT;delete;2026-09-16T16:02:49+00:00;20260916160249-9660ef
AMBLASSES;delete;2026-09-16T16:02:49+00:00;20260916160249-9660ef
AMBLERAIS;delete;2026-09-16T16:02:49+00:00;20260916160249-9660ef
AMBLERAIT;delete;2026-09-16T16:02:49+00:00;20260916160249-9660ef
AMBLERENT;delete;2026-09-16T16:02:49+00:00;20260916160249-9660ef
AMBLERIEZ;delete;2026-09-16T16:02:49+00:00;20260916160249-9660ef
AMBLERONS;delete;2026-09-16T16:02:49+00:00;20260916160249-9660ef
AMBLERONT;delete;2026-09-16T16:02:49+00:00;20260916160249-9660ef
AMBLASSENT;delete;2026-09-16T16:02:49+00:00;20260916160249-9660ef
AMBLASSIEZ;delete;2026-09-16T16:02:49+00:00;20260916160249-9660ef
AMBLERIONS;delete;2026-09-16T16:02:49+00:00;20260916160249-9660ef
AMBLASSIONS;delete;2026-09-16T16:02:49+00:00;20260916160249-9660ef
AMBLERAIENT;delete;2026-09-16T16:02:49+00:00;20260916160249-9660ef
AMBRA;delete;2026-09-16T16:02:56+00:00;20260916160256-98f391
AMELS;delete;2026-09-16T16:03:00+00:00;20260916160300-ee022c
AMIDI;delete;2026-09-16T16:03:00+00:00;20260916160300-3c2105
AMIDO;delete;2026-09-16T16:03:01+00:00;20260916160301-1cd329
AMINA;delete;2026-09-16T16:03:01+00:00;20260916160301-2d2162
AMINO;delete;2026-09-16T16:03:04+00:00;20260916160304-9cca1d
AMITO;delete;2026-09-16T16:03:04+00:00;20260916160304-536cbd
AMMIS;delete;2026-09-16T16:03:04+00:00;20260916160304-957f28
AMNIO;delete;2026-09-16T16:03:05+00:00;20260916160305-44325f
AMOKS;delete;2026-09-16T16:03:05+00:00;20260916160305-bdbbc5
AMOTO;delete;2026-09-16T16:03:06+00:00;20260916160306-ea171f
AMUIE;delete;2026-09-16T16:03:07+00:00;20260916160307-b69db6
AMUIS;delete;2026-09-16T16:03:08+00:00;20260916160308-514e9b
AMUIT;delete;2026-09-16T16:03:09+00:00;20260916160309-05488b
ANCHA;delete;2026-09-16T16:03:19+00:00;20260916160319-4b8d21
ANCHAI;delete;2026-09-16T16:03:19+00:00;20260916160319-4b8d21
ANCHAS;delete;2026-09-16T16:03:19+00:00;20260916160319-4b8d21
ANCHAT;delete;2026-09-16T16:03:19+00:00;20260916160319-4b8d21
ANCHEZ;delete;2026-09-16T16:03:19+00:00;20260916160319-4b8d21
ANCHER;delete;2026-09-16T16:03:19+00:00;20260916160319-4b8d21
ANCHAIS;delete;2026-09-16T16:03:19+00:00;20260916160319-4b8d21
ANCHAIT;delete;2026-09-16T16:03:19+00:00;20260916160319-4b8d21
ANCHANT;delete;2026-09-16T16:03:19+00:00;20260916160319-4b8d21
ANCHENT;delete;2026-09-16T16:03:19+00:00;20260916160319-4b8d21
ANCHERA;delete;2026-09-16T16:03:19+00:00;20260916160319-4b8d21
ANCHIEZ;delete;2026-09-16T16:03:19+00:00;20260916160319-4b8d21
ANCHONS;delete;2026-09-16T16:03:19+00:00;20260916160319-4b8d21
ANCHAMES;delete;2026-09-16T16:03:19+00:00;20260916160319-4b8d21
ANCHASSE;delete;2026-09-16T16:03:19+00:00;20260916160319-4b8d21
ANCHATES;delete;2026-09-16T16:03:19+00:00;20260916160319-4b8d21
ANCHERAI;delete;2026-09-16T16:03:19+00:00;20260916160319-4b8d21
ANCHERAS;delete;2026-09-16T16:03:19+00:00;20260916160319-4b8d21
ANCHEREZ;delete;2026-09-16T16:03:19+00:00;20260916160319-4b8d21
ANCHIONS;delete;2026-09-16T16:03:19+00:00;20260916160319-4b8d21
ANCHAIENT;delete;2026-09-16T16:03:19+00:00;20260916160319-4b8d21
ANCHASSES;delete;2026-09-16T16:03:19+00:00;20260916160319-4b8d21
ANCHERAIS;delete;2026-09-16T16:03:19+00:00;20260916160319-4b8d21
ANCHERAIT;delete;2026-09-16T16:03:19+00:00;20260916160319-4b8d21
ANCHERENT;delete;2026-09-16T16:03:19+00:00;20260916160319-4b8d21
ANCHERIEZ;delete;2026-09-16T16:03:19+00:00;20260916160319-4b8d21
ANCHERONS;delete;2026-09-16T16:03:19+00:00;20260916160319-4b8d21
ANCHERONT;delete;2026-09-16T16:03:19+00:00;20260916160319-4b8d21
ANCHASSENT;delete;2026-09-16T16:03:19+00:00;20260916160319-4b8d21
ANCHASSIEZ;delete;2026-09-16T16:03:19+00:00;20260916160319-4b8d21
ANCHERIONS;delete;2026-09-16T16:03:19+00:00;20260916160319-4b8d21
ANCHASSIONS;delete;2026-09-16T16:03:19+00:00;20260916160319-4b8d21
ANCHERAIENT;delete;2026-09-16T16:03:19+00:00;20260916160319-4b8d21
ANEES;delete;2026-09-16T16:03:25+00:00;20260916160325-331a5e
ANELS;delete;2026-09-16T16:03:26+00:00;20260916160326-fe4b0e
ANGIO;delete;2026-09-16T16:03:27+00:00;20260916160327-488e43
ANGLA;delete;2026-09-16T16:03:32+00:00;20260916160332-34320d
ANIBA;delete;2026-09-16T16:03:33+00:00;20260916160333-13eb30
ANILE;delete;2026-09-16T16:03:33+00:00;20260916160333-1951c3
ANISA;delete;2026-09-16T16:03:34+00:00;20260916160334-60da81
ANISO;delete;2026-09-16T16:03:35+00:00;20260916160335-1331f9
ANNAS;delete;2026-09-16T16:03:37+00:00;20260916160337-7d7267
ANOAS;delete;2026-09-16T16:03:38+00:00;20260916160338-24afc9
ANONA;delete;2026-09-16T16:03:39+00:00;20260916160339-741555
ANOTE;delete;2026-09-16T16:03:39+00:00;20260916160339-73c1ed
ANOTE;undo;2026-09-16T16:03:40+00:00;20260916160339-73c1ed
ANOTE;keep;2026-09-16T16:03:44+00:00;20260916160344-9259f5
ANSAI;delete;2026-09-16T16:04:00+00:00;20260916160400-9f1fc6
ANSAS;delete;2026-09-16T16:04:01+00:00;20260916160401-ecfd05
ANSAT;delete;2026-09-16T16:04:02+00:00;20260916160402-1d7d84
ANSDE;delete;2026-09-16T16:04:03+00:00;20260916160403-b28198
ANSEZ;delete;2026-09-16T16:04:04+00:00;20260916160404-d02072
ANTES;delete;2026-09-16T16:04:06+00:00;20260916160406-99cdad
ANTIE;delete;2026-09-16T16:04:07+00:00;20260916160407-81dafa
ANXIO;delete;2026-09-16T16:04:07+00:00;20260916160407-502962
AOUTA;keep;2026-09-16T16:04:16+00:00;20260916160416-af5507
AOUTS;keep;2026-09-16T16:04:20+00:00;20260916160420-866411
APARS;delete;2026-09-16T16:04:23+00:00;20260916160423-a1c884
APHYA;delete;2026-09-16T16:04:24+00:00;20260916160424-7a65d3
APICO;delete;2026-09-16T16:04:24+00:00;20260916160424-9c5e2b
APILE;delete;2026-09-16T16:04:25+00:00;20260916160425-a5db76
APOIS;delete;2026-09-16T16:04:25+00:00;20260916160425-b752ea
APURA;delete;2026-09-16T16:04:41+00:00;20260916160441-e6e919
ARABO;delete;2026-09-16T16:04:42+00:00;20260916160442-fea1b0
ARACS;delete;2026-09-16T16:04:42+00:00;20260916160442-d36070
ARAKS;delete;2026-09-16T16:04:42+00:00;20260916160442-48a86d
ARALE;delete;2026-09-16T16:04:42+00:00;20260916160442-204326
ARALO;delete;2026-09-16T16:04:43+00:00;20260916160443-7b6f3b
ARAMA;delete;2026-09-16T16:04:44+00:00;20260916160444-dd9d21
ARASA;keep;2026-09-16T16:04:45+00:00;20260916160445-e6b93f
ARDAI;delete;2026-09-16T16:04:46+00:00;20260916160446-2335a4
ARDAS;delete;2026-09-16T16:04:49+00:00;20260916160449-5248c2
ARDAS;undo;2026-09-16T16:04:51+00:00;20260916160449-5248c2
ARDAI;undo;2026-09-16T16:04:52+00:00;20260916160446-2335a4
ARDAI;delete;2026-09-16T16:05:01+00:00;20260916160501-5d4db3
ARDAS;delete;2026-09-16T16:05:01+00:00;20260916160501-fb4216
ARECS;delete;2026-09-16T16:05:02+00:00;20260916160502-b3dbb8
AREES;delete;2026-09-16T16:05:02+00:00;20260916160502-20fe04
ARIEL;delete;2026-09-16T16:05:03+00:00;20260916160503-b93574
ARILE;delete;2026-09-16T16:05:04+00:00;20260916160504-9b67d1
ARIMA;delete;2026-09-16T16:05:05+00:00;20260916160505-33b2aa
ARIMA;undo;2026-09-16T16:05:07+00:00;20260916160505-33b2aa
ARIMA;delete;2026-09-16T16:05:12+00:00;20260916160512-82eeab
ARIME;delete;2026-09-16T16:05:14+00:00;20260916160514-f5ed02
ARISA;delete;2026-09-16T16:05:16+00:00;20260916160516-ae1ce4
ARMAS;keep;2026-09-16T16:05:19+00:00;20260916160519-d9e63e
ARNIS;delete;2026-09-16T16:05:19+00:00;20260916160519-8b8656
ARRHA;delete;2026-09-16T16:05:20+00:00;20260916160520-c762b1
ARRHE;delete;2026-09-16T16:05:21+00:00;20260916160521-d2ef93
ARYLA;delete;2026-09-16T16:05:22+00:00;20260916160522-2622ca
ASAHI;delete;2026-09-16T16:05:22+00:00;20260916160522-a5dede
ASIDE;delete;2026-09-16T16:05:24+00:00;20260916160524-5ea51d
ASINS;delete;2026-09-16T16:05:25+00:00;20260916160525-8d2c27
ASKIS;delete;2026-09-16T16:05:26+00:00;20260916160526-1d4a07
ASPES;delete;2026-09-16T16:05:27+00:00;20260916160527-b194dd
ASTIS;delete;2026-09-16T16:05:28+00:00;20260916160528-dfa415
ASTOR;delete;2026-09-16T16:05:29+00:00;20260916160529-a25b17
ASTRA;delete;2026-09-16T16:05:30+00:00;20260916160530-8fdf1f
ATIGE;delete;2026-09-16T16:05:31+00:00;20260916160531-448030
ATRAX;delete;2026-09-16T16:05:31+00:00;20260916160531-21650b
ATRIO;delete;2026-09-16T16:05:32+00:00;20260916160532-581006
ATTAS;delete;2026-09-16T16:05:33+00:00;20260916160533-5c289c
ATUER;delete;2026-09-16T16:05:34+00:00;20260916160534-0fc51e
ATYPE;delete;2026-09-16T16:05:34+00:00;20260916160534-50a850
AUBAL;delete;2026-09-16T16:05:35+00:00;20260916160535-ca99c9
AUBAR;delete;2026-09-16T16:05:36+00:00;20260916160536-462258
AUBRY;delete;2026-09-16T16:05:37+00:00;20260916160537-ab64a9
AUCRI;delete;2026-09-16T16:05:37+00:00;20260916160537-c42f14
AUGEA;delete;2026-09-16T16:05:40+00:00;20260916160540-292b8a
AUGEZ;delete;2026-09-16T16:05:41+00:00;20260916160541-d27abf
AUGRE;delete;2026-09-16T16:05:42+00:00;20260916160542-a51631
AUJEU;delete;2026-09-16T16:05:42+00:00;20260916160542-676efa
AULAX;delete;2026-09-16T16:05:43+00:00;20260916160543-3b49df
AUNOM;delete;2026-09-16T16:05:44+00:00;20260916160544-3fdcbb
AUSEL;delete;2026-09-16T16:05:45+00:00;20260916160545-b9f2b4
AUSKI;delete;2026-09-16T16:05:45+00:00;20260916160545-69db7d
AUSON;delete;2026-09-16T16:05:46+00:00;20260916160546-b5cc50
AUVUD;delete;2026-09-16T16:05:46+00:00;20260916160546-638638
AUXWC;delete;2026-09-16T16:05:47+00:00;20260916160547-4a4e05
AVALS;keep;2026-09-16T16:06:04+00:00;20260916160604-429ae0
AVELO;delete;2026-09-16T16:06:05+00:00;20260916160605-e916ef
AVENS;keep;2026-09-16T16:06:16+00:00;20260916160616-34048e
AVERY;delete;2026-09-16T16:06:19+00:00;20260916160619-0a349f
AVIES;delete;2026-09-16T16:06:20+00:00;20260916160620-521e9b
AVINA;delete;2026-09-16T16:06:20+00:00;20260916160620-66d23a
AVOIE;delete;2026-09-16T16:06:24+00:00;20260916160624-a53e4c
AVOYA;delete;2026-09-16T16:06:30+00:00;20260916160630-928fe1
AXAIS;delete;2026-09-16T16:06:32+00:00;20260916160632-dd7ec9
AXAIS;undo;2026-09-16T16:06:32+00:00;20260916160632-dd7ec9
AXAIT;keep;2026-09-16T16:06:32+00:00;20260916160632-fd3c07
AXANT;keep;2026-09-16T16:06:33+00:00;20260916160633-d3227c
AXERA;keep;2026-09-16T16:06:33+00:00;20260916160633-828d53
AXIEZ;keep;2026-09-16T16:06:33+00:00;20260916160633-de3047
AXONS;keep;2026-09-16T16:06:33+00:00;20260916160633-0a6252
AZIDE;delete;2026-09-16T16:06:33+00:00;20260916160633-fed407
AXAIS;keep;2026-09-16T16:06:37+00:00;20260916160637-5d99c5
AZOTA;delete;2026-09-16T16:06:41+00:00;20260916160641-d6a4f5
AZURA;keep;2026-09-16T16:06:45+00:00;20260916160645-ee0776
BAFFA;keep;2026-09-16T16:06:47+00:00;20260916160647-0d5736
BAGUA;keep;2026-09-16T16:06:48+00:00;20260916160648-00508a
BAKUS;delete;2026-09-16T16:06:49+00:00;20260916160649-4ea7c9
BALLA;delete;2026-09-16T16:06:53+00:00;20260916160653-7a3f48
BARDS;delete;2026-09-16T16:06:54+00:00;20260916160654-9395f1
BARDS;undo;2026-09-16T16:06:57+00:00;20260916160654-9395f1
BARDS;delete;2026-09-16T16:07:05+00:00;20260916160705-6d337c
BARNS;delete;2026-09-16T16:07:09+00:00;20260916160709-65665f
BASAI;keep;2026-09-16T16:07:10+00:00;20260916160710-0c9897
BASAS;keep;2026-09-16T16:07:10+00:00;20260916160710-a31c14
BASAT;keep;2026-09-16T16:07:11+00:00;20260916160711-cf6f2f
BASDE;delete;2026-09-16T16:07:12+00:00;20260916160712-9cccdf
BASDU;delete;2026-09-16T16:07:15+00:00;20260916160715-8167d7
BATAI;keep;2026-09-16T16:07:19+00:00;20260916160719-59327b
BATAS;keep;2026-09-16T16:07:20+00:00;20260916160720-897a84
BATAT;keep;2026-09-16T16:07:20+00:00;20260916160720-0164f3
BATEZ;keep;2026-09-16T16:07:21+00:00;20260916160721-f18cae
BATHY;delete;2026-09-16T16:07:30+00:00;20260916160730-64b036
BAUDI;delete;2026-09-16T16:07:37+00:00;20260916160737-8a0acb
BAUDS;delete;2026-09-16T16:07:38+00:00;20260916160738-6be5db
BAVAI;keep;2026-09-16T16:07:38+00:00;20260916160738-ed2e13
BAVAS;keep;2026-09-16T16:07:38+00:00;20260916160738-d6c00e
BAVAT;keep;2026-09-16T16:07:39+00:00;20260916160739-614b4c
BAVEE;keep;2026-09-16T16:07:39+00:00;20260916160739-a5335b
BEAIS;keep;2026-09-16T16:07:39+00:00;20260916160739-b5eb2a
BEARS;delete;2026-09-16T16:07:39+00:00;20260916160739-df6742
BECHA;keep;2026-09-16T16:07:40+00:00;20260916160740-94e071
BEDAI;delete;2026-09-16T16:07:40+00:00;20260916160740-9995f0
BEDAS;delete;2026-09-16T16:07:40+00:00;20260916160740-8ca7e1
BEDAT;delete;2026-09-16T16:07:40+00:00;20260916160740-8ca7e1
BEDEE;delete;2026-09-16T16:07:40+00:00;20260916160740-8ca7e1
BEDEZ;delete;2026-09-16T16:07:40+00:00;20260916160740-8ca7e1
BEDER;delete;2026-09-16T16:07:40+00:00;20260916160740-8ca7e1
BEDAIS;delete;2026-09-16T16:07:40+00:00;20260916160740-8ca7e1
BEDAIT;delete;2026-09-16T16:07:40+00:00;20260916160740-8ca7e1
BEDANT;delete;2026-09-16T16:07:40+00:00;20260916160740-8ca7e1
BEDEES;delete;2026-09-16T16:07:40+00:00;20260916160740-8ca7e1
BEDENT;delete;2026-09-16T16:07:40+00:00;20260916160740-8ca7e1
BEDERA;delete;2026-09-16T16:07:40+00:00;20260916160740-8ca7e1
BEDIEZ;delete;2026-09-16T16:07:40+00:00;20260916160740-8ca7e1
BEDAMES;delete;2026-09-16T16:07:40+00:00;20260916160740-8ca7e1
BEDASSE;delete;2026-09-16T16:07:40+00:00;20260916160740-8ca7e1
BEDATES;delete;2026-09-16T16:07:40+00:00;20260916160740-8ca7e1
BEDERAI;delete;2026-09-16T16:07:40+00:00;20260916160740-8ca7e1
BEDERAS;delete;2026-09-16T16:07:40+00:00;20260916160740-8ca7e1
BEDEREZ;delete;2026-09-16T16:07:40+00:00;20260916160740-8ca7e1
BEDIONS;delete;2026-09-16T16:07:40+00:00;20260916160740-8ca7e1
BEDAIENT;delete;2026-09-16T16:07:40+00:00;20260916160740-8ca7e1
BEDASSES;delete;2026-09-16T16:07:40+00:00;20260916160740-8ca7e1
BEDERAIS;delete;2026-09-16T16:07:40+00:00;20260916160740-8ca7e1
BEDERAIT;delete;2026-09-16T16:07:40+00:00;20260916160740-8ca7e1
BEDERENT;delete;2026-09-16T16:07:40+00:00;20260916160740-8ca7e1
BEDERIEZ;delete;2026-09-16T16:07:40+00:00;20260916160740-8ca7e1
BEDERONS;delete;2026-09-16T16:07:40+00:00;20260916160740-8ca7e1
BEDERONT;delete;2026-09-16T16:07:40+00:00;20260916160740-8ca7e1
BEDASSENT;delete;2026-09-16T16:07:40+00:00;20260916160740-8ca7e1
BEDASSIEZ;delete;2026-09-16T16:07:40+00:00;20260916160740-8ca7e1
BEDERIONS;delete;2026-09-16T16:07:40+00:00;20260916160740-8ca7e1
BEDASSIONS;delete;2026-09-16T16:07:40+00:00;20260916160740-8ca7e1
BEDERAIENT;delete;2026-09-16T16:07:40+00:00;20260916160740-8ca7e1
BEDOS;keep;2026-09-16T16:07:46+00:00;20260916160746-160016
BEERA;delete;2026-09-16T16:07:53+00:00;20260916160753-fc54ca
BEERS;delete;2026-09-16T16:07:55+00:00;20260916160755-fc0f6b
BEGUS;delete;2026-09-16T16:07:56+00:00;20260916160756-ed7d6d
BEIEZ;delete;2026-09-16T16:07:57+00:00;20260916160757-e1e03d
BEKES;delete;2026-09-16T16:07:57+00:00;20260916160757-d5f731
BELAI;keep;2026-09-16T16:08:00+00:00;20260916160800-a2c38d
BELAS;keep;2026-09-16T16:08:00+00:00;20260916160800-0cf2df
BELAT;keep;2026-09-16T16:08:01+00:00;20260916160801-1d4e1e
BELES;keep;2026-09-16T16:08:01+00:00;20260916160801-d55d2f
BELEZ;keep;2026-09-16T16:08:02+00:00;20260916160802-9cc636
BELGO;delete;2026-09-16T16:08:03+00:00;20260916160803-69805f
BENZO;delete;2026-09-16T16:08:05+00:00;20260916160805-563772
BEONS;delete;2026-09-16T16:08:05+00:00;20260916160805-7176c1
BEQUA;delete;2026-09-16T16:08:06+00:00;20260916160806-1ef5c2
BEQUE;keep;2026-09-16T16:08:10+00:00;20260916160810-a3c77f
BERIS;delete;2026-09-16T16:08:12+00:00;20260916160812-9170e6
BERNA;keep;2026-09-16T16:08:14+00:00;20260916160814-57eb5e
BERUS;delete;2026-09-16T16:08:14+00:00;20260916160814-8a1f90
BEURS;keep;2026-09-16T16:08:17+00:00;20260916160817-39c59d
BEZEL;delete;2026-09-16T16:08:19+00:00;20260916160819-9a5916
BICHA;keep;2026-09-16T16:08:20+00:00;20260916160820-0ffd48
BICHO;delete;2026-09-16T16:08:21+00:00;20260916160821-a67a2f
BIDAU;delete;2026-09-16T16:08:21+00:00;20260916160821-98c025
BIELO;delete;2026-09-16T16:08:22+00:00;20260916160822-7ce208
BIGEA;delete;2026-09-16T16:08:24+00:00;20260916160824-6616e0
BIGEE;delete;2026-09-16T16:08:24+00:00;20260916160824-db86be
BIGES;delete;2026-09-16T16:08:25+00:00;20260916160825-41b88b
BIGEZ;delete;2026-09-16T16:08:26+00:00;20260916160826-e5a3d2
BIGLA;delete;2026-09-16T16:08:26+00:00;20260916160826-e4eca4
BILAI;delete;2026-09-16T16:08:28+00:00;20260916160828-bae9eb
BILAI;undo;2026-09-16T16:08:36+00:00;20260916160828-bae9eb
BILAI;keep;2026-09-16T16:08:39+00:00;20260916160839-b819f7
BILAS;keep;2026-09-16T16:08:40+00:00;20260916160840-fbfaea
BILAT;keep;2026-09-16T16:08:41+00:00;20260916160841-b159b1
BILEE;keep;2026-09-16T16:08:42+00:00;20260916160842-b1f47a
BILIO;delete;2026-09-16T16:08:43+00:00;20260916160843-a2ad4a
BILLA;keep;2026-09-16T16:08:45+00:00;20260916160845-ebb7f1
BINAI;keep;2026-09-16T16:08:48+00:00;20260916160848-3753a8
BINAS;keep;2026-09-16T16:08:48+00:00;20260916160848-689e9f
BINAT;keep;2026-09-16T16:08:49+00:00;20260916160849-a13410
BINES;keep;2026-09-16T16:08:50+00:00;20260916160850-c877e9
BINEZ;keep;2026-09-16T16:08:51+00:00;20260916160851-5cc5eb
BINNS;delete;2026-09-16T16:08:52+00:00;20260916160852-2bce56
BIPAI;keep;2026-09-16T16:08:54+00:00;20260916160854-28e29b
BIPAS;keep;2026-09-16T16:08:54+00:00;20260916160854-ab4a31
BIPAT;keep;2026-09-16T16:08:56+00:00;20260916160856-a2279c
BIRRS;delete;2026-09-16T16:08:57+00:00;20260916160857-bd0305
BISAI;delete;2026-09-16T16:09:02+00:00;20260916160902-1de53f
BISAS;delete;2026-09-16T16:09:02+00:00;20260916160902-98a92b
BISAT;delete;2026-09-16T16:09:06+00:00;20260916160906-2eb227
BISEE;delete;2026-09-16T16:09:06+00:00;20260916160906-2eb227
BISEZ;delete;2026-09-16T16:09:06+00:00;20260916160906-2eb227
BISER;delete;2026-09-16T16:09:06+00:00;20260916160906-2eb227
BISAIS;delete;2026-09-16T16:09:06+00:00;20260916160906-2eb227
BISAIT;delete;2026-09-16T16:09:06+00:00;20260916160906-2eb227
BISANT;delete;2026-09-16T16:09:06+00:00;20260916160906-2eb227
BISEES;delete;2026-09-16T16:09:06+00:00;20260916160906-2eb227
BISENT;delete;2026-09-16T16:09:06+00:00;20260916160906-2eb227
BISERA;delete;2026-09-16T16:09:06+00:00;20260916160906-2eb227
BISIEZ;delete;2026-09-16T16:09:06+00:00;20260916160906-2eb227
BISAMES;delete;2026-09-16T16:09:06+00:00;20260916160906-2eb227
BISASSE;delete;2026-09-16T16:09:06+00:00;20260916160906-2eb227
BISATES;delete;2026-09-16T16:09:06+00:00;20260916160906-2eb227
BISERAI;delete;2026-09-16T16:09:06+00:00;20260916160906-2eb227
BISERAS;delete;2026-09-16T16:09:06+00:00;20260916160906-2eb227
BISEREZ;delete;2026-09-16T16:09:06+00:00;20260916160906-2eb227
BISIONS;delete;2026-09-16T16:09:06+00:00;20260916160906-2eb227
BISAIENT;delete;2026-09-16T16:09:06+00:00;20260916160906-2eb227
BISASSES;delete;2026-09-16T16:09:06+00:00;20260916160906-2eb227
BISERAIS;delete;2026-09-16T16:09:06+00:00;20260916160906-2eb227
BISERAIT;delete;2026-09-16T16:09:06+00:00;20260916160906-2eb227
BISERENT;delete;2026-09-16T16:09:06+00:00;20260916160906-2eb227
BISERIEZ;delete;2026-09-16T16:09:06+00:00;20260916160906-2eb227
BISERONS;delete;2026-09-16T16:09:06+00:00;20260916160906-2eb227
BISERONT;delete;2026-09-16T16:09:06+00:00;20260916160906-2eb227
BISASSENT;delete;2026-09-16T16:09:06+00:00;20260916160906-2eb227
BISASSIEZ;delete;2026-09-16T16:09:06+00:00;20260916160906-2eb227
BISERIONS;delete;2026-09-16T16:09:06+00:00;20260916160906-2eb227
BISASSIONS;delete;2026-09-16T16:09:06+00:00;20260916160906-2eb227
BISERAIENT;delete;2026-09-16T16:09:06+00:00;20260916160906-2eb227
BISSA;delete;2026-09-16T16:09:10+00:00;20260916160910-f9c432
BITAI;delete;2026-09-16T16:09:13+00:00;20260916160913-8f71b9
BITAI;undo;2026-09-16T16:09:22+00:00;20260916160913-8f71b9
BISSA;undo;2026-09-16T16:09:37+00:00;20260916160910-f9c432
BISSA;delete;2026-09-16T16:09:42+00:00;20260916160942-242240
BITAI;keep;2026-09-16T16:09:47+00:00;20260916160947-281c38
BITAS;keep;2026-09-16T16:09:47+00:00;20260916160947-269456
BITAT;keep;2026-09-16T16:09:48+00:00;20260916160948-5b2836
BITEE;delete;2026-09-16T16:09:53+00:00;20260916160953-07748c
BITEZ;keep;2026-09-16T16:09:55+00:00;20260916160955-6c545a
BITTA;delete;2026-09-16T16:09:59+00:00;20260916160959-932306
BIWAS;delete;2026-09-16T16:09:59+00:00;20260916160959-5d999f
BIXAS;delete;2026-09-16T16:10:00+00:00;20260916161000-52d8ff
BLAID;delete;2026-09-16T16:10:01+00:00;20260916161001-2c66f9
BLANE;delete;2026-09-16T16:10:02+00:00;20260916161002-3ccf9b
BLASA;keep;2026-09-16T16:10:06+00:00;20260916161006-bba227
BLEAI;delete;2026-09-16T16:10:07+00:00;20260916161007-67e6e4
BLEAS;delete;2026-09-16T16:10:08+00:00;20260916161008-d69b60
BLEAT;delete;2026-09-16T16:10:08+00:00;20260916161008-c43ed7
BLEEE;delete;2026-09-16T16:10:12+00:00;20260916161012-7fc739
BLEES;delete;2026-09-16T16:10:13+00:00;20260916161013-13de9d
BLEEZ;delete;2026-09-16T16:10:13+00:00;20260916161013-ae94cf
BLESA;delete;2026-09-16T16:10:16+00:00;20260916161016-7cdb5e
BLUTA;delete;2026-09-16T16:10:17+00:00;20260916161017-df7a5f
BLUTE;delete;2026-09-16T16:10:18+00:00;20260916161018-2a9bd6
BLUTE;undo;2026-09-16T16:10:20+00:00;20260916161018-2a9bd6
BLUTE;delete;2026-09-16T16:10:23+00:00;20260916161023-52451a
BODOS;delete;2026-09-16T16:10:24+00:00;20260916161024-70d8cf
BOGUA;delete;2026-09-16T16:10:29+00:00;20260916161029-637bbd
BOISA;delete;2026-09-16T16:10:30+00:00;20260916161030-e9887e
BOISA;undo;2026-09-16T16:10:32+00:00;20260916161030-e9887e
BOISA;keep;2026-09-16T16:10:34+00:00;20260916161034-b491dc
BOITA;keep;2026-09-16T16:10:37+00:00;20260916161037-5d7297
BOLDE;delete;2026-09-16T16:10:37+00:00;20260916161037-893d1f
BOMEE;delete;2026-09-16T16:10:42+00:00;20260916161042-94903f
BOMES;delete;2026-09-16T16:10:46+00:00;20260916161046-9fa7a8
BOMEES;delete;2026-09-16T16:10:46+00:00;20260916161046-9fa7a8
BONIE;delete;2026-09-16T16:11:05+00:00;20260916161105-7a70fb
BONIT;delete;2026-09-16T16:11:05+00:00;20260916161105-7a70fb
BONIR;delete;2026-09-16T16:11:05+00:00;20260916161105-7a70fb
BONIES;delete;2026-09-16T16:11:05+00:00;20260916161105-7a70fb
BONIRA;delete;2026-09-16T16:11:05+00:00;20260916161105-7a70fb
BONIMES;delete;2026-09-16T16:11:05+00:00;20260916161105-7a70fb
BONIRAI;delete;2026-09-16T16:11:05+00:00;20260916161105-7a70fb
BONIRAS;delete;2026-09-16T16:11:05+00:00;20260916161105-7a70fb
BONIREZ;delete;2026-09-16T16:11:05+00:00;20260916161105-7a70fb
BONISSE;delete;2026-09-16T16:11:05+00:00;20260916161105-7a70fb
BONIRAIS;delete;2026-09-16T16:11:05+00:00;20260916161105-7a70fb
BONIRAIT;delete;2026-09-16T16:11:05+00:00;20260916161105-7a70fb
BONIRENT;delete;2026-09-16T16:11:05+00:00;20260916161105-7a70fb
BONIRIEZ;delete;2026-09-16T16:11:05+00:00;20260916161105-7a70fb
BONIRONS;delete;2026-09-16T16:11:05+00:00;20260916161105-7a70fb
BONIRONT;delete;2026-09-16T16:11:05+00:00;20260916161105-7a70fb
BONISSES;delete;2026-09-16T16:11:05+00:00;20260916161105-7a70fb
BONISSEZ;delete;2026-09-16T16:11:05+00:00;20260916161105-7a70fb
BONIRIONS;delete;2026-09-16T16:11:05+00:00;20260916161105-7a70fb
BONISSAIS;delete;2026-09-16T16:11:05+00:00;20260916161105-7a70fb
BONISSANT;delete;2026-09-16T16:11:05+00:00;20260916161105-7a70fb
BONISSENT;delete;2026-09-16T16:11:05+00:00;20260916161105-7a70fb
BONISSIEZ;delete;2026-09-16T16:11:05+00:00;20260916161105-7a70fb
BONISSONS;delete;2026-09-16T16:11:05+00:00;20260916161105-7a70fb
BONISSAIT;delete;2026-09-16T16:11:05+00:00;20260916161105-7a70fb
BONIRAIENT;delete;2026-09-16T16:11:05+00:00;20260916161105-7a70fb
BONISSIONS;delete;2026-09-16T16:11:05+00:00;20260916161105-7a70fb
BONISSAIENT;delete;2026-09-16T16:11:05+00:00;20260916161105-7a70fb
BORAS;delete;2026-09-16T17:34:25+00:00;20260916173425-11df59
BORE;delete;2026-09-16T17:34:29+00:00;20260916173429-523941
BORES;delete;2026-09-16T17:34:29+00:00;20260916173429-523941
BORTS;delete;2026-09-16T17:34:33+00:00;20260916173433-06c6dd
BOTES;delete;2026-09-16T17:34:35+00:00;20260916173435-36a2eb
BOUMA;delete;2026-09-16T17:34:38+00:00;20260916173438-f9cb3f
BOUSA;delete;2026-09-16T17:34:40+00:00;20260916173440-b75439
BOWIE;delete;2026-09-16T17:34:41+00:00;20260916173441-3c783d
BOXAI;keep;2026-09-16T17:34:42+00:00;20260916173442-7a3537
BOXAS;keep;2026-09-16T17:34:43+00:00;20260916173443-16437c
BOXAT;keep;2026-09-16T17:34:44+00:00;20260916173444-6fcf9d
BOXEE;keep;2026-09-16T17:34:44+00:00;20260916173444-bf5213
BRADA;keep;2026-09-16T17:34:45+00:00;20260916173445-b7edcd
BRANC;delete;2026-09-16T17:34:46+00:00;20260916173446-c00503
BRASA;keep;2026-09-16T17:34:48+00:00;20260916173448-820e91
BRAYA;keep;2026-09-16T17:34:50+00:00;20260916173450-ea9f1e
BREDI;delete;2026-09-16T17:34:55+00:00;20260916173455-63a8f0
BREDIS;delete;2026-09-16T17:34:55+00:00;20260916173455-63a8f0
BREDIT;delete;2026-09-16T17:34:55+00:00;20260916173455-63a8f0
BREDIE;delete;2026-09-16T17:34:55+00:00;20260916173455-63a8f0
BREDIR;delete;2026-09-16T17:34:55+00:00;20260916173455-63a8f0
BREDIRA;delete;2026-09-16T17:34:55+00:00;20260916173455-63a8f0
BREDIMES;delete;2026-09-16T17:34:55+00:00;20260916173455-63a8f0
BREDIRAI;delete;2026-09-16T17:34:55+00:00;20260916173455-63a8f0
BREDIRAS;delete;2026-09-16T17:34:55+00:00;20260916173455-63a8f0
BREDIREZ;delete;2026-09-16T17:34:55+00:00;20260916173455-63a8f0
BREDISSE;delete;2026-09-16T17:34:55+00:00;20260916173455-63a8f0
BREDITES;delete;2026-09-16T17:34:55+00:00;20260916173455-63a8f0
BREDIRAIS;delete;2026-09-16T17:34:55+00:00;20260916173455-63a8f0
BREDIRAIT;delete;2026-09-16T17:34:55+00:00;20260916173455-63a8f0
BREDIRENT;delete;2026-09-16T17:34:55+00:00;20260916173455-63a8f0
BREDIRIEZ;delete;2026-09-16T17:34:55+00:00;20260916173455-63a8f0
BREDIRONS;delete;2026-09-16T17:34:55+00:00;20260916173455-63a8f0
BREDIRONT;delete;2026-09-16T17:34:55+00:00;20260916173455-63a8f0
BREDISSES;delete;2026-09-16T17:34:55+00:00;20260916173455-63a8f0
BREDISSEZ;delete;2026-09-16T17:34:55+00:00;20260916173455-63a8f0
BREDIRIONS;delete;2026-09-16T17:34:55+00:00;20260916173455-63a8f0
BREDISSAIS;delete;2026-09-16T17:34:55+00:00;20260916173455-63a8f0
BREDISSAIT;delete;2026-09-16T17:34:55+00:00;20260916173455-63a8f0
BREDISSANT;delete;2026-09-16T17:34:55+00:00;20260916173455-63a8f0
BREDISSENT;delete;2026-09-16T17:34:55+00:00;20260916173455-63a8f0
BREDISSIEZ;delete;2026-09-16T17:34:55+00:00;20260916173455-63a8f0
BREDISSONS;delete;2026-09-16T17:34:55+00:00;20260916173455-63a8f0
BREDIRAIENT;delete;2026-09-16T17:34:55+00:00;20260916173455-63a8f0
BREDISSIONS;delete;2026-09-16T17:34:55+00:00;20260916173455-63a8f0
BREDISSAIENT;delete;2026-09-16T17:34:55+00:00;20260916173455-63a8f0
BRELA;delete;2026-09-16T17:35:11+00:00;20260916173511-29360e
BRELE;delete;2026-09-16T17:35:11+00:00;20260916173511-29360e
BRELAI;delete;2026-09-16T17:35:11+00:00;20260916173511-29360e
BRELAS;delete;2026-09-16T17:35:11+00:00;20260916173511-29360e
BRELAT;delete;2026-09-16T17:35:11+00:00;20260916173511-29360e
BRELEZ;delete;2026-09-16T17:35:11+00:00;20260916173511-29360e
BRELEE;delete;2026-09-16T17:35:11+00:00;20260916173511-29360e
BRELER;delete;2026-09-16T17:35:11+00:00;20260916173511-29360e
BRELES;delete;2026-09-16T17:35:11+00:00;20260916173511-29360e
BRELAIS;delete;2026-09-16T17:35:11+00:00;20260916173511-29360e
BRELAIT;delete;2026-09-16T17:35:11+00:00;20260916173511-29360e
BRELANT;delete;2026-09-16T17:35:11+00:00;20260916173511-29360e
BRELEES;delete;2026-09-16T17:35:11+00:00;20260916173511-29360e
BRELENT;delete;2026-09-16T17:35:11+00:00;20260916173511-29360e
BRELERA;delete;2026-09-16T17:35:11+00:00;20260916173511-29360e
BRELIEZ;delete;2026-09-16T17:35:11+00:00;20260916173511-29360e
BRELONS;delete;2026-09-16T17:35:11+00:00;20260916173511-29360e
BRELAMES;delete;2026-09-16T17:35:11+00:00;20260916173511-29360e
BRELASSE;delete;2026-09-16T17:35:11+00:00;20260916173511-29360e
BRELATES;delete;2026-09-16T17:35:11+00:00;20260916173511-29360e
BRELERAI;delete;2026-09-16T17:35:11+00:00;20260916173511-29360e
BRELERAS;delete;2026-09-16T17:35:11+00:00;20260916173511-29360e
BRELEREZ;delete;2026-09-16T17:35:11+00:00;20260916173511-29360e
BRELIONS;delete;2026-09-16T17:35:11+00:00;20260916173511-29360e
BRELAIENT;delete;2026-09-16T17:35:11+00:00;20260916173511-29360e
BRELASSES;delete;2026-09-16T17:35:11+00:00;20260916173511-29360e
BRELERAIS;delete;2026-09-16T17:35:11+00:00;20260916173511-29360e
BRELERAIT;delete;2026-09-16T17:35:11+00:00;20260916173511-29360e
BRELERENT;delete;2026-09-16T17:35:11+00:00;20260916173511-29360e
BRELERIEZ;delete;2026-09-16T17:35:11+00:00;20260916173511-29360e
BRELERONS;delete;2026-09-16T17:35:11+00:00;20260916173511-29360e
BRELERONT;delete;2026-09-16T17:35:11+00:00;20260916173511-29360e
BRELASSENT;delete;2026-09-16T17:35:11+00:00;20260916173511-29360e
BRELASSIEZ;delete;2026-09-16T17:35:11+00:00;20260916173511-29360e
BRELERIONS;delete;2026-09-16T17:35:11+00:00;20260916173511-29360e
BRELASSIONS;delete;2026-09-16T17:35:11+00:00;20260916173511-29360e
BRELERAIENT;delete;2026-09-16T17:35:11+00:00;20260916173511-29360e
BRIAI;delete;2026-09-16T17:35:24+00:00;20260916173524-b03fc2
BRIAS;delete;2026-09-16T17:35:24+00:00;20260916173524-b03fc2
BRIAT;delete;2026-09-16T17:35:24+00:00;20260916173524-b03fc2
BRIEZ;delete;2026-09-16T17:35:24+00:00;20260916173524-b03fc2
BRIER;delete;2026-09-16T17:35:24+00:00;20260916173524-b03fc2
BRIAIS;delete;2026-09-16T17:35:24+00:00;20260916173524-b03fc2
BRIAIT;delete;2026-09-16T17:35:24+00:00;20260916173524-b03fc2
BRIANT;delete;2026-09-16T17:35:24+00:00;20260916173524-b03fc2
BRIENT;delete;2026-09-16T17:35:24+00:00;20260916173524-b03fc2
BRIERA;delete;2026-09-16T17:35:24+00:00;20260916173524-b03fc2
BRIIEZ;delete;2026-09-16T17:35:24+00:00;20260916173524-b03fc2
BRIAMES;delete;2026-09-16T17:35:24+00:00;20260916173524-b03fc2
BRIASSE;delete;2026-09-16T17:35:24+00:00;20260916173524-b03fc2
BRIATES;delete;2026-09-16T17:35:24+00:00;20260916173524-b03fc2
BRIERAI;delete;2026-09-16T17:35:24+00:00;20260916173524-b03fc2
BRIERAS;delete;2026-09-16T17:35:24+00:00;20260916173524-b03fc2
BRIEREZ;delete;2026-09-16T17:35:24+00:00;20260916173524-b03fc2
BRIIONS;delete;2026-09-16T17:35:24+00:00;20260916173524-b03fc2
BRIAIENT;delete;2026-09-16T17:35:24+00:00;20260916173524-b03fc2
BRIASSES;delete;2026-09-16T17:35:24+00:00;20260916173524-b03fc2
BRIERAIS;delete;2026-09-16T17:35:24+00:00;20260916173524-b03fc2
BRIERAIT;delete;2026-09-16T17:35:24+00:00;20260916173524-b03fc2
BRIERENT;delete;2026-09-16T17:35:24+00:00;20260916173524-b03fc2
BRIERIEZ;delete;2026-09-16T17:35:24+00:00;20260916173524-b03fc2
BRIERONS;delete;2026-09-16T17:35:24+00:00;20260916173524-b03fc2
BRIERONT;delete;2026-09-16T17:35:24+00:00;20260916173524-b03fc2
BRIASSENT;delete;2026-09-16T17:35:24+00:00;20260916173524-b03fc2
BRIASSIEZ;delete;2026-09-16T17:35:24+00:00;20260916173524-b03fc2
BRIERIONS;delete;2026-09-16T17:35:24+00:00;20260916173524-b03fc2
BRIASSIONS;delete;2026-09-16T17:35:24+00:00;20260916173524-b03fc2
BRIERAIENT;delete;2026-09-16T17:35:24+00:00;20260916173524-b03fc2
BRIDA;keep;2026-09-16T17:35:26+00:00;20260916173526-986e0b
BRIFA;delete;2026-09-16T17:35:31+00:00;20260916173531-bc57b0
BRIFE;delete;2026-09-16T17:35:31+00:00;20260916173531-bc57b0
BRIFAI;delete;2026-09-16T17:35:31+00:00;20260916173531-bc57b0
BRIFAS;delete;2026-09-16T17:35:31+00:00;20260916173531-bc57b0
BRIFAT;delete;2026-09-16T17:35:31+00:00;20260916173531-bc57b0
BRIFEE;delete;2026-09-16T17:35:31+00:00;20260916173531-bc57b0
BRIFES;delete;2026-09-16T17:35:31+00:00;20260916173531-bc57b0
BRIFER;delete;2026-09-16T17:35:31+00:00;20260916173531-bc57b0
BRIFEZ;delete;2026-09-16T17:35:31+00:00;20260916173531-bc57b0
BRIFAIS;delete;2026-09-16T17:35:31+00:00;20260916173531-bc57b0
BRIFAIT;delete;2026-09-16T17:35:31+00:00;20260916173531-bc57b0
BRIFANT;delete;2026-09-16T17:35:31+00:00;20260916173531-bc57b0
BRIFEES;delete;2026-09-16T17:35:31+00:00;20260916173531-bc57b0
BRIFENT;delete;2026-09-16T17:35:31+00:00;20260916173531-bc57b0
BRIFERA;delete;2026-09-16T17:35:31+00:00;20260916173531-bc57b0
BRIFIEZ;delete;2026-09-16T17:35:31+00:00;20260916173531-bc57b0
BRIFONS;delete;2026-09-16T17:35:31+00:00;20260916173531-bc57b0
BRIFAMES;delete;2026-09-16T17:35:31+00:00;20260916173531-bc57b0
BRIFASSE;delete;2026-09-16T17:35:31+00:00;20260916173531-bc57b0
BRIFATES;delete;2026-09-16T17:35:31+00:00;20260916173531-bc57b0
BRIFERAI;delete;2026-09-16T17:35:31+00:00;20260916173531-bc57b0
BRIFERAS;delete;2026-09-16T17:35:31+00:00;20260916173531-bc57b0
BRIFEREZ;delete;2026-09-16T17:35:31+00:00;20260916173531-bc57b0
BRIFIONS;delete;2026-09-16T17:35:31+00:00;20260916173531-bc57b0
BRIFAIENT;delete;2026-09-16T17:35:31+00:00;20260916173531-bc57b0
BRIFASSES;delete;2026-09-16T17:35:31+00:00;20260916173531-bc57b0
BRIFERAIS;delete;2026-09-16T17:35:31+00:00;20260916173531-bc57b0
BRIFERAIT;delete;2026-09-16T17:35:31+00:00;20260916173531-bc57b0
BRIFERENT;delete;2026-09-16T17:35:31+00:00;20260916173531-bc57b0
BRIFERIEZ;delete;2026-09-16T17:35:31+00:00;20260916173531-bc57b0
BRIFERONS;delete;2026-09-16T17:35:31+00:00;20260916173531-bc57b0
BRIFERONT;delete;2026-09-16T17:35:31+00:00;20260916173531-bc57b0
BRIFASSENT;delete;2026-09-16T17:35:31+00:00;20260916173531-bc57b0
BRIFASSIEZ;delete;2026-09-16T17:35:31+00:00;20260916173531-bc57b0
BRIFERIONS;delete;2026-09-16T17:35:31+00:00;20260916173531-bc57b0
BRIFASSIONS;delete;2026-09-16T17:35:31+00:00;20260916173531-bc57b0
BRIFERAIENT;delete;2026-09-16T17:35:31+00:00;20260916173531-bc57b0
BRIOS;keep;2026-09-16T17:35:34+00:00;20260916173534-e52b5f
BRUEL;delete;2026-09-16T17:35:37+00:00;20260916173537-263b45
BRUIE;delete;2026-09-16T17:35:44+00:00;20260916173544-effd3d
BRUIS;delete;2026-09-16T17:35:48+00:00;20260916173548-712fae
BRUMA;delete;2026-09-16T17:35:50+00:00;20260916173550-0c4cf1
BRUMA;undo;2026-09-16T17:35:52+00:00;20260916173550-0c4cf1
BRUMA;keep;2026-09-16T17:35:53+00:00;20260916173553-98286e
BRUTA;delete;2026-09-16T17:35:55+00:00;20260916173555-06199c
BUBAS;delete;2026-09-16T17:35:57+00:00;20260916173557-39856a
BUCHA;keep;2026-09-16T17:36:08+00:00;20260916173608-0d5c6e
BUGLA;delete;2026-09-16T17:36:29+00:00;20260916173629-5fe4e9
BUGNA;delete;2026-09-16T17:36:29+00:00;20260916173629-824b23
BUGNA;undo;2026-09-16T17:36:30+00:00;20260916173629-824b23
BUGNA;keep;2026-09-16T17:36:35+00:00;20260916173635-3fd313
BUISA;delete;2026-09-16T17:36:39+00:00;20260916173639-99a8dc
BUISE;delete;2026-09-16T17:36:40+00:00;20260916173640-4d673b
BULBO;delete;2026-09-16T17:36:41+00:00;20260916173641-3c087e
BULBS;delete;2026-09-16T17:36:42+00:00;20260916173642-62743b
BUQUA;delete;2026-09-16T17:36:44+00:00;20260916173644-e87a69
BUQUE;delete;2026-09-16T17:36:48+00:00;20260916173648-c760ec
BURES;delete;2026-09-16T17:36:50+00:00;20260916173650-40322b
BURGE;delete;2026-09-16T17:36:51+00:00;20260916173651-c82dab
BUSAI;delete;2026-09-16T17:36:53+00:00;20260916173653-e69cfc
BUSAS;delete;2026-09-16T17:36:56+00:00;20260916173656-244054
BUSAT;delete;2026-09-16T17:36:57+00:00;20260916173657-8a2021
BUSCS;delete;2026-09-16T17:36:57+00:00;20260916173657-7d8390
BUSDE;delete;2026-09-16T17:36:58+00:00;20260916173658-d49624
BUSEE;delete;2026-09-16T17:37:01+00:00;20260916173701-d49d17
BUSEZ;delete;2026-09-16T17:37:03+00:00;20260916173703-981093
BUTAS;keep;2026-09-16T17:37:05+00:00;20260916173705-eb3ac1
BUTAT;keep;2026-09-16T17:37:06+00:00;20260916173706-898143
BUTTA;keep;2026-09-16T17:37:06+00:00;20260916173706-ce66bc
CABLO;delete;2026-09-16T17:37:07+00:00;20260916173707-1c0ee8
CAC40;delete;2026-09-16T17:37:08+00:00;20260916173708-da8981
CADES;delete;2026-09-16T17:37:14+00:00;20260916173714-ab0168
CADRA;keep;2026-09-16T17:37:15+00:00;20260916173715-ac7baf
CAECO;delete;2026-09-16T17:37:16+00:00;20260916173716-155b0b
CAFTA;keep;2026-09-16T17:37:18+00:00;20260916173718-bc55ce
CAGUA;keep;2026-09-16T17:37:20+00:00;20260916173720-32f904
CAICS;delete;2026-09-16T17:37:22+00:00;20260916173722-7a40c2
CAINE;delete;2026-09-16T17:37:23+00:00;20260916173723-4fc7fd
CALAS;keep;2026-09-16T17:37:24+00:00;20260916173724-fab94d
CALAT;keep;2026-09-16T17:37:24+00:00;20260916173724-307ba4
CALCA;delete;2026-09-16T17:37:28+00:00;20260916173728-3aedb3
CALCI;delete;2026-09-16T17:37:29+00:00;20260916173729-d3b450
CALLI;delete;2026-09-16T17:37:30+00:00;20260916173730-155881
CALTA;delete;2026-09-16T17:37:35+00:00;20260916173735-790cb2
CALTE;delete;2026-09-16T17:37:35+00:00;20260916173735-790cb2
CALTAI;delete;2026-09-16T17:37:35+00:00;20260916173735-790cb2
CALTAS;delete;2026-09-16T17:37:35+00:00;20260916173735-790cb2
CALTAT;delete;2026-09-16T17:37:35+00:00;20260916173735-790cb2
CALTEE;delete;2026-09-16T17:37:35+00:00;20260916173735-790cb2
CALTES;delete;2026-09-16T17:37:35+00:00;20260916173735-790cb2
CALTER;delete;2026-09-16T17:37:35+00:00;20260916173735-790cb2
CALTEZ;delete;2026-09-16T17:37:35+00:00;20260916173735-790cb2
CALTAIS;delete;2026-09-16T17:37:35+00:00;20260916173735-790cb2
CALTAIT;delete;2026-09-16T17:37:35+00:00;20260916173735-790cb2
CALTANT;delete;2026-09-16T17:37:35+00:00;20260916173735-790cb2
CALTEES;delete;2026-09-16T17:37:35+00:00;20260916173735-790cb2
CALTERA;delete;2026-09-16T17:37:35+00:00;20260916173735-790cb2
CALTIEZ;delete;2026-09-16T17:37:35+00:00;20260916173735-790cb2
CALTONS;delete;2026-09-16T17:37:35+00:00;20260916173735-790cb2
CALTENT;delete;2026-09-16T17:37:35+00:00;20260916173735-790cb2
CALTAMES;delete;2026-09-16T17:37:35+00:00;20260916173735-790cb2
CALTASSE;delete;2026-09-16T17:37:35+00:00;20260916173735-790cb2
CALTATES;delete;2026-09-16T17:37:35+00:00;20260916173735-790cb2
CALTERAI;delete;2026-09-16T17:37:35+00:00;20260916173735-790cb2
CALTERAS;delete;2026-09-16T17:37:35+00:00;20260916173735-790cb2
CALTEREZ;delete;2026-09-16T17:37:35+00:00;20260916173735-790cb2
CALTIONS;delete;2026-09-16T17:37:35+00:00;20260916173735-790cb2
CALTAIENT;delete;2026-09-16T17:37:35+00:00;20260916173735-790cb2
CALTASSES;delete;2026-09-16T17:37:35+00:00;20260916173735-790cb2
CALTERAIS;delete;2026-09-16T17:37:35+00:00;20260916173735-790cb2
CALTERAIT;delete;2026-09-16T17:37:35+00:00;20260916173735-790cb2
CALTERENT;delete;2026-09-16T17:37:35+00:00;20260916173735-790cb2
CALTERIEZ;delete;2026-09-16T17:37:35+00:00;20260916173735-790cb2
CALTERONS;delete;2026-09-16T17:37:35+00:00;20260916173735-790cb2
CALTERONT;delete;2026-09-16T17:37:35+00:00;20260916173735-790cb2
CALTASSENT;delete;2026-09-16T17:37:35+00:00;20260916173735-790cb2
CALTASSIEZ;delete;2026-09-16T17:37:35+00:00;20260916173735-790cb2
CALTERIONS;delete;2026-09-16T17:37:35+00:00;20260916173735-790cb2
CALTASSIONS;delete;2026-09-16T17:37:35+00:00;20260916173735-790cb2
CALTERAIENT;delete;2026-09-16T17:37:35+00:00;20260916173735-790cb2
CAMAI;keep;2026-09-16T17:37:44+00:00;20260916173744-a3b8c5
CAMAS;keep;2026-09-16T17:37:45+00:00;20260916173745-eb2c76
CAMAT;keep;2026-09-16T17:37:45+00:00;20260916173745-7492a5
CANAI;keep;2026-09-16T17:37:47+00:00;20260916173747-10be0f
CANAT;keep;2026-09-16T17:37:47+00:00;20260916173747-4349f5
CANEZ;keep;2026-09-16T17:37:48+00:00;20260916173748-47fa55
CANTA;delete;2026-09-16T17:37:52+00:00;20260916173752-c35247
CANTE;delete;2026-09-16T17:37:52+00:00;20260916173752-c35247
CANTAI;delete;2026-09-16T17:37:52+00:00;20260916173752-c35247
CANTAS;delete;2026-09-16T17:37:52+00:00;20260916173752-c35247
CANTAT;delete;2026-09-16T17:37:52+00:00;20260916173752-c35247
CANTEE;delete;2026-09-16T17:37:52+00:00;20260916173752-c35247
CANTES;delete;2026-09-16T17:37:52+00:00;20260916173752-c35247
CANTEZ;delete;2026-09-16T17:37:52+00:00;20260916173752-c35247
CANTER;delete;2026-09-16T17:37:52+00:00;20260916173752-c35247
CANTAIS;delete;2026-09-16T17:37:52+00:00;20260916173752-c35247
CANTAIT;delete;2026-09-16T17:37:52+00:00;20260916173752-c35247
CANTANT;delete;2026-09-16T17:37:52+00:00;20260916173752-c35247
CANTEES;delete;2026-09-16T17:37:52+00:00;20260916173752-c35247
CANTENT;delete;2026-09-16T17:37:52+00:00;20260916173752-c35247
CANTERS;delete;2026-09-16T17:37:52+00:00;20260916173752-c35247
CANTIEZ;delete;2026-09-16T17:37:52+00:00;20260916173752-c35247
CANTERA;delete;2026-09-16T17:37:52+00:00;20260916173752-c35247
CANTAMES;delete;2026-09-16T17:37:52+00:00;20260916173752-c35247
CANTASSE;delete;2026-09-16T17:37:52+00:00;20260916173752-c35247
CANTERAI;delete;2026-09-16T17:37:52+00:00;20260916173752-c35247
CANTERAS;delete;2026-09-16T17:37:52+00:00;20260916173752-c35247
CANTEREZ;delete;2026-09-16T17:37:52+00:00;20260916173752-c35247
CANTIONS;delete;2026-09-16T17:37:52+00:00;20260916173752-c35247
CANTAIENT;delete;2026-09-16T17:37:52+00:00;20260916173752-c35247
CANTASSES;delete;2026-09-16T17:37:52+00:00;20260916173752-c35247
CANTERAIS;delete;2026-09-16T17:37:52+00:00;20260916173752-c35247
CANTERAIT;delete;2026-09-16T17:37:52+00:00;20260916173752-c35247
CANTERENT;delete;2026-09-16T17:37:52+00:00;20260916173752-c35247
CANTERIEZ;delete;2026-09-16T17:37:52+00:00;20260916173752-c35247
CANTERONS;delete;2026-09-16T17:37:52+00:00;20260916173752-c35247
CANTERONT;delete;2026-09-16T17:37:52+00:00;20260916173752-c35247
CANTASSENT;delete;2026-09-16T17:37:52+00:00;20260916173752-c35247
CANTASSIEZ;delete;2026-09-16T17:37:52+00:00;20260916173752-c35247
CANTERIONS;delete;2026-09-16T17:37:52+00:00;20260916173752-c35247
CANTASSIONS;delete;2026-09-16T17:37:52+00:00;20260916173752-c35247
CANTERAIENT;delete;2026-09-16T17:37:52+00:00;20260916173752-c35247
CANTO;delete;2026-09-16T17:37:53+00:00;20260916173753-7fe263
CAPAI;keep;2026-09-16T17:38:36+00:00;20260916173836-822e57
CAPAS;keep;2026-09-16T17:38:37+00:00;20260916173837-eae2d0
CAPAT;keep;2026-09-16T17:38:37+00:00;20260916173837-f1353e
CAPEA;delete;2026-09-16T17:38:49+00:00;20260916173849-108360
CAPEE;delete;2026-09-16T17:38:51+00:00;20260916173851-0b3bc1
CAPEAI;delete;2026-09-16T17:38:51+00:00;20260916173851-0b3bc1
CAPEAS;delete;2026-09-16T17:38:51+00:00;20260916173851-0b3bc1
CAPEAT;delete;2026-09-16T17:38:51+00:00;20260916173851-0b3bc1
CAPEES;delete;2026-09-16T17:38:51+00:00;20260916173851-0b3bc1
CAPEEZ;delete;2026-09-16T17:38:51+00:00;20260916173851-0b3bc1
CAPEER;delete;2026-09-16T17:38:51+00:00;20260916173851-0b3bc1
CAPEAIS;delete;2026-09-16T17:38:51+00:00;20260916173851-0b3bc1
CAPEAIT;delete;2026-09-16T17:38:51+00:00;20260916173851-0b3bc1
CAPEANT;delete;2026-09-16T17:38:51+00:00;20260916173851-0b3bc1
CAPEENT;delete;2026-09-16T17:38:51+00:00;20260916173851-0b3bc1
CAPEERA;delete;2026-09-16T17:38:51+00:00;20260916173851-0b3bc1
CAPEIEZ;delete;2026-09-16T17:38:51+00:00;20260916173851-0b3bc1
CAPEONS;delete;2026-09-16T17:38:51+00:00;20260916173851-0b3bc1
CAPEAMES;delete;2026-09-16T17:38:51+00:00;20260916173851-0b3bc1
CAPEASSE;delete;2026-09-16T17:38:51+00:00;20260916173851-0b3bc1
CAPEATES;delete;2026-09-16T17:38:51+00:00;20260916173851-0b3bc1
CAPEERAI;delete;2026-09-16T17:38:51+00:00;20260916173851-0b3bc1
CAPEERAS;delete;2026-09-16T17:38:51+00:00;20260916173851-0b3bc1
CAPEEREZ;delete;2026-09-16T17:38:51+00:00;20260916173851-0b3bc1
CAPEIONS;delete;2026-09-16T17:38:51+00:00;20260916173851-0b3bc1
CAPEAIENT;delete;2026-09-16T17:38:51+00:00;20260916173851-0b3bc1
CAPEASSES;delete;2026-09-16T17:38:51+00:00;20260916173851-0b3bc1
CAPEERAIS;delete;2026-09-16T17:38:51+00:00;20260916173851-0b3bc1
CAPEERAIT;delete;2026-09-16T17:38:51+00:00;20260916173851-0b3bc1
CAPEERENT;delete;2026-09-16T17:38:51+00:00;20260916173851-0b3bc1
CAPEERIEZ;delete;2026-09-16T17:38:51+00:00;20260916173851-0b3bc1
CAPEERONS;delete;2026-09-16T17:38:51+00:00;20260916173851-0b3bc1
CAPEERONT;delete;2026-09-16T17:38:51+00:00;20260916173851-0b3bc1
CAPEASSENT;delete;2026-09-16T17:38:51+00:00;20260916173851-0b3bc1
CAPEASSIEZ;delete;2026-09-16T17:38:51+00:00;20260916173851-0b3bc1
CAPEERIONS;delete;2026-09-16T17:38:51+00:00;20260916173851-0b3bc1
CAPEASSIONS;delete;2026-09-16T17:38:51+00:00;20260916173851-0b3bc1
CAPEERAIENT;delete;2026-09-16T17:38:51+00:00;20260916173851-0b3bc1
CAPEZ;keep;2026-09-16T17:38:56+00:00;20260916173856-abd4e8
CAPIA;delete;2026-09-16T17:39:06+00:00;20260916173906-38814f
CAPIE;delete;2026-09-16T17:39:06+00:00;20260916173906-38814f
CAPIAI;delete;2026-09-16T17:39:06+00:00;20260916173906-38814f
CAPIAS;delete;2026-09-16T17:39:06+00:00;20260916173906-38814f
CAPIAT;delete;2026-09-16T17:39:06+00:00;20260916173906-38814f
CAPIER;delete;2026-09-16T17:39:06+00:00;20260916173906-38814f
CAPIAIS;delete;2026-09-16T17:39:06+00:00;20260916173906-38814f
CAPIAIT;delete;2026-09-16T17:39:06+00:00;20260916173906-38814f
CAPIANT;delete;2026-09-16T17:39:06+00:00;20260916173906-38814f
CAPIENT;delete;2026-09-16T17:39:06+00:00;20260916173906-38814f
CAPIERA;delete;2026-09-16T17:39:06+00:00;20260916173906-38814f
CAPIIEZ;delete;2026-09-16T17:39:06+00:00;20260916173906-38814f
CAPIAMES;delete;2026-09-16T17:39:06+00:00;20260916173906-38814f
CAPIASSE;delete;2026-09-16T17:39:06+00:00;20260916173906-38814f
CAPIATES;delete;2026-09-16T17:39:06+00:00;20260916173906-38814f
CAPIERAI;delete;2026-09-16T17:39:06+00:00;20260916173906-38814f
CAPIERAS;delete;2026-09-16T17:39:06+00:00;20260916173906-38814f
CAPIEREZ;delete;2026-09-16T17:39:06+00:00;20260916173906-38814f
CAPIIONS;delete;2026-09-16T17:39:06+00:00;20260916173906-38814f
CAPIAIENT;delete;2026-09-16T17:39:06+00:00;20260916173906-38814f
CAPIASSES;delete;2026-09-16T17:39:06+00:00;20260916173906-38814f
CAPIERAIS;delete;2026-09-16T17:39:06+00:00;20260916173906-38814f
CAPIERAIT;delete;2026-09-16T17:39:06+00:00;20260916173906-38814f
CAPIERENT;delete;2026-09-16T17:39:06+00:00;20260916173906-38814f
CAPIERIEZ;delete;2026-09-16T17:39:06+00:00;20260916173906-38814f
CAPIERONS;delete;2026-09-16T17:39:06+00:00;20260916173906-38814f
CAPIERONT;delete;2026-09-16T17:39:06+00:00;20260916173906-38814f
CAPIASSENT;delete;2026-09-16T17:39:06+00:00;20260916173906-38814f
CAPIASSIEZ;delete;2026-09-16T17:39:06+00:00;20260916173906-38814f
CAPIERIONS;delete;2026-09-16T17:39:06+00:00;20260916173906-38814f
CAPIASSIONS;delete;2026-09-16T17:39:06+00:00;20260916173906-38814f
CAPIERAIENT;delete;2026-09-16T17:39:06+00:00;20260916173906-38814f
CAPSA;delete;2026-09-16T17:39:09+00:00;20260916173909-72ef2f
CAPSE;delete;2026-09-16T17:39:09+00:00;20260916173909-72ef2f
CAPSAI;delete;2026-09-16T17:39:09+00:00;20260916173909-72ef2f
CAPSAS;delete;2026-09-16T17:39:09+00:00;20260916173909-72ef2f
CAPSAT;delete;2026-09-16T17:39:09+00:00;20260916173909-72ef2f
CAPSEE;delete;2026-09-16T17:39:09+00:00;20260916173909-72ef2f
CAPSEZ;delete;2026-09-16T17:39:09+00:00;20260916173909-72ef2f
CAPSER;delete;2026-09-16T17:39:09+00:00;20260916173909-72ef2f
CAPSAIS;delete;2026-09-16T17:39:09+00:00;20260916173909-72ef2f
CAPSAIT;delete;2026-09-16T17:39:09+00:00;20260916173909-72ef2f
CAPSANT;delete;2026-09-16T17:39:09+00:00;20260916173909-72ef2f
CAPSEES;delete;2026-09-16T17:39:09+00:00;20260916173909-72ef2f
CAPSENT;delete;2026-09-16T17:39:09+00:00;20260916173909-72ef2f
CAPSERA;delete;2026-09-16T17:39:09+00:00;20260916173909-72ef2f
CAPSIEZ;delete;2026-09-16T17:39:09+00:00;20260916173909-72ef2f
CAPSONS;delete;2026-09-16T17:39:09+00:00;20260916173909-72ef2f
CAPSAMES;delete;2026-09-16T17:39:09+00:00;20260916173909-72ef2f
CAPSASSE;delete;2026-09-16T17:39:09+00:00;20260916173909-72ef2f
CAPSATES;delete;2026-09-16T17:39:09+00:00;20260916173909-72ef2f
CAPSERAI;delete;2026-09-16T17:39:09+00:00;20260916173909-72ef2f
CAPSERAS;delete;2026-09-16T17:39:09+00:00;20260916173909-72ef2f
CAPSEREZ;delete;2026-09-16T17:39:09+00:00;20260916173909-72ef2f
CAPSIONS;delete;2026-09-16T17:39:09+00:00;20260916173909-72ef2f
CAPSAIENT;delete;2026-09-16T17:39:09+00:00;20260916173909-72ef2f
CAPSASSES;delete;2026-09-16T17:39:09+00:00;20260916173909-72ef2f
CAPSERAIS;delete;2026-09-16T17:39:09+00:00;20260916173909-72ef2f
CAPSERAIT;delete;2026-09-16T17:39:09+00:00;20260916173909-72ef2f
CAPSERENT;delete;2026-09-16T17:39:09+00:00;20260916173909-72ef2f
CAPSERIEZ;delete;2026-09-16T17:39:09+00:00;20260916173909-72ef2f
CAPSERONS;delete;2026-09-16T17:39:09+00:00;20260916173909-72ef2f
CAPSERONT;delete;2026-09-16T17:39:09+00:00;20260916173909-72ef2f
CAPSASSENT;delete;2026-09-16T17:39:09+00:00;20260916173909-72ef2f
CAPSASSIEZ;delete;2026-09-16T17:39:09+00:00;20260916173909-72ef2f
CAPSERIONS;delete;2026-09-16T17:39:09+00:00;20260916173909-72ef2f
CAPSASSIONS;delete;2026-09-16T17:39:09+00:00;20260916173909-72ef2f
CAPSERAIENT;delete;2026-09-16T17:39:09+00:00;20260916173909-72ef2f
CAQUA;delete;2026-09-16T17:39:13+00:00;20260916173913-512ce7
CAQUAI;delete;2026-09-16T17:39:13+00:00;20260916173913-512ce7
CAQUAS;delete;2026-09-16T17:39:13+00:00;20260916173913-512ce7
CAQUAT;delete;2026-09-16T17:39:13+00:00;20260916173913-512ce7
CAQUEE;delete;2026-09-16T17:39:13+00:00;20260916173913-512ce7
CAQUEZ;delete;2026-09-16T17:39:13+00:00;20260916173913-512ce7
CAQUER;delete;2026-09-16T17:39:13+00:00;20260916173913-512ce7
CAQUAIS;delete;2026-09-16T17:39:13+00:00;20260916173913-512ce7
CAQUAIT;delete;2026-09-16T17:39:13+00:00;20260916173913-512ce7
CAQUANT;delete;2026-09-16T17:39:13+00:00;20260916173913-512ce7
CAQUEES;delete;2026-09-16T17:39:13+00:00;20260916173913-512ce7
CAQUENT;delete;2026-09-16T17:39:13+00:00;20260916173913-512ce7
CAQUERA;delete;2026-09-16T17:39:13+00:00;20260916173913-512ce7
CAQUIEZ;delete;2026-09-16T17:39:13+00:00;20260916173913-512ce7
CAQUONS;delete;2026-09-16T17:39:13+00:00;20260916173913-512ce7
CAQUAMES;delete;2026-09-16T17:39:13+00:00;20260916173913-512ce7
CAQUASSE;delete;2026-09-16T17:39:13+00:00;20260916173913-512ce7
CAQUATES;delete;2026-09-16T17:39:13+00:00;20260916173913-512ce7
CAQUERAI;delete;2026-09-16T17:39:13+00:00;20260916173913-512ce7
CAQUERAS;delete;2026-09-16T17:39:13+00:00;20260916173913-512ce7
CAQUEREZ;delete;2026-09-16T17:39:13+00:00;20260916173913-512ce7
CAQUIONS;delete;2026-09-16T17:39:13+00:00;20260916173913-512ce7
CAQUAIENT;delete;2026-09-16T17:39:13+00:00;20260916173913-512ce7
CAQUASSES;delete;2026-09-16T17:39:13+00:00;20260916173913-512ce7
CAQUERAIS;delete;2026-09-16T17:39:13+00:00;20260916173913-512ce7
CAQUERAIT;delete;2026-09-16T17:39:13+00:00;20260916173913-512ce7
CAQUERENT;delete;2026-09-16T17:39:13+00:00;20260916173913-512ce7
CAQUERIEZ;delete;2026-09-16T17:39:13+00:00;20260916173913-512ce7
CAQUERONS;delete;2026-09-16T17:39:13+00:00;20260916173913-512ce7
CAQUERONT;delete;2026-09-16T17:39:13+00:00;20260916173913-512ce7
CAQUASSENT;delete;2026-09-16T17:39:13+00:00;20260916173913-512ce7
CAQUASSIEZ;delete;2026-09-16T17:39:13+00:00;20260916173913-512ce7
CAQUERIONS;delete;2026-09-16T17:39:13+00:00;20260916173913-512ce7
CAQUASSIONS;delete;2026-09-16T17:39:13+00:00;20260916173913-512ce7
CAQUERAIENT;delete;2026-09-16T17:39:13+00:00;20260916173913-512ce7
CARAI;delete;2026-09-16T17:39:19+00:00;20260916173919-9b32e6
CARAS;delete;2026-09-16T17:39:19+00:00;20260916173919-9b32e6
CAREE;delete;2026-09-16T17:39:19+00:00;20260916173919-9b32e6
CARES;delete;2026-09-16T17:39:19+00:00;20260916173919-9b32e6
CAREZ;delete;2026-09-16T17:39:19+00:00;20260916173919-9b32e6
CARER;delete;2026-09-16T17:39:19+00:00;20260916173919-9b32e6
CARAIS;delete;2026-09-16T17:39:19+00:00;20260916173919-9b32e6
CARAIT;delete;2026-09-16T17:39:19+00:00;20260916173919-9b32e6
CARANT;delete;2026-09-16T17:39:19+00:00;20260916173919-9b32e6
CAREES;delete;2026-09-16T17:39:19+00:00;20260916173919-9b32e6
CARERA;delete;2026-09-16T17:39:19+00:00;20260916173919-9b32e6
CARENT;delete;2026-09-16T17:39:19+00:00;20260916173919-9b32e6
CARAMES;delete;2026-09-16T17:39:19+00:00;20260916173919-9b32e6
CARASSE;delete;2026-09-16T17:39:19+00:00;20260916173919-9b32e6
CARATES;delete;2026-09-16T17:39:19+00:00;20260916173919-9b32e6
CARERAI;delete;2026-09-16T17:39:19+00:00;20260916173919-9b32e6
CARERAS;delete;2026-09-16T17:39:19+00:00;20260916173919-9b32e6
CAREREZ;delete;2026-09-16T17:39:19+00:00;20260916173919-9b32e6
CARAIENT;delete;2026-09-16T17:39:19+00:00;20260916173919-9b32e6
CARASSES;delete;2026-09-16T17:39:19+00:00;20260916173919-9b32e6
CARERAIS;delete;2026-09-16T17:39:19+00:00;20260916173919-9b32e6
CARERAIT;delete;2026-09-16T17:39:19+00:00;20260916173919-9b32e6
CARERENT;delete;2026-09-16T17:39:19+00:00;20260916173919-9b32e6
CARERIEZ;delete;2026-09-16T17:39:19+00:00;20260916173919-9b32e6
CARERONS;delete;2026-09-16T17:39:19+00:00;20260916173919-9b32e6
CARERONT;delete;2026-09-16T17:39:19+00:00;20260916173919-9b32e6
CARASSENT;delete;2026-09-16T17:39:19+00:00;20260916173919-9b32e6
CARASSIEZ;delete;2026-09-16T17:39:19+00:00;20260916173919-9b32e6
CARERIONS;delete;2026-09-16T17:39:19+00:00;20260916173919-9b32e6
CARASSIONS;delete;2026-09-16T17:39:19+00:00;20260916173919-9b32e6
CARERAIENT;delete;2026-09-16T17:39:19+00:00;20260916173919-9b32e6
CARDA;delete;2026-09-16T17:39:23+00:00;20260916173923-ee1196
CARDE;delete;2026-09-16T17:39:23+00:00;20260916173923-ee1196
CARDAI;delete;2026-09-16T17:39:23+00:00;20260916173923-ee1196
CARDAS;delete;2026-09-16T17:39:23+00:00;20260916173923-ee1196
CARDAT;delete;2026-09-16T17:39:23+00:00;20260916173923-ee1196
CARDEZ;delete;2026-09-16T17:39:23+00:00;20260916173923-ee1196
CARDEE;delete;2026-09-16T17:39:23+00:00;20260916173923-ee1196
CARDER;delete;2026-09-16T17:39:23+00:00;20260916173923-ee1196
CARDAIS;delete;2026-09-16T17:39:23+00:00;20260916173923-ee1196
CARDENT;delete;2026-09-16T17:39:23+00:00;20260916173923-ee1196
CARDERA;delete;2026-09-16T17:39:23+00:00;20260916173923-ee1196
CARDIEZ;delete;2026-09-16T17:39:23+00:00;20260916173923-ee1196
CARDAIT;delete;2026-09-16T17:39:23+00:00;20260916173923-ee1196
CARDANT;delete;2026-09-16T17:39:23+00:00;20260916173923-ee1196
CARDAMES;delete;2026-09-16T17:39:23+00:00;20260916173923-ee1196
CARDATES;delete;2026-09-16T17:39:23+00:00;20260916173923-ee1196
CARDERAS;delete;2026-09-16T17:39:23+00:00;20260916173923-ee1196
CARDEREZ;delete;2026-09-16T17:39:23+00:00;20260916173923-ee1196
CARDIONS;delete;2026-09-16T17:39:23+00:00;20260916173923-ee1196
CARDASSE;delete;2026-09-16T17:39:23+00:00;20260916173923-ee1196
CARDERAI;delete;2026-09-16T17:39:23+00:00;20260916173923-ee1196
CARDERES;delete;2026-09-16T17:39:23+00:00;20260916173923-ee1196
CARDAIENT;delete;2026-09-16T17:39:23+00:00;20260916173923-ee1196
CARDERAIS;delete;2026-09-16T17:39:23+00:00;20260916173923-ee1196
CARDERAIT;delete;2026-09-16T17:39:23+00:00;20260916173923-ee1196
CARDERENT;delete;2026-09-16T17:39:23+00:00;20260916173923-ee1196
CARDERIEZ;delete;2026-09-16T17:39:23+00:00;20260916173923-ee1196
CARDERONS;delete;2026-09-16T17:39:23+00:00;20260916173923-ee1196
CARDERONT;delete;2026-09-16T17:39:23+00:00;20260916173923-ee1196
CARDASSENT;delete;2026-09-16T17:39:23+00:00;20260916173923-ee1196
CARDASSIEZ;delete;2026-09-16T17:39:23+00:00;20260916173923-ee1196
CARDERIONS;delete;2026-09-16T17:39:23+00:00;20260916173923-ee1196
CARDASSIONS;delete;2026-09-16T17:39:23+00:00;20260916173923-ee1196
CARDERAIENT;delete;2026-09-16T17:39:23+00:00;20260916173923-ee1196
CAREY;delete;2026-09-16T17:39:27+00:00;20260916173927-121c52
CARYO;delete;2026-09-16T17:39:28+00:00;20260916173928-5d3ffe
CARYS;delete;2026-09-16T17:39:32+00:00;20260916173932-d72236
CASAI;keep;2026-09-16T17:39:35+00:00;20260916173935-8c38d1
CASAL;delete;2026-09-16T17:39:36+00:00;20260916173936-7d97fb
CASAT;keep;2026-09-16T17:39:37+00:00;20260916173937-6d860c
CASEZ;keep;2026-09-16T17:39:39+00:00;20260916173939-276172
CATAS;keep;2026-09-16T17:39:43+00:00;20260916173943-6a2ec4
CATIE;delete;2026-09-16T17:39:47+00:00;20260916173947-f577a8
CATIS;delete;2026-09-16T17:39:48+00:00;20260916173948-dcad48
CATIT;delete;2026-09-16T17:39:49+00:00;20260916173949-6dbc80
CAVAI;keep;2026-09-16T17:39:52+00:00;20260916173952-7a0f34
CAVAS;keep;2026-09-16T17:39:53+00:00;20260916173953-855079
CAVAT;keep;2026-09-16T17:39:53+00:00;20260916173953-5fc1a1
CAVEZ;keep;2026-09-16T17:39:54+00:00;20260916173954-cb9dec
CEDAS;keep;2026-09-16T17:39:55+00:00;20260916173955-0d6a70
CEDIS;keep;2026-09-16T17:39:55+00:00;20260916173955-c38537
CEDIS;undo;2026-09-16T17:39:57+00:00;20260916173955-c38537
CEDIS;delete;2026-09-16T17:40:00+00:00;20260916174000-0c55ac
CELAI;keep;2026-09-16T17:40:04+00:00;20260916174004-f7df89
CELAS;keep;2026-09-16T17:40:05+00:00;20260916174005-bf080f
CELAT;keep;2026-09-16T17:40:05+00:00;20260916174005-6f94fe
CELES;keep;2026-09-16T17:40:05+00:00;20260916174005-0052a8
CELEZ;keep;2026-09-16T17:40:06+00:00;20260916174006-9e6053
CENES;delete;2026-09-16T17:40:11+00:00;20260916174011-1c1064
CENTI;delete;2026-09-16T17:40:16+00:00;20260916174016-fda6ca
CEORL;delete;2026-09-16T17:40:16+00:00;20260916174016-4f3c4c
CEPHE;delete;2026-09-16T17:40:17+00:00;20260916174017-eae68a
CHAHS;delete;2026-09-16T17:40:19+00:00;20260916174019-58b435
CHAMA;delete;2026-09-16T17:40:20+00:00;20260916174020-334e98
CHAMS;delete;2026-09-16T17:40:25+00:00;20260916174025-fe1d9a
CHANS;delete;2026-09-16T17:40:27+00:00;20260916174027-097e49
CHEMA;delete;2026-09-16T17:40:28+00:00;20260916174028-3686ee
CHERA;delete;2026-09-16T17:40:28+00:00;20260916174028-07cc36
CHEVA;delete;2026-09-16T17:40:29+00:00;20260916174029-d92f29
CHEVE;delete;2026-09-16T17:40:30+00:00;20260916174030-99d7de
CHEVI;delete;2026-09-16T17:40:30+00:00;20260916174030-85b173
CHIAI;delete;2026-09-16T17:40:31+00:00;20260916174031-332b57
CHIAI;undo;2026-09-16T17:40:32+00:00;20260916174031-332b57
CHIAI;keep;2026-09-16T17:40:33+00:00;20260916174033-c70acb
CHIAS;keep;2026-09-16T17:40:33+00:00;20260916174033-29448d
CHIAT;keep;2026-09-16T17:40:34+00:00;20260916174034-ba37c8
CHILO;delete;2026-09-16T17:40:36+00:00;20260916174036-76f8fa
CHOMA;keep;2026-09-16T17:40:37+00:00;20260916174037-52bfa2
CHOPS;delete;2026-09-16T17:40:39+00:00;20260916174039-ccc75c
CHORI;delete;2026-09-16T17:40:40+00:00;20260916174040-2b92c2
CHOSA;delete;2026-09-16T17:40:41+00:00;20260916174041-72edb6
CIBLA;keep;2026-09-16T17:40:42+00:00;20260916174042-6a333b
CIGLA;delete;2026-09-16T17:40:43+00:00;20260916174043-09112e
CINIS;delete;2026-09-16T17:40:44+00:00;20260916174044-36d80a
CIONE;delete;2026-09-16T17:40:45+00:00;20260916174045-af297b
CIRAI;keep;2026-09-16T17:40:45+00:00;20260916174045-cd9444
CIRAS;keep;2026-09-16T17:40:46+00:00;20260916174046-3ce576
CIRAT;keep;2026-09-16T17:40:47+00:00;20260916174047-1d1398
CITAS;keep;2026-09-16T17:40:47+00:00;20260916174047-ecb793
CIVES;delete;2026-09-16T17:40:48+00:00;20260916174048-dce9f3
CLAPA;keep;2026-09-16T17:40:49+00:00;20260916174049-e9a6d7
CLAPI;keep;2026-09-16T17:40:50+00:00;20260916174050-9e54bf
CLAPI;undo;2026-09-16T17:40:50+00:00;20260916174050-9e54bf
CLAPI;delete;2026-09-16T17:40:51+00:00;20260916174051-c6f24a
CLATI;delete;2026-09-16T17:40:55+00:00;20260916174055-647286
CLAVA;delete;2026-09-16T17:40:57+00:00;20260916174057-fd0428
CLIMS;keep;2026-09-16T17:40:58+00:00;20260916174058-6671a8
CLINO;delete;2026-09-16T17:40:59+00:00;20260916174059-766b05
CLIOS;delete;2026-09-16T17:40:59+00:00;20260916174059-16dae6
CLIOS;undo;2026-09-16T17:41:00+00:00;20260916174059-16dae6
CLIOS;delete;2026-09-16T17:41:01+00:00;20260916174101-6ef122
CLIPA;keep;2026-09-16T17:41:02+00:00;20260916174102-c215c0
CLIPE;keep;2026-09-16T17:41:02+00:00;20260916174102-18a961
CLIVA;keep;2026-09-16T17:41:04+00:00;20260916174104-919e7e
CLONA;keep;2026-09-16T17:41:05+00:00;20260916174105-15ae7a
CLOPA;keep;2026-09-16T17:41:06+00:00;20260916174106-0cb500
CLOPS;delete;2026-09-16T17:41:07+00:00;20260916174107-d5cf11
COBES;delete;2026-09-16T17:41:08+00:00;20260916174108-7d6cfc
COCCI;delete;2026-09-16T17:41:10+00:00;20260916174110-491a9e
CODAI;keep;2026-09-16T17:41:10+00:00;20260916174110-d9bab1
CODAS;keep;2026-09-16T17:41:11+00:00;20260916174111-cf75ad
CODAT;keep;2026-09-16T17:41:11+00:00;20260916174111-793a57
CODEZ;keep;2026-09-16T17:41:12+00:00;20260916174112-6eeaa6
COECO;delete;2026-09-16T17:41:13+00:00;20260916174113-1275c1
COENS;delete;2026-09-16T17:41:13+00:00;20260916174113-be4ea0
COFFE;delete;2026-09-16T17:41:14+00:00;20260916174114-0bce08
COITA;keep;2026-09-16T17:41:15+00:00;20260916174115-358333
COLPO;delete;2026-09-16T17:41:16+00:00;20260916174116-f7ec33
CONTI;delete;2026-09-16T17:41:17+00:00;20260916174117-3032fe
CONUS;delete;2026-09-16T17:41:18+00:00;20260916174118-622fb3
COOPS;delete;2026-09-16T17:41:18+00:00;20260916174118-827c96
COPSA;delete;2026-09-16T17:41:19+00:00;20260916174119-24e12f
COPSE;delete;2026-09-16T17:41:19+00:00;20260916174119-798f48
COPTA;keep;2026-09-16T17:41:20+00:00;20260916174120-367bd3
COQUA;delete;2026-09-16T17:41:21+00:00;20260916174121-7c8726
CORBS;delete;2026-09-16T17:41:22+00:00;20260916174122-704bac
CORDA;delete;2026-09-16T17:41:22+00:00;20260916174122-8f0ea8
CORDA;undo;2026-09-16T17:41:23+00:00;20260916174122-8f0ea8
CORDA;keep;2026-09-16T17:41:23+00:00;20260916174123-dbd221
CORES;delete;2026-09-16T17:41:24+00:00;20260916174124-4fc072
COSBY;delete;2026-09-16T17:41:25+00:00;20260916174125-c192b0
COSSA;delete;2026-09-16T17:41:26+00:00;20260916174126-33725e
COSTO;delete;2026-09-16T17:41:26+00:00;20260916174126-565384
COTAI;keep;2026-09-16T17:41:27+00:00;20260916174127-cfc024
COTAS;keep;2026-09-16T17:41:28+00:00;20260916174128-608b86
COTEZ;keep;2026-09-16T17:41:28+00:00;20260916174128-00c44f
COTIE;delete;2026-09-16T17:41:58+00:00;20260916174158-1c007f
COTIS;delete;2026-09-16T17:41:59+00:00;20260916174159-32e52d
COTIT;delete;2026-09-16T17:42:00+00:00;20260916174200-0915ef
COUAS;delete;2026-09-16T17:42:01+00:00;20260916174201-dd3ee8
COUDA;keep;2026-09-16T17:42:02+00:00;20260916174202-3e7924
COUFI;delete;2026-09-16T17:42:03+00:00;20260916174203-04a420
COUVA;delete;2026-09-16T17:42:04+00:00;20260916174204-8d1d4c
COXAS;delete;2026-09-16T17:42:05+00:00;20260916174205-2a7c22
CRACS;delete;2026-09-16T17:42:06+00:00;20260916174206-e9b703
CRACS;undo;2026-09-16T17:42:06+00:00;20260916174206-e9b703
CRACS;keep;2026-09-16T17:42:07+00:00;20260916174207-78c2ba
CREAS;keep;2026-09-16T17:42:08+00:00;20260916174208-61d8bc
CRENA;delete;2026-09-16T17:42:09+00:00;20260916174209-4531b1
CRENE;delete;2026-09-16T17:42:09+00:00;20260916174209-b68187
CREPA;keep;2026-09-16T17:42:10+00:00;20260916174210-916c6e
CRETA;keep;2026-09-16T17:42:11+00:00;20260916174211-dedd96
CRETS;keep;2026-09-16T17:42:12+00:00;20260916174212-121cb9
CRIAS;delete;2026-09-16T17:42:13+00:00;20260916174213-f4d245
CRIAS;undo;2026-09-16T17:42:14+00:00;20260916174213-f4d245
CRETS;undo;2026-09-16T17:42:15+00:00;20260916174212-121cb9
CRETA;undo;2026-09-16T17:42:15+00:00;20260916174211-dedd96
CRETA;delete;2026-09-16T17:42:21+00:00;20260916174221-be8fc3
CRETS;delete;2026-09-16T17:42:24+00:00;20260916174224-850e74
CRIAS;delete;2026-09-16T17:42:26+00:00;20260916174226-1eafc6
CRIBS;delete;2026-09-16T17:42:28+00:00;20260916174228-5b995b
CRICO;delete;2026-09-16T17:42:28+00:00;20260916174228-21df16
CROLA;delete;2026-09-16T17:42:29+00:00;20260916174229-fa134f
CROLE;delete;2026-09-16T17:42:30+00:00;20260916174230-4ae144
CRONI;delete;2026-09-16T17:42:30+00:00;20260916174230-e9e715
CROPS;delete;2026-09-16T17:42:30+00:00;20260916174230-7fae0a
CRURO;delete;2026-09-16T17:42:31+00:00;20260916174231-9b9b93
CSARS;delete;2026-09-16T17:42:32+00:00;20260916174232-e74871
CUBAI;keep;2026-09-16T17:42:34+00:00;20260916174234-4781e6
CUBAS;keep;2026-09-16T17:42:34+00:00;20260916174234-3b71de
CUBAT;keep;2026-09-16T17:42:35+00:00;20260916174235-1094e7
CUBEZ;keep;2026-09-16T17:42:35+00:00;20260916174235-4dc25f
CUBIS;keep;2026-09-16T17:42:36+00:00;20260916174236-2fe4d1
CUITA;keep;2026-09-16T17:42:37+00:00;20260916174237-15d9e2
CULAI;keep;2026-09-16T17:42:38+00:00;20260916174238-56cc5d
CULAS;keep;2026-09-16T17:42:39+00:00;20260916174239-abeafc
CULAS;undo;2026-09-16T17:42:43+00:00;20260916174239-abeafc
CULAI;undo;2026-09-16T17:42:43+00:00;20260916174238-56cc5d
CUITA;undo;2026-09-16T17:42:47+00:00;20260916174237-15d9e2
CUITA;keep;2026-09-16T17:42:48+00:00;20260916174248-c6c9a2
CUITA;undo;2026-09-16T17:42:49+00:00;20260916174248-c6c9a2
CUITA;keep;2026-09-16T17:42:52+00:00;20260916174252-92ede2
CUITA;undo;2026-09-16T17:42:53+00:00;20260916174252-92ede2
CUITA;delete;2026-09-16T17:42:54+00:00;20260916174254-efbe50
CULAI;delete;2026-09-16T17:42:57+00:00;20260916174257-c99dc2
CULAS;delete;2026-09-16T17:42:58+00:00;20260916174258-6d9013
CULAT;delete;2026-09-16T17:42:58+00:00;20260916174258-67f8b0
CULES;delete;2026-09-16T17:42:59+00:00;20260916174259-3e091a
CULEZ;delete;2026-09-16T17:43:00+00:00;20260916174300-6d8415
CUNEO;delete;2026-09-16T17:43:01+00:00;20260916174301-db8e9a
CUONS;delete;2026-09-16T17:43:01+00:00;20260916174301-5bdbcd
CURAI;delete;2026-09-16T17:43:02+00:00;20260916174302-be9bb8
CURAI;undo;2026-09-16T17:43:03+00:00;20260916174302-be9bb8
CURAI;keep;2026-09-16T17:43:03+00:00;20260916174303-c3592e
CURAS;keep;2026-09-16T17:43:04+00:00;20260916174304-a7fe02
CURAT;keep;2026-09-16T17:45:43+00:00;20260916174543-351635
CUREZ;keep;2026-09-16T17:45:45+00:00;20260916174545-3ab221
CUTAI;delete;2026-09-16T17:45:48+00:00;20260916174548-e3c7ff
CUTAS;delete;2026-09-16T17:45:49+00:00;20260916174549-f642e7
CUTE;delete;2026-09-16T17:45:51+00:00;20260916174551-7059fd
CUTAT;delete;2026-09-16T17:45:51+00:00;20260916174551-7059fd
CUTEE;delete;2026-09-16T17:45:51+00:00;20260916174551-7059fd
CUTES;delete;2026-09-16T17:45:51+00:00;20260916174551-7059fd
CUTEZ;delete;2026-09-16T17:45:51+00:00;20260916174551-7059fd
CUTER;delete;2026-09-16T17:45:51+00:00;20260916174551-7059fd
CUTAIS;delete;2026-09-16T17:45:51+00:00;20260916174551-7059fd
CUTAIT;delete;2026-09-16T17:45:51+00:00;20260916174551-7059fd
CUTANT;delete;2026-09-16T17:45:51+00:00;20260916174551-7059fd
CUTEES;delete;2026-09-16T17:45:51+00:00;20260916174551-7059fd
CUTENT;delete;2026-09-16T17:45:51+00:00;20260916174551-7059fd
CUTERA;delete;2026-09-16T17:45:51+00:00;20260916174551-7059fd
CUTIEZ;delete;2026-09-16T17:45:51+00:00;20260916174551-7059fd
CUTONS;delete;2026-09-16T17:45:51+00:00;20260916174551-7059fd
CUTAMES;delete;2026-09-16T17:45:51+00:00;20260916174551-7059fd
CUTASSE;delete;2026-09-16T17:45:51+00:00;20260916174551-7059fd
CUTATES;delete;2026-09-16T17:45:51+00:00;20260916174551-7059fd
CUTERAI;delete;2026-09-16T17:45:51+00:00;20260916174551-7059fd
CUTERAS;delete;2026-09-16T17:45:51+00:00;20260916174551-7059fd
CUTEREZ;delete;2026-09-16T17:45:51+00:00;20260916174551-7059fd
CUTIONS;delete;2026-09-16T17:45:51+00:00;20260916174551-7059fd
CUTAIENT;delete;2026-09-16T17:45:51+00:00;20260916174551-7059fd
CUTASSES;delete;2026-09-16T17:45:51+00:00;20260916174551-7059fd
CUTERAIS;delete;2026-09-16T17:45:51+00:00;20260916174551-7059fd
CUTERAIT;delete;2026-09-16T17:45:51+00:00;20260916174551-7059fd
CUTERENT;delete;2026-09-16T17:45:51+00:00;20260916174551-7059fd
CUTERIEZ;delete;2026-09-16T17:45:51+00:00;20260916174551-7059fd
CUTERONS;delete;2026-09-16T17:45:51+00:00;20260916174551-7059fd
CUTERONT;delete;2026-09-16T17:45:51+00:00;20260916174551-7059fd
CUTASSENT;delete;2026-09-16T17:45:51+00:00;20260916174551-7059fd
CUTASSIEZ;delete;2026-09-16T17:45:51+00:00;20260916174551-7059fd
CUTERIONS;delete;2026-09-16T17:45:51+00:00;20260916174551-7059fd
CUTASSIONS;delete;2026-09-16T17:45:51+00:00;20260916174551-7059fd
CUTERAIENT;delete;2026-09-16T17:45:51+00:00;20260916174551-7059fd
CUVAI;keep;2026-09-16T17:46:31+00:00;20260916174631-497abe
CUVAS;keep;2026-09-16T17:46:32+00:00;20260916174632-3fced4
CUVAT;keep;2026-09-16T17:46:33+00:00;20260916174633-b3237e
CUVEZ;keep;2026-09-16T17:46:33+00:00;20260916174633-32f9e1
CYANA;delete;2026-09-16T17:46:34+00:00;20260916174634-fa6022
CYANO;delete;2026-09-16T17:46:35+00:00;20260916174635-549580
CYANS;delete;2026-09-16T17:46:36+00:00;20260916174636-57df1d
CYCLA;keep;2026-09-16T17:46:37+00:00;20260916174637-0cf59d
CYDNE;delete;2026-09-16T17:46:42+00:00;20260916174642-19a482
CYLAS;delete;2026-09-16T17:46:43+00:00;20260916174643-8b39ff
CYONS;delete;2026-09-16T17:46:43+00:00;20260916174643-078341
CYSTO;delete;2026-09-16T17:46:44+00:00;20260916174644-dcbee1
DABES;delete;2026-09-16T17:46:44+00:00;20260916174644-1cfb89
DAFFS;delete;2026-09-16T17:46:45+00:00;20260916174645-f0bf59
DAGEA;delete;2026-09-16T17:46:46+00:00;20260916174646-53200d
TAO;keep;2026-09-16T17:48:42+00:00;20260916174842-1134c4
LEV;keep;2026-09-16T17:48:47+00:00;20260916174847-7de025
LUX;keep;2026-09-16T17:48:49+00:00;20260916174849-3fcf43
IVE;delete;2026-09-16T17:48:53+00:00;20260916174853-d8a8fc
REZ;delete;2026-09-16T17:49:12+00:00;20260916174912-ae4462
TAN;delete;2026-09-16T19:33:59+00:00;20260916193359-5d557a
YAK;keep;2026-09-16T19:34:00+00:00;20260916193400-e32d0b
LAD;delete;2026-09-16T19:34:03+00:00;20260916193403-63474d
DOM;delete;2026-09-16T19:34:06+00:00;20260916193406-903275
FAR;keep;2026-09-16T19:34:08+00:00;20260916193408-5682ba
IFS;keep;2026-09-16T19:34:10+00:00;20260916193410-d8284e
USA;keep;2026-09-16T19:34:10+00:00;20260916193410-4ab0f6
MUA;keep;2026-09-16T19:34:12+00:00;20260916193412-508c77
DAGUA;keep;2026-09-16T19:34:23+00:00;20260916193423-94e77e
DAIAI;delete;2026-09-16T19:34:45+00:00;20260916193445-ce73ec
DAIAS;delete;2026-09-16T19:34:45+00:00;20260916193445-ce73ec
DAIAT;delete;2026-09-16T19:34:45+00:00;20260916193445-ce73ec
DAIEE;delete;2026-09-16T19:34:45+00:00;20260916193445-ce73ec
DAIES;delete;2026-09-16T19:34:45+00:00;20260916193445-ce73ec
DAIEZ;delete;2026-09-16T19:34:45+00:00;20260916193445-ce73ec
DAIER;delete;2026-09-16T19:34:45+00:00;20260916193445-ce73ec
DAIAIS;delete;2026-09-16T19:34:45+00:00;20260916193445-ce73ec
DAIAIT;delete;2026-09-16T19:34:45+00:00;20260916193445-ce73ec
DAIANT;delete;2026-09-16T19:34:45+00:00;20260916193445-ce73ec
DAIEES;delete;2026-09-16T19:34:45+00:00;20260916193445-ce73ec
DAIENT;delete;2026-09-16T19:34:45+00:00;20260916193445-ce73ec
DAIERA;delete;2026-09-16T19:34:45+00:00;20260916193445-ce73ec
DAIIEZ;delete;2026-09-16T19:34:45+00:00;20260916193445-ce73ec
DAIONS;delete;2026-09-16T19:34:45+00:00;20260916193445-ce73ec
DAIAMES;delete;2026-09-16T19:34:45+00:00;20260916193445-ce73ec
DAIASSE;delete;2026-09-16T19:34:45+00:00;20260916193445-ce73ec
DAIATES;delete;2026-09-16T19:34:45+00:00;20260916193445-ce73ec
DAIERAI;delete;2026-09-16T19:34:45+00:00;20260916193445-ce73ec
DAIERAS;delete;2026-09-16T19:34:45+00:00;20260916193445-ce73ec
DAIEREZ;delete;2026-09-16T19:34:45+00:00;20260916193445-ce73ec
DAIIONS;delete;2026-09-16T19:34:45+00:00;20260916193445-ce73ec
DAIAIENT;delete;2026-09-16T19:34:45+00:00;20260916193445-ce73ec
DAIASSES;delete;2026-09-16T19:34:45+00:00;20260916193445-ce73ec
DAIERAIS;delete;2026-09-16T19:34:45+00:00;20260916193445-ce73ec
DAIERAIT;delete;2026-09-16T19:34:45+00:00;20260916193445-ce73ec
DAIERENT;delete;2026-09-16T19:34:45+00:00;20260916193445-ce73ec
DAIERIEZ;delete;2026-09-16T19:34:45+00:00;20260916193445-ce73ec
DAIERONS;delete;2026-09-16T19:34:45+00:00;20260916193445-ce73ec
DAIERONT;delete;2026-09-16T19:34:45+00:00;20260916193445-ce73ec
DAIASSENT;delete;2026-09-16T19:34:45+00:00;20260916193445-ce73ec
DAIASSIEZ;delete;2026-09-16T19:34:45+00:00;20260916193445-ce73ec
DAIERIONS;delete;2026-09-16T19:34:45+00:00;20260916193445-ce73ec
DAIASSIONS;delete;2026-09-16T19:34:45+00:00;20260916193445-ce73ec
DAIERAIENT;delete;2026-09-16T19:34:45+00:00;20260916193445-ce73ec
DALLA;keep;2026-09-16T19:34:48+00:00;20260916193448-b384ae
DAMAI;keep;2026-09-16T19:34:50+00:00;20260916193450-c15d25
DAMAT;keep;2026-09-16T19:34:51+00:00;20260916193451-151a3c
DAMDE;delete;2026-09-16T19:34:52+00:00;20260916193452-289b5e
DAMDU;delete;2026-09-16T19:34:52+00:00;20260916193452-746ca8
DAMNA;keep;2026-09-16T19:34:54+00:00;20260916193454-64d74d
DARUS;delete;2026-09-16T19:34:56+00:00;20260916193456-2979d1
DATAI;delete;2026-09-16T19:35:00+00:00;20260916193500-c4da53
DATAS;keep;2026-09-16T19:35:01+00:00;20260916193501-73b783
DATAT;keep;2026-09-16T19:35:03+00:00;20260916193503-d1e203
DAUBA;keep;2026-09-16T19:35:04+00:00;20260916193504-c924b4
DAUFA;delete;2026-09-16T19:35:05+00:00;20260916193505-3d0081
DAUFE;delete;2026-09-16T19:35:05+00:00;20260916193505-b871ab
DAUWS;delete;2026-09-16T19:35:06+00:00;20260916193506-0e2790
DEALA;keep;2026-09-16T19:35:07+00:00;20260916193507-0b72b6
DEBRE;delete;2026-09-16T19:35:08+00:00;20260916193508-f75834
DECAS;keep;2026-09-16T19:35:10+00:00;20260916193510-7da98d
DECHA;delete;2026-09-16T19:35:14+00:00;20260916193514-958432
DECKS;keep;2026-09-16T19:35:16+00:00;20260916193516-62e631
DECOS;keep;2026-09-16T19:35:16+00:00;20260916193516-c54a64
DEDIS;keep;2026-09-16T19:35:17+00:00;20260916193517-e85c48
DEGOU;keep;2026-09-16T19:35:20+00:00;20260916193520-643fb5
DEGUS;delete;2026-09-16T19:35:21+00:00;20260916193521-91a29a
DELON;delete;2026-09-16T19:35:22+00:00;20260916193522-7545b6
DENSI;delete;2026-09-16T19:35:23+00:00;20260916193523-cb7fcf
DENTA;delete;2026-09-16T19:35:24+00:00;20260916193524-d4a2eb
DENTA;undo;2026-09-16T19:35:24+00:00;20260916193524-d4a2eb
DENSI;undo;2026-09-16T19:35:24+00:00;20260916193523-cb7fcf
DENSI;keep;2026-09-16T19:35:25+00:00;20260916193525-150cc6
DENSI;undo;2026-09-16T19:35:27+00:00;20260916193525-150cc6
DENSI;delete;2026-09-16T19:35:27+00:00;20260916193527-3f2031
DENTA;keep;2026-09-16T19:35:31+00:00;20260916193531-2bcb30
DENTO;delete;2026-09-16T19:35:33+00:00;20260916193533-62e7b4
DENUA;keep;2026-09-16T19:35:34+00:00;20260916193534-ea5eca
DEOXY;delete;2026-09-16T19:35:35+00:00;20260916193535-d3f01b
DEPEU;delete;2026-09-16T19:35:36+00:00;20260916193536-276dbb
DERMO;keep;2026-09-16T19:35:37+00:00;20260916193537-c30f1b
DERMO;undo;2026-09-16T19:35:38+00:00;20260916193537-c30f1b
DERMO;keep;2026-09-16T19:35:42+00:00;20260916193542-62bf90
DESIS;delete;2026-09-16T19:35:44+00:00;20260916193544-94538d
DEVAS;delete;2026-09-16T19:35:45+00:00;20260916193545-a9025f
DEVOS;keep;2026-09-16T19:35:47+00:00;20260916193547-e6e37a
DEXIE;delete;2026-09-16T19:35:49+00:00;20260916193549-811e8b
DEYRA;delete;2026-09-16T19:35:49+00:00;20260916193549-41ccd3
DIADE;delete;2026-09-16T19:35:50+00:00;20260916193550-81c10b
DIALS;delete;2026-09-16T19:35:52+00:00;20260916193552-2e6282
DIANA;keep;2026-09-16T19:35:54+00:00;20260916193554-329871
DICEE;delete;2026-09-16T19:35:55+00:00;20260916193555-716e9f
DIESA;keep;2026-09-16T19:35:57+00:00;20260916193557-7208b7
DILUS;delete;2026-09-16T19:35:58+00:00;20260916193558-5ab784
DIMAI;keep;2026-09-16T19:36:00+00:00;20260916193600-9ef078
DIMAS;keep;2026-09-16T19:36:00+00:00;20260916193600-c315bf
DIMAT;keep;2026-09-16T19:36:01+00:00;20260916193601-8d52e5
DIMEZ;keep;2026-09-16T19:36:01+00:00;20260916193601-7cfcde
DINAS;keep;2026-09-16T19:36:02+00:00;20260916193602-644666
DIONE;keep;2026-09-16T19:36:03+00:00;20260916193603-542ddd
DIONE;undo;2026-09-16T19:36:04+00:00;20260916193603-542ddd
DIONE;delete;2026-09-16T19:36:05+00:00;20260916193605-62390c
DISSE;delete;2026-09-16T19:36:06+00:00;20260916193606-a5912d
DIVES;delete;2026-09-16T19:36:07+00:00;20260916193607-a3363c
DIVIO;delete;2026-09-16T19:36:07+00:00;20260916193607-6350eb
DIXAS;delete;2026-09-16T19:36:08+00:00;20260916193608-b9cef1
DOABS;delete;2026-09-16T19:36:10+00:00;20260916193610-fc7187
DOCUS;keep;2026-09-16T19:36:11+00:00;20260916193611-40189b
DOGUA;delete;2026-09-16T19:36:16+00:00;20260916193616-590cc7
DOITS;keep;2026-09-16T19:36:20+00:00;20260916193620-bd9f2b
DOJOS;keep;2026-09-16T19:36:21+00:00;20260916193621-570501
DOLAI;delete;2026-09-16T19:36:23+00:00;20260916193623-cdd3f0
DOLAS;delete;2026-09-16T19:36:28+00:00;20260916193628-d3608f
DOLAT;delete;2026-09-16T19:36:28+00:00;20260916193628-d3608f
DOLEE;delete;2026-09-16T19:36:28+00:00;20260916193628-d3608f
DOLES;delete;2026-09-16T19:36:28+00:00;20260916193628-d3608f
DOLEZ;delete;2026-09-16T19:36:28+00:00;20260916193628-d3608f
DOLER;delete;2026-09-16T19:36:28+00:00;20260916193628-d3608f
DOLAIT;delete;2026-09-16T19:36:28+00:00;20260916193628-d3608f
DOLANT;delete;2026-09-16T19:36:28+00:00;20260916193628-d3608f
DOLEES;delete;2026-09-16T19:36:28+00:00;20260916193628-d3608f
DOLERA;delete;2026-09-16T19:36:28+00:00;20260916193628-d3608f
DOLIEZ;delete;2026-09-16T19:36:28+00:00;20260916193628-d3608f
DOLONS;delete;2026-09-16T19:36:28+00:00;20260916193628-d3608f
DOLAIS;delete;2026-09-16T19:36:28+00:00;20260916193628-d3608f
DOLAMES;delete;2026-09-16T19:36:28+00:00;20260916193628-d3608f
DOLASSE;delete;2026-09-16T19:36:28+00:00;20260916193628-d3608f
DOLATES;delete;2026-09-16T19:36:28+00:00;20260916193628-d3608f
DOLERAI;delete;2026-09-16T19:36:28+00:00;20260916193628-d3608f
DOLERAS;delete;2026-09-16T19:36:28+00:00;20260916193628-d3608f
DOLEREZ;delete;2026-09-16T19:36:28+00:00;20260916193628-d3608f
DOLIONS;delete;2026-09-16T19:36:28+00:00;20260916193628-d3608f
DOLAIENT;delete;2026-09-16T19:36:28+00:00;20260916193628-d3608f
DOLASSES;delete;2026-09-16T19:36:28+00:00;20260916193628-d3608f
DOLERAIS;delete;2026-09-16T19:36:28+00:00;20260916193628-d3608f
DOLERAIT;delete;2026-09-16T19:36:28+00:00;20260916193628-d3608f
DOLERENT;delete;2026-09-16T19:36:28+00:00;20260916193628-d3608f
DOLERIEZ;delete;2026-09-16T19:36:28+00:00;20260916193628-d3608f
DOLERONS;delete;2026-09-16T19:36:28+00:00;20260916193628-d3608f
DOLERONT;delete;2026-09-16T19:36:28+00:00;20260916193628-d3608f
DOLASSENT;delete;2026-09-16T19:36:28+00:00;20260916193628-d3608f
DOLASSIEZ;delete;2026-09-16T19:36:28+00:00;20260916193628-d3608f
DOLERIONS;delete;2026-09-16T19:36:28+00:00;20260916193628-d3608f
DOLASSIONS;delete;2026-09-16T19:36:28+00:00;20260916193628-d3608f
DOLERAIENT;delete;2026-09-16T19:36:28+00:00;20260916193628-d3608f
DOLCI;delete;2026-09-16T19:36:31+00:00;20260916193631-69c371
DOPAI;keep;2026-09-16T19:36:31+00:00;20260916193631-149abc
DOPAS;keep;2026-09-16T19:36:32+00:00;20260916193632-e93b5c
DOPAT;keep;2026-09-16T19:36:33+00:00;20260916193633-6810e8
DORAB;delete;2026-09-16T19:36:33+00:00;20260916193633-920604
DORAI;keep;2026-09-16T19:36:34+00:00;20260916193634-0bee57
DORAS;keep;2026-09-16T19:36:35+00:00;20260916193635-481c3f
DORAT;keep;2026-09-16T19:36:35+00:00;20260916193635-25de06
DOREZ;keep;2026-09-16T19:36:36+00:00;20260916193636-e856b1
DORSO;delete;2026-09-16T19:36:37+00:00;20260916193637-ef2e4e
DOSAI;keep;2026-09-16T19:36:38+00:00;20260916193638-c78ca4
DOSAS;keep;2026-09-16T19:36:39+00:00;20260916193639-05be5c
DOSAT;keep;2026-09-16T19:36:39+00:00;20260916193639-d3c6a9
DOSEZ;keep;2026-09-16T19:36:40+00:00;20260916193640-a917b2
DOSSA;keep;2026-09-16T19:36:41+00:00;20260916193641-bb939c
DOSSA;undo;2026-09-16T19:36:42+00:00;20260916193641-bb939c
DOSSA;delete;2026-09-16T19:36:42+00:00;20260916193642-af3bfb
DOTAI;keep;2026-09-16T19:36:43+00:00;20260916193643-067d0b
DOTAS;keep;2026-09-16T19:36:44+00:00;20260916193644-5aeb46
DOTAT;keep;2026-09-16T19:36:44+00:00;20260916193644-fd31a6
DOTEZ;keep;2026-09-16T19:36:45+00:00;20260916193645-5c5d5c
DOUAS;keep;2026-09-16T19:36:46+00:00;20260916193646-d4a64f
DOUAS;undo;2026-09-16T19:36:47+00:00;20260916193646-d4a64f
DOUAS;delete;2026-09-16T19:36:51+00:00;20260916193651-3a9117
DOUAT;delete;2026-09-16T19:36:52+00:00;20260916193652-6217e1
DOUCS;delete;2026-09-16T19:36:53+00:00;20260916193653-0c0706
DOUEZ;delete;2026-09-16T19:36:54+00:00;20260916193654-604349
DOUMS;delete;2026-09-16T19:36:54+00:00;20260916193654-6f9d2b
DOWNS;delete;2026-09-16T19:36:55+00:00;20260916193655-011577
DRAIE;delete;2026-09-16T19:37:01+00:00;20260916193701-d588ae
DRAYA;delete;2026-09-16T19:37:01+00:00;20260916193701-d588ae
DRAYE;delete;2026-09-16T19:37:01+00:00;20260916193701-d588ae
DRAIES;delete;2026-09-16T19:37:01+00:00;20260916193701-d588ae
DRAYAI;delete;2026-09-16T19:37:01+00:00;20260916193701-d588ae
DRAYAS;delete;2026-09-16T19:37:01+00:00;20260916193701-d588ae
DRAYAT;delete;2026-09-16T19:37:01+00:00;20260916193701-d588ae
DRAYEE;delete;2026-09-16T19:37:01+00:00;20260916193701-d588ae
DRAYES;delete;2026-09-16T19:37:01+00:00;20260916193701-d588ae
DRAYEZ;delete;2026-09-16T19:37:01+00:00;20260916193701-d588ae
DRAYER;delete;2026-09-16T19:37:01+00:00;20260916193701-d588ae
DRAIENT;delete;2026-09-16T19:37:01+00:00;20260916193701-d588ae
DRAIERA;delete;2026-09-16T19:37:01+00:00;20260916193701-d588ae
DRAYAIS;delete;2026-09-16T19:37:01+00:00;20260916193701-d588ae
DRAYAIT;delete;2026-09-16T19:37:01+00:00;20260916193701-d588ae
DRAYANT;delete;2026-09-16T19:37:01+00:00;20260916193701-d588ae
DRAYEES;delete;2026-09-16T19:37:01+00:00;20260916193701-d588ae
DRAYENT;delete;2026-09-16T19:37:01+00:00;20260916193701-d588ae
DRAYERA;delete;2026-09-16T19:37:01+00:00;20260916193701-d588ae
DRAYIEZ;delete;2026-09-16T19:37:01+00:00;20260916193701-d588ae
DRAYONS;delete;2026-09-16T19:37:01+00:00;20260916193701-d588ae
DRAIERAI;delete;2026-09-16T19:37:01+00:00;20260916193701-d588ae
DRAIERAS;delete;2026-09-16T19:37:01+00:00;20260916193701-d588ae
DRAIEREZ;delete;2026-09-16T19:37:01+00:00;20260916193701-d588ae
DRAYAMES;delete;2026-09-16T19:37:01+00:00;20260916193701-d588ae
DRAYASSE;delete;2026-09-16T19:37:01+00:00;20260916193701-d588ae
DRAYATES;delete;2026-09-16T19:37:01+00:00;20260916193701-d588ae
DRAYERAI;delete;2026-09-16T19:37:01+00:00;20260916193701-d588ae
DRAYERAS;delete;2026-09-16T19:37:01+00:00;20260916193701-d588ae
DRAYEREZ;delete;2026-09-16T19:37:01+00:00;20260916193701-d588ae
DRAYIONS;delete;2026-09-16T19:37:01+00:00;20260916193701-d588ae
DRAIERAIS;delete;2026-09-16T19:37:01+00:00;20260916193701-d588ae
DRAIERAIT;delete;2026-09-16T19:37:01+00:00;20260916193701-d588ae
DRAIERIEZ;delete;2026-09-16T19:37:01+00:00;20260916193701-d588ae
DRAIERONS;delete;2026-09-16T19:37:01+00:00;20260916193701-d588ae
DRAIERONT;delete;2026-09-16T19:37:01+00:00;20260916193701-d588ae
DRAYAIENT;delete;2026-09-16T19:37:01+00:00;20260916193701-d588ae
DRAYASSES;delete;2026-09-16T19:37:01+00:00;20260916193701-d588ae
DRAYERAIS;delete;2026-09-16T19:37:01+00:00;20260916193701-d588ae
DRAYERAIT;delete;2026-09-16T19:37:01+00:00;20260916193701-d588ae
DRAYERENT;delete;2026-09-16T19:37:01+00:00;20260916193701-d588ae
DRAYERIEZ;delete;2026-09-16T19:37:01+00:00;20260916193701-d588ae
DRAYERONS;delete;2026-09-16T19:37:01+00:00;20260916193701-d588ae
DRAYERONT;delete;2026-09-16T19:37:01+00:00;20260916193701-d588ae
DRAIERIONS;delete;2026-09-16T19:37:01+00:00;20260916193701-d588ae
DRAYASSENT;delete;2026-09-16T19:37:01+00:00;20260916193701-d588ae
DRAYASSIEZ;delete;2026-09-16T19:37:01+00:00;20260916193701-d588ae
DRAYERIONS;delete;2026-09-16T19:37:01+00:00;20260916193701-d588ae
DRAIERAIENT;delete;2026-09-16T19:37:01+00:00;20260916193701-d588ae
DRAYASSIONS;delete;2026-09-16T19:37:01+00:00;20260916193701-d588ae
DRAYERAIENT;delete;2026-09-16T19:37:01+00:00;20260916193701-d588ae
DRAUG;delete;2026-09-16T19:37:04+00:00;20260916193704-b44949
DRAVA;delete;2026-09-16T19:37:08+00:00;20260916193708-64f452
DRAVAI;delete;2026-09-16T19:37:08+00:00;20260916193708-64f452
DRAVAS;delete;2026-09-16T19:37:08+00:00;20260916193708-64f452
DRAVAT;delete;2026-09-16T19:37:08+00:00;20260916193708-64f452
DRAVES;delete;2026-09-16T19:37:08+00:00;20260916193708-64f452
DRAVEZ;delete;2026-09-16T19:37:08+00:00;20260916193708-64f452
DRAVEE;delete;2026-09-16T19:37:08+00:00;20260916193708-64f452
DRAVER;delete;2026-09-16T19:37:08+00:00;20260916193708-64f452
DRAVAIS;delete;2026-09-16T19:37:08+00:00;20260916193708-64f452
DRAVAIT;delete;2026-09-16T19:37:08+00:00;20260916193708-64f452
DRAVANT;delete;2026-09-16T19:37:08+00:00;20260916193708-64f452
DRAVEES;delete;2026-09-16T19:37:08+00:00;20260916193708-64f452
DRAVENT;delete;2026-09-16T19:37:08+00:00;20260916193708-64f452
DRAVERA;delete;2026-09-16T19:37:08+00:00;20260916193708-64f452
DRAVIEZ;delete;2026-09-16T19:37:08+00:00;20260916193708-64f452
DRAVONS;delete;2026-09-16T19:37:08+00:00;20260916193708-64f452
DRAVAMES;delete;2026-09-16T19:37:08+00:00;20260916193708-64f452
DRAVASSE;delete;2026-09-16T19:37:08+00:00;20260916193708-64f452
DRAVATES;delete;2026-09-16T19:37:08+00:00;20260916193708-64f452
DRAVERAI;delete;2026-09-16T19:37:08+00:00;20260916193708-64f452
DRAVERAS;delete;2026-09-16T19:37:08+00:00;20260916193708-64f452
DRAVEREZ;delete;2026-09-16T19:37:08+00:00;20260916193708-64f452
DRAVIONS;delete;2026-09-16T19:37:08+00:00;20260916193708-64f452
DRAVAIENT;delete;2026-09-16T19:37:08+00:00;20260916193708-64f452
DRAVASSES;delete;2026-09-16T19:37:08+00:00;20260916193708-64f452
DRAVERAIS;delete;2026-09-16T19:37:08+00:00;20260916193708-64f452
DRAVERAIT;delete;2026-09-16T19:37:08+00:00;20260916193708-64f452
DRAVERENT;delete;2026-09-16T19:37:08+00:00;20260916193708-64f452
DRAVERIEZ;delete;2026-09-16T19:37:08+00:00;20260916193708-64f452
DRAVERONS;delete;2026-09-16T19:37:08+00:00;20260916193708-64f452
DRAVERONT;delete;2026-09-16T19:37:08+00:00;20260916193708-64f452
DRAVASSENT;delete;2026-09-16T19:37:08+00:00;20260916193708-64f452
DRAVASSIEZ;delete;2026-09-16T19:37:08+00:00;20260916193708-64f452
DRAVERIONS;delete;2026-09-16T19:37:08+00:00;20260916193708-64f452
DRAVASSIONS;delete;2026-09-16T19:37:08+00:00;20260916193708-64f452
DRAVERAIENT;delete;2026-09-16T19:37:08+00:00;20260916193708-64f452
DRESS;delete;2026-09-16T19:37:12+00:00;20260916193712-f2d80f
DRIES;delete;2026-09-16T19:37:13+00:00;20260916193713-7ee46c
DRILE;delete;2026-09-16T19:37:14+00:00;20260916193714-276e9b
DRIVA;delete;2026-09-16T19:37:22+00:00;20260916193722-d8dd36
DROPA;delete;2026-09-16T19:37:24+00:00;20260916193724-7fe10b
DROPS;delete;2026-09-16T19:37:25+00:00;20260916193725-cc1e20
DUALE;delete;2026-09-16T19:37:31+00:00;20260916193731-abc252
DUALS;delete;2026-09-16T19:37:32+00:00;20260916193732-cbafb6
DUIRA;delete;2026-09-16T19:37:33+00:00;20260916193733-ccc1a0
DUISE;delete;2026-09-16T19:37:34+00:00;20260916193734-1649b7
DUITA;delete;2026-09-16T19:37:35+00:00;20260916193735-9153fd
DUITS;delete;2026-09-16T19:37:36+00:00;20260916193736-139856
DUMAS;delete;2026-09-16T19:37:36+00:00;20260916193736-0fe0e0
DUMPA;delete;2026-09-16T19:37:37+00:00;20260916193737-79f064
DUMPE;delete;2026-09-16T19:37:37+00:00;20260916193737-d03280
DUMPS;delete;2026-09-16T19:37:38+00:00;20260916193738-9a939e
DUODE;delete;2026-09-16T19:37:38+00:00;20260916193738-e509a9
DUPAI;keep;2026-09-16T19:37:40+00:00;20260916193740-51e48d
DUPAS;keep;2026-09-16T19:37:41+00:00;20260916193741-34aca4
DUPAT;keep;2026-09-16T19:37:42+00:00;20260916193742-84b877
DURAI;keep;2026-09-16T19:37:43+00:00;20260916193743-9c3209
DUREZ;keep;2026-09-16T19:37:44+00:00;20260916193744-b314de
DUSES;delete;2026-09-16T19:37:44+00:00;20260916193744-741f0f
DUSES;undo;2026-09-16T19:37:45+00:00;20260916193744-741f0f
DUSES;delete;2026-09-16T19:37:46+00:00;20260916193746-039a3e
DUTES;keep;2026-09-16T19:37:47+00:00;20260916193747-d4c357
DYALS;delete;2026-09-16T19:37:48+00:00;20260916193748-0a9d2c
EARLS;delete;2026-09-16T19:37:56+00:00;20260916193756-8445fc
EBOUA;keep;2026-09-16T19:38:02+00:00;20260916193802-c10f45
EBOUS;delete;2026-09-16T19:38:08+00:00;20260916193808-8aaeb2
EBOUT;delete;2026-09-16T19:38:10+00:00;20260916193810-da1b3e
ECALA;keep;2026-09-16T19:38:13+00:00;20260916193813-e8a919
ECATI;delete;2026-09-16T19:38:18+00:00;20260916193818-2d1b0d
ECEPA;delete;2026-09-16T19:38:20+00:00;20260916193820-d8ffb4
ECEPE;delete;2026-09-16T19:38:22+00:00;20260916193822-d669e5
ECHAI;delete;2026-09-16T19:38:23+00:00;20260916193823-c2cf2b
ECHAS;delete;2026-09-16T19:38:26+00:00;20260916193826-c4a87f
ECHAT;delete;2026-09-16T19:38:26+00:00;20260916193826-8adeb5
ECHAU;delete;2026-09-16T19:38:27+00:00;20260916193827-d94dc9
ECHES;delete;2026-09-16T19:38:28+00:00;20260916193828-cff1d5
ECHEZ;delete;2026-09-16T19:38:28+00:00;20260916193828-43a4d7
ECHUS;delete;2026-09-16T19:38:28+00:00;20260916193828-3010e8
ECHUS;undo;2026-09-16T19:38:29+00:00;20260916193828-3010e8
ECHUS;delete;2026-09-16T19:38:32+00:00;20260916193832-c8b356
ECIMA;delete;2026-09-16T19:38:34+00:00;20260916193834-aaa01b
ECIME;delete;2026-09-16T19:38:37+00:00;20260916193837-01b70b
ECIRS;delete;2026-09-16T19:38:37+00:00;20260916193837-dc0d4d
ECIRS;undo;2026-09-16T19:38:39+00:00;20260916193837-dc0d4d
ECIME;undo;2026-09-16T19:38:39+00:00;20260916193837-01b70b
ECIMA;undo;2026-09-16T19:38:40+00:00;20260916193834-aaa01b
ECHUS;undo;2026-09-16T19:38:40+00:00;20260916193832-c8b356
ECHEZ;undo;2026-09-16T19:38:40+00:00;20260916193828-43a4d7
ECHEZ;delete;2026-09-16T19:38:42+00:00;20260916193842-448723
ECHUS;keep;2026-09-16T19:38:43+00:00;20260916193843-3227e6
ECIMA;delete;2026-09-16T19:38:43+00:00;20260916193843-6909fa
ECIME;delete;2026-09-16T19:38:44+00:00;20260916193844-2ef6bb
ECIRS;delete;2026-09-16T19:38:44+00:00;20260916193844-a30c4a
ECLOT;keep;2026-09-16T19:38:46+00:00;20260916193846-23e3c3
ECORA;delete;2026-09-16T19:38:48+00:00;20260916193848-b6faa8
ECORS;delete;2026-09-16T19:38:49+00:00;20260916193849-3fedf2
ECOTA;delete;2026-09-16T19:38:52+00:00;20260916193852-7598e5
ECOTS;delete;2026-09-16T19:38:53+00:00;20260916193853-b8726f
ECRUS;delete;2026-09-16T19:38:55+00:00;20260916193855-32a9f3
ECTRO;delete;2026-09-16T19:38:56+00:00;20260916193856-95147c
ECULA;delete;2026-09-16T19:38:57+00:00;20260916193857-aa7c2d
ECURA;delete;2026-09-16T19:38:57+00:00;20260916193857-744ed6
ECURA;undo;2026-09-16T19:38:58+00:00;20260916193857-744ed6
ECURA;delete;2026-09-16T19:39:01+00:00;20260916193901-47d57d
ECURE;delete;2026-09-16T19:39:01+00:00;20260916193901-41ebcd
EDAMS;delete;2026-09-16T19:39:01+00:00;20260916193901-fd2d6e
EDITA;keep;2026-09-16T19:39:02+00:00;20260916193902-27b302
EGALI;delete;2026-09-16T19:39:03+00:00;20260916193903-211fab
EJOUI;delete;2026-09-16T19:39:04+00:00;20260916193904-559804
EKABA;delete;2026-09-16T19:39:04+00:00;20260916193904-5e52d1
EKIRI;delete;2026-09-16T19:39:05+00:00;20260916193905-181ad1
ELAVA;delete;2026-09-16T19:39:05+00:00;20260916193905-6ba407
ELBAZ;delete;2026-09-16T19:39:06+00:00;20260916193906-e4ebfc
ELIAI;delete;2026-09-16T19:39:07+00:00;20260916193907-3f413e
ELIAT;delete;2026-09-16T19:39:07+00:00;20260916193907-94709b
ELIDA;delete;2026-09-16T19:39:08+00:00;20260916193908-669957
ELIEE;delete;2026-09-16T19:39:08+00:00;20260916193908-0de671
ELIES;delete;2026-09-16T19:39:09+00:00;20260916193909-c18a53
ELIEZ;delete;2026-09-16T19:39:09+00:00;20260916193909-57b109
ELIMA;delete;2026-09-16T19:39:13+00:00;20260916193913-a12d6a
ELIMAI;delete;2026-09-16T19:39:13+00:00;20260916193913-a12d6a
ELIMAS;delete;2026-09-16T19:39:13+00:00;20260916193913-a12d6a
ELIMAT;delete;2026-09-16T19:39:13+00:00;20260916193913-a12d6a
ELIMEZ;delete;2026-09-16T19:39:13+00:00;20260916193913-a12d6a
ELIMER;delete;2026-09-16T19:39:13+00:00;20260916193913-a12d6a
ELIMAIS;delete;2026-09-16T19:39:13+00:00;20260916193913-a12d6a
ELIMAIT;delete;2026-09-16T19:39:13+00:00;20260916193913-a12d6a
ELIMANT;delete;2026-09-16T19:39:13+00:00;20260916193913-a12d6a
ELIMENT;delete;2026-09-16T19:39:13+00:00;20260916193913-a12d6a
ELIMERA;delete;2026-09-16T19:39:13+00:00;20260916193913-a12d6a
ELIMIEZ;delete;2026-09-16T19:39:13+00:00;20260916193913-a12d6a
ELIMONS;delete;2026-09-16T19:39:13+00:00;20260916193913-a12d6a
ELIMASSE;delete;2026-09-16T19:39:13+00:00;20260916193913-a12d6a
ELIMATES;delete;2026-09-16T19:39:13+00:00;20260916193913-a12d6a
ELIMERAI;delete;2026-09-16T19:39:13+00:00;20260916193913-a12d6a
ELIMERAS;delete;2026-09-16T19:39:13+00:00;20260916193913-a12d6a
ELIMEREZ;delete;2026-09-16T19:39:13+00:00;20260916193913-a12d6a
ELIMIONS;delete;2026-09-16T19:39:13+00:00;20260916193913-a12d6a
ELIMAMES;delete;2026-09-16T19:39:13+00:00;20260916193913-a12d6a
ELIMAIENT;delete;2026-09-16T19:39:13+00:00;20260916193913-a12d6a
ELIMASSES;delete;2026-09-16T19:39:13+00:00;20260916193913-a12d6a
ELIMERAIS;delete;2026-09-16T19:39:13+00:00;20260916193913-a12d6a
ELIMERAIT;delete;2026-09-16T19:39:13+00:00;20260916193913-a12d6a
ELIMERENT;delete;2026-09-16T19:39:13+00:00;20260916193913-a12d6a
ELIMERIEZ;delete;2026-09-16T19:39:13+00:00;20260916193913-a12d6a
ELIMERONS;delete;2026-09-16T19:39:13+00:00;20260916193913-a12d6a
ELIMERONT;delete;2026-09-16T19:39:13+00:00;20260916193913-a12d6a
ELIMASSENT;delete;2026-09-16T19:39:13+00:00;20260916193913-a12d6a
ELIMASSIEZ;delete;2026-09-16T19:39:13+00:00;20260916193913-a12d6a
ELIMERIONS;delete;2026-09-16T19:39:13+00:00;20260916193913-a12d6a
ELIMASSIONS;delete;2026-09-16T19:39:13+00:00;20260916193913-a12d6a
ELIMERAIENT;delete;2026-09-16T19:39:13+00:00;20260916193913-a12d6a
ELIRA;keep;2026-09-16T19:40:53+00:00;20260916194053-23f866
ELMIS;delete;2026-09-16T19:40:55+00:00;20260916194055-a38aea
ELUAI;delete;2026-09-16T19:41:04+00:00;20260916194104-eb0907
ELUAS;delete;2026-09-16T19:41:04+00:00;20260916194104-eb0907
ELUEE;delete;2026-09-16T19:41:04+00:00;20260916194104-eb0907
ELUEZ;delete;2026-09-16T19:41:04+00:00;20260916194104-eb0907
ELUAT;delete;2026-09-16T19:41:04+00:00;20260916194104-eb0907
ELUER;delete;2026-09-16T19:41:04+00:00;20260916194104-eb0907
ELUAIS;delete;2026-09-16T19:41:04+00:00;20260916194104-eb0907
ELUAIT;delete;2026-09-16T19:41:04+00:00;20260916194104-eb0907
ELUEES;delete;2026-09-16T19:41:04+00:00;20260916194104-eb0907
ELUENT;delete;2026-09-16T19:41:04+00:00;20260916194104-eb0907
ELUERA;delete;2026-09-16T19:41:04+00:00;20260916194104-eb0907
ELUIEZ;delete;2026-09-16T19:41:04+00:00;20260916194104-eb0907
ELUONS;delete;2026-09-16T19:41:04+00:00;20260916194104-eb0907
ELUANT;delete;2026-09-16T19:41:04+00:00;20260916194104-eb0907
ELUAMES;delete;2026-09-16T19:41:04+00:00;20260916194104-eb0907
ELUASSE;delete;2026-09-16T19:41:04+00:00;20260916194104-eb0907
ELUATES;delete;2026-09-16T19:41:04+00:00;20260916194104-eb0907
ELUERAI;delete;2026-09-16T19:41:04+00:00;20260916194104-eb0907
ELUERAS;delete;2026-09-16T19:41:04+00:00;20260916194104-eb0907
ELUEREZ;delete;2026-09-16T19:41:04+00:00;20260916194104-eb0907
ELUIONS;delete;2026-09-16T19:41:04+00:00;20260916194104-eb0907
ELUAIENT;delete;2026-09-16T19:41:04+00:00;20260916194104-eb0907
ELUASSES;delete;2026-09-16T19:41:04+00:00;20260916194104-eb0907
ELUERAIS;delete;2026-09-16T19:41:04+00:00;20260916194104-eb0907
ELUERAIT;delete;2026-09-16T19:41:04+00:00;20260916194104-eb0907
ELUERENT;delete;2026-09-16T19:41:04+00:00;20260916194104-eb0907
ELUERIEZ;delete;2026-09-16T19:41:04+00:00;20260916194104-eb0907
ELUERONS;delete;2026-09-16T19:41:04+00:00;20260916194104-eb0907
ELUERONT;delete;2026-09-16T19:41:04+00:00;20260916194104-eb0907
ELUASSENT;delete;2026-09-16T19:41:04+00:00;20260916194104-eb0907
ELUASSIEZ;delete;2026-09-16T19:41:04+00:00;20260916194104-eb0907
ELUERIONS;delete;2026-09-16T19:41:04+00:00;20260916194104-eb0907
ELUASSIONS;delete;2026-09-16T19:41:04+00:00;20260916194104-eb0907
ELUERAIENT;delete;2026-09-16T19:41:04+00:00;20260916194104-eb0907
ELVIS;keep;2026-09-16T19:41:06+00:00;20260916194106-f0d623
EMANA;keep;2026-09-16T19:41:08+00:00;20260916194108-cbd2e7
EMBAT;delete;2026-09-16T19:41:14+00:00;20260916194114-0ddf63
EMBATS;delete;2026-09-16T19:41:14+00:00;20260916194114-0ddf63
EMBATTE;delete;2026-09-16T19:41:14+00:00;20260916194114-0ddf63
EMBATTU;delete;2026-09-16T19:41:14+00:00;20260916194114-0ddf63
EMBATTES;delete;2026-09-16T19:41:14+00:00;20260916194114-0ddf63
EMBATTEZ;delete;2026-09-16T19:41:14+00:00;20260916194114-0ddf63
EMBATTIS;delete;2026-09-16T19:41:14+00:00;20260916194114-0ddf63
EMBATTIT;delete;2026-09-16T19:41:14+00:00;20260916194114-0ddf63
EMBATTRA;delete;2026-09-16T19:41:14+00:00;20260916194114-0ddf63
EMBATTUE;delete;2026-09-16T19:41:14+00:00;20260916194114-0ddf63
EMBATTUS;delete;2026-09-16T19:41:14+00:00;20260916194114-0ddf63
EMBATTRE;delete;2026-09-16T19:41:14+00:00;20260916194114-0ddf63
EMBATTAIS;delete;2026-09-16T19:41:14+00:00;20260916194114-0ddf63
EMBATTAIT;delete;2026-09-16T19:41:14+00:00;20260916194114-0ddf63
EMBATTANT;delete;2026-09-16T19:41:14+00:00;20260916194114-0ddf63
EMBATTENT;delete;2026-09-16T19:41:14+00:00;20260916194114-0ddf63
EMBATTIEZ;delete;2026-09-16T19:41:14+00:00;20260916194114-0ddf63
EMBATTONS;delete;2026-09-16T19:41:14+00:00;20260916194114-0ddf63
EMBATTRAI;delete;2026-09-16T19:41:14+00:00;20260916194114-0ddf63
EMBATTRAS;delete;2026-09-16T19:41:14+00:00;20260916194114-0ddf63
EMBATTREZ;delete;2026-09-16T19:41:14+00:00;20260916194114-0ddf63
EMBATTUES;delete;2026-09-16T19:41:14+00:00;20260916194114-0ddf63
EMBATTIMES;delete;2026-09-16T19:41:14+00:00;20260916194114-0ddf63
EMBATTIONS;delete;2026-09-16T19:41:14+00:00;20260916194114-0ddf63
EMBATTISSE;delete;2026-09-16T19:41:14+00:00;20260916194114-0ddf63
EMBATTITES;delete;2026-09-16T19:41:14+00:00;20260916194114-0ddf63
EMBATTRAIS;delete;2026-09-16T19:41:14+00:00;20260916194114-0ddf63
EMBATTRAIT;delete;2026-09-16T19:41:14+00:00;20260916194114-0ddf63
EMBATTRIEZ;delete;2026-09-16T19:41:14+00:00;20260916194114-0ddf63
EMBATTRONS;delete;2026-09-16T19:41:14+00:00;20260916194114-0ddf63
EMBATTRONT;delete;2026-09-16T19:41:14+00:00;20260916194114-0ddf63
EMBATTAIENT;delete;2026-09-16T19:41:14+00:00;20260916194114-0ddf63
EMBATTIRENT;delete;2026-09-16T19:41:14+00:00;20260916194114-0ddf63
EMBATTISSES;delete;2026-09-16T19:41:14+00:00;20260916194114-0ddf63
EMBATTRIONS;delete;2026-09-16T19:41:14+00:00;20260916194114-0ddf63
EMBATTISSENT;delete;2026-09-16T19:41:14+00:00;20260916194114-0ddf63
EMBATTISSIEZ;delete;2026-09-16T19:41:14+00:00;20260916194114-0ddf63
EMBATTRAIENT;delete;2026-09-16T19:41:14+00:00;20260916194114-0ddf63
EMBATTISSIONS;delete;2026-09-16T19:41:14+00:00;20260916194114-0ddf63
EMBIE;delete;2026-09-16T19:41:17+00:00;20260916194117-1e5c9d
EMETO;delete;2026-09-16T19:41:18+00:00;20260916194118-e791a3
EMIAI;delete;2026-09-16T19:41:21+00:00;20260916194121-2294cf
EMIAS;delete;2026-09-16T19:41:21+00:00;20260916194121-dbbafa
EMIAT;delete;2026-09-16T19:41:22+00:00;20260916194122-e4227a
EMIEE;delete;2026-09-16T19:41:22+00:00;20260916194122-f01694
EMIES;delete;2026-09-16T19:41:22+00:00;20260916194122-897a7d
EMIEZ;delete;2026-09-16T19:41:23+00:00;20260916194123-2467c4
EMOUD;delete;2026-09-16T19:41:25+00:00;20260916194125-463420
EMOUDS;delete;2026-09-16T19:41:25+00:00;20260916194125-463420
EMOULE;delete;2026-09-16T19:41:25+00:00;20260916194125-463420
EMOULU;delete;2026-09-16T19:41:25+00:00;20260916194125-463420
EMOUDRA;delete;2026-09-16T19:41:25+00:00;20260916194125-463420
EMOULES;delete;2026-09-16T19:41:25+00:00;20260916194125-463420
EMOULEZ;delete;2026-09-16T19:41:25+00:00;20260916194125-463420
EMOULUT;delete;2026-09-16T19:41:25+00:00;20260916194125-463420
EMOUDRE;delete;2026-09-16T19:41:25+00:00;20260916194125-463420
EMOULUS;delete;2026-09-16T19:41:25+00:00;20260916194125-463420
EMOULUE;delete;2026-09-16T19:41:25+00:00;20260916194125-463420
EMOUDRAI;delete;2026-09-16T19:41:25+00:00;20260916194125-463420
EMOUDRAS;delete;2026-09-16T19:41:25+00:00;20260916194125-463420
EMOUDREZ;delete;2026-09-16T19:41:25+00:00;20260916194125-463420
EMOULAIS;delete;2026-09-16T19:41:25+00:00;20260916194125-463420
EMOULAIT;delete;2026-09-16T19:41:25+00:00;20260916194125-463420
EMOULANT;delete;2026-09-16T19:41:25+00:00;20260916194125-463420
EMOULENT;delete;2026-09-16T19:41:25+00:00;20260916194125-463420
EMOULIEZ;delete;2026-09-16T19:41:25+00:00;20260916194125-463420
EMOULONS;delete;2026-09-16T19:41:25+00:00;20260916194125-463420
EMOULUES;delete;2026-09-16T19:41:25+00:00;20260916194125-463420
EMOUDRAIS;delete;2026-09-16T19:41:25+00:00;20260916194125-463420
EMOUDRAIT;delete;2026-09-16T19:41:25+00:00;20260916194125-463420
EMOUDRIEZ;delete;2026-09-16T19:41:25+00:00;20260916194125-463420
EMOUDRONS;delete;2026-09-16T19:41:25+00:00;20260916194125-463420
EMOUDRONT;delete;2026-09-16T19:41:25+00:00;20260916194125-463420
EMOULIONS;delete;2026-09-16T19:41:25+00:00;20260916194125-463420
EMOULUMES;delete;2026-09-16T19:41:25+00:00;20260916194125-463420
EMOULUSSE;delete;2026-09-16T19:41:25+00:00;20260916194125-463420
EMOULUTES;delete;2026-09-16T19:41:25+00:00;20260916194125-463420
EMOUDRIONS;delete;2026-09-16T19:41:25+00:00;20260916194125-463420
EMOULAIENT;delete;2026-09-16T19:41:25+00:00;20260916194125-463420
EMOULURENT;delete;2026-09-16T19:41:25+00:00;20260916194125-463420
EMOULUSSES;delete;2026-09-16T19:41:25+00:00;20260916194125-463420
EMOUDRAIENT;delete;2026-09-16T19:41:25+00:00;20260916194125-463420
EMOULUSSENT;delete;2026-09-16T19:41:25+00:00;20260916194125-463420
EMOULUSSIEZ;delete;2026-09-16T19:41:25+00:00;20260916194125-463420
EMOULUSSIONS;delete;2026-09-16T19:41:25+00:00;20260916194125-463420
EMOUS;delete;2026-09-16T19:41:32+00:00;20260916194132-6f650a
EMULA;keep;2026-09-16T19:41:50+00:00;20260916194150-e56473
ENASA;delete;2026-09-16T19:41:57+00:00;20260916194157-1aaef8
ENASE;delete;2026-09-16T19:41:57+00:00;20260916194157-1aaef8
ENASAI;delete;2026-09-16T19:41:57+00:00;20260916194157-1aaef8
ENASAS;delete;2026-09-16T19:41:57+00:00;20260916194157-1aaef8
ENASAT;delete;2026-09-16T19:41:57+00:00;20260916194157-1aaef8
ENASEE;delete;2026-09-16T19:41:57+00:00;20260916194157-1aaef8
ENASES;delete;2026-09-16T19:41:57+00:00;20260916194157-1aaef8
ENASEZ;delete;2026-09-16T19:41:57+00:00;20260916194157-1aaef8
ENASER;delete;2026-09-16T19:41:57+00:00;20260916194157-1aaef8
ENASAIS;delete;2026-09-16T19:41:57+00:00;20260916194157-1aaef8
ENASAIT;delete;2026-09-16T19:41:57+00:00;20260916194157-1aaef8
ENASANT;delete;2026-09-16T19:41:57+00:00;20260916194157-1aaef8
ENASEES;delete;2026-09-16T19:41:57+00:00;20260916194157-1aaef8
ENASENT;delete;2026-09-16T19:41:57+00:00;20260916194157-1aaef8
ENASERA;delete;2026-09-16T19:41:57+00:00;20260916194157-1aaef8
ENASIEZ;delete;2026-09-16T19:41:57+00:00;20260916194157-1aaef8
ENASONS;delete;2026-09-16T19:41:57+00:00;20260916194157-1aaef8
ENASAMES;delete;2026-09-16T19:41:57+00:00;20260916194157-1aaef8
ENASASSE;delete;2026-09-16T19:41:57+00:00;20260916194157-1aaef8
ENASATES;delete;2026-09-16T19:41:57+00:00;20260916194157-1aaef8
ENASERAI;delete;2026-09-16T19:41:57+00:00;20260916194157-1aaef8
ENASERAS;delete;2026-09-16T19:41:57+00:00;20260916194157-1aaef8
ENASEREZ;delete;2026-09-16T19:41:57+00:00;20260916194157-1aaef8
ENASIONS;delete;2026-09-16T19:41:57+00:00;20260916194157-1aaef8
ENASAIENT;delete;2026-09-16T19:41:57+00:00;20260916194157-1aaef8
ENASASSES;delete;2026-09-16T19:41:57+00:00;20260916194157-1aaef8
ENASERAIS;delete;2026-09-16T19:41:57+00:00;20260916194157-1aaef8
ENASERAIT;delete;2026-09-16T19:41:57+00:00;20260916194157-1aaef8
ENASERENT;delete;2026-09-16T19:41:57+00:00;20260916194157-1aaef8
ENASERIEZ;delete;2026-09-16T19:41:57+00:00;20260916194157-1aaef8
ENASERONS;delete;2026-09-16T19:41:57+00:00;20260916194157-1aaef8
ENASERONT;delete;2026-09-16T19:41:57+00:00;20260916194157-1aaef8
ENASASSENT;delete;2026-09-16T19:41:57+00:00;20260916194157-1aaef8
ENASASSIEZ;delete;2026-09-16T19:41:57+00:00;20260916194157-1aaef8
ENASERIONS;delete;2026-09-16T19:41:57+00:00;20260916194157-1aaef8
ENASASSIONS;delete;2026-09-16T19:41:57+00:00;20260916194157-1aaef8
ENASERAIENT;delete;2026-09-16T19:41:57+00:00;20260916194157-1aaef8
ENBUS;delete;2026-09-16T19:42:00+00:00;20260916194200-f15b77
ENCAR;delete;2026-09-16T19:42:00+00:00;20260916194200-dc1071
ENCRA;keep;2026-09-16T19:42:03+00:00;20260916194203-57e441
ENDEA;delete;2026-09-16T19:42:04+00:00;20260916194204-5a3821
ENDOT;delete;2026-09-16T19:42:04+00:00;20260916194204-0865e3
ENDUO;delete;2026-09-16T19:42:05+00:00;20260916194205-ad8d16
ENEYA;delete;2026-09-16T19:42:11+00:00;20260916194211-05864d
ENEYE;delete;2026-09-16T19:42:11+00:00;20260916194211-16be5e
ENGEA;delete;2026-09-16T19:42:14+00:00;20260916194214-4ebd76
ENGEE;delete;2026-09-16T19:42:15+00:00;20260916194215-f30250
ENGEL;delete;2026-09-16T19:42:16+00:00;20260916194216-4af703
ENGES;delete;2026-09-16T19:42:16+00:00;20260916194216-07f5df
ENGEZ;delete;2026-09-16T19:42:17+00:00;20260916194217-902378
ENHLM;delete;2026-09-16T19:42:18+00:00;20260916194218-b06c26
ENIDE;delete;2026-09-16T19:42:19+00:00;20260916194219-380bcd
ENLIA;delete;2026-09-16T19:42:20+00:00;20260916194220-a6e3e7
ENLIE;delete;2026-09-16T19:42:26+00:00;20260916194226-0746a0
ENLIAI;delete;2026-09-16T19:42:26+00:00;20260916194226-0746a0
ENLIAS;delete;2026-09-16T19:42:26+00:00;20260916194226-0746a0
ENLIAT;delete;2026-09-16T19:42:26+00:00;20260916194226-0746a0
ENLIEE;delete;2026-09-16T19:42:26+00:00;20260916194226-0746a0
ENLIES;delete;2026-09-16T19:42:26+00:00;20260916194226-0746a0
ENLIEZ;delete;2026-09-16T19:42:26+00:00;20260916194226-0746a0
ENLIER;delete;2026-09-16T19:42:26+00:00;20260916194226-0746a0
ENLIAIS;delete;2026-09-16T19:42:26+00:00;20260916194226-0746a0
ENLIAIT;delete;2026-09-16T19:42:26+00:00;20260916194226-0746a0
ENLIANT;delete;2026-09-16T19:42:26+00:00;20260916194226-0746a0
ENLIEES;delete;2026-09-16T19:42:26+00:00;20260916194226-0746a0
ENLIENT;delete;2026-09-16T19:42:26+00:00;20260916194226-0746a0
ENLIERA;delete;2026-09-16T19:42:26+00:00;20260916194226-0746a0
ENLIIEZ;delete;2026-09-16T19:42:26+00:00;20260916194226-0746a0
ENLIONS;delete;2026-09-16T19:42:26+00:00;20260916194226-0746a0
ENLIAMES;delete;2026-09-16T19:42:26+00:00;20260916194226-0746a0
ENLIATES;delete;2026-09-16T19:42:26+00:00;20260916194226-0746a0
ENLIERAI;delete;2026-09-16T19:42:26+00:00;20260916194226-0746a0
ENLIERAS;delete;2026-09-16T19:42:26+00:00;20260916194226-0746a0
ENLIEREZ;delete;2026-09-16T19:42:26+00:00;20260916194226-0746a0
ENLIIONS;delete;2026-09-16T19:42:26+00:00;20260916194226-0746a0
ENLIAIENT;delete;2026-09-16T19:42:26+00:00;20260916194226-0746a0
ENLIERAIS;delete;2026-09-16T19:42:26+00:00;20260916194226-0746a0
ENLIERAIT;delete;2026-09-16T19:42:26+00:00;20260916194226-0746a0
ENLIERENT;delete;2026-09-16T19:42:26+00:00;20260916194226-0746a0
ENLIERIEZ;delete;2026-09-16T19:42:26+00:00;20260916194226-0746a0
ENLIERONS;delete;2026-09-16T19:42:26+00:00;20260916194226-0746a0
ENLIERONT;delete;2026-09-16T19:42:26+00:00;20260916194226-0746a0
ENLIERIONS;delete;2026-09-16T19:42:26+00:00;20260916194226-0746a0
ENLIERAIENT;delete;2026-09-16T19:42:26+00:00;20260916194226-0746a0
ENMER;delete;2026-09-16T19:42:27+00:00;20260916194227-253c60
ENOL;delete;2026-09-16T19:42:34+00:00;20260916194234-33f26c
ENOLS;delete;2026-09-16T19:42:34+00:00;20260916194234-33f26c
ENOPA;delete;2026-09-16T19:42:37+00:00;20260916194237-6149c7
ENOPE;delete;2026-09-16T19:42:38+00:00;20260916194238-db3482
ENOUA;delete;2026-09-16T19:42:54+00:00;20260916194254-3a067f
ENOUE;delete;2026-09-16T19:42:54+00:00;20260916194254-3a067f
ENOUAI;delete;2026-09-16T19:42:54+00:00;20260916194254-3a067f
ENOUAS;delete;2026-09-16T19:42:54+00:00;20260916194254-3a067f
ENOUAT;delete;2026-09-16T19:42:54+00:00;20260916194254-3a067f
ENOUEE;delete;2026-09-16T19:42:54+00:00;20260916194254-3a067f
ENOUES;delete;2026-09-16T19:42:54+00:00;20260916194254-3a067f
ENOUEZ;delete;2026-09-16T19:42:54+00:00;20260916194254-3a067f
ENOUER;delete;2026-09-16T19:42:54+00:00;20260916194254-3a067f
ENOUAIS;delete;2026-09-16T19:42:54+00:00;20260916194254-3a067f
ENOUAIT;delete;2026-09-16T19:42:54+00:00;20260916194254-3a067f
ENOUANT;delete;2026-09-16T19:42:54+00:00;20260916194254-3a067f
ENOUEES;delete;2026-09-16T19:42:54+00:00;20260916194254-3a067f
ENOUENT;delete;2026-09-16T19:42:54+00:00;20260916194254-3a067f
ENOUERA;delete;2026-09-16T19:42:54+00:00;20260916194254-3a067f
ENOUIEZ;delete;2026-09-16T19:42:54+00:00;20260916194254-3a067f
ENOUONS;delete;2026-09-16T19:42:54+00:00;20260916194254-3a067f
ENOUAMES;delete;2026-09-16T19:42:54+00:00;20260916194254-3a067f
ENOUASSE;delete;2026-09-16T19:42:54+00:00;20260916194254-3a067f
ENOUATES;delete;2026-09-16T19:42:54+00:00;20260916194254-3a067f
ENOUERAI;delete;2026-09-16T19:42:54+00:00;20260916194254-3a067f
ENOUERAS;delete;2026-09-16T19:42:54+00:00;20260916194254-3a067f
ENOUEREZ;delete;2026-09-16T19:42:54+00:00;20260916194254-3a067f
ENOUIONS;delete;2026-09-16T19:42:54+00:00;20260916194254-3a067f
ENOUAIENT;delete;2026-09-16T19:42:54+00:00;20260916194254-3a067f
ENOUASSES;delete;2026-09-16T19:42:54+00:00;20260916194254-3a067f
ENOUERAIS;delete;2026-09-16T19:42:54+00:00;20260916194254-3a067f
ENOUERAIT;delete;2026-09-16T19:42:54+00:00;20260916194254-3a067f
ENOUERENT;delete;2026-09-16T19:42:54+00:00;20260916194254-3a067f
ENOUERIEZ;delete;2026-09-16T19:42:54+00:00;20260916194254-3a067f
ENOUERONS;delete;2026-09-16T19:42:54+00:00;20260916194254-3a067f
ENOUERONT;delete;2026-09-16T19:42:54+00:00;20260916194254-3a067f
ENOUASSENT;delete;2026-09-16T19:42:54+00:00;20260916194254-3a067f
ENOUASSIEZ;delete;2026-09-16T19:42:54+00:00;20260916194254-3a067f
ENOUERIONS;delete;2026-09-16T19:42:54+00:00;20260916194254-3a067f
ENOUASSIONS;delete;2026-09-16T19:42:54+00:00;20260916194254-3a067f
ENOUERAIENT;delete;2026-09-16T19:42:54+00:00;20260916194254-3a067f
ENPIS;delete;2026-09-16T19:42:58+00:00;20260916194258-c2ea44
ENRUT;delete;2026-09-16T19:42:58+00:00;20260916194258-08dbf3
ENSIS;delete;2026-09-16T19:42:59+00:00;20260916194259-a353fb
ENTAI;delete;2026-09-16T19:43:04+00:00;20260916194304-9dfb3a
ENTAT;delete;2026-09-16T19:43:05+00:00;20260916194305-2501cc
ENTEE;delete;2026-09-16T19:43:07+00:00;20260916194307-0dc738
ENTES;delete;2026-09-16T19:43:07+00:00;20260916194307-3d3842
ENTEZ;delete;2026-09-16T19:43:08+00:00;20260916194308-75480a
ENTOC;delete;2026-09-16T19:43:08+00:00;20260916194308-274733
ENYNE;delete;2026-09-16T19:43:09+00:00;20260916194309-e0822e
EOUDS;delete;2026-09-16T19:43:10+00:00;20260916194310-deaa0c
EPALA;delete;2026-09-16T19:43:15+00:00;20260916194315-9152de
EPALE;delete;2026-09-16T19:43:17+00:00;20260916194317-48e063
EPIAS;keep;2026-09-16T19:43:18+00:00;20260916194318-26669e
EPIAT;keep;2026-09-16T19:43:19+00:00;20260916194319-5bae11
EPICA;keep;2026-09-16T19:43:20+00:00;20260916194320-5d67d6
EPILA;keep;2026-09-16T19:43:20+00:00;20260916194320-e2f4b4
EPINA;keep;2026-09-16T19:43:21+00:00;20260916194321-5dda9b
EPUCA;keep;2026-09-16T19:43:24+00:00;20260916194324-4e3c2f
EPUCE;keep;2026-09-16T19:43:25+00:00;20260916194325-51e54a
EPURA;keep;2026-09-16T19:43:26+00:00;20260916194326-9f7733
ERAIE;delete;2026-09-16T19:43:34+00:00;20260916194334-840556
ERAYA;delete;2026-09-16T19:43:34+00:00;20260916194334-840556
ERAYE;delete;2026-09-16T19:43:34+00:00;20260916194334-840556
ERAIES;delete;2026-09-16T19:43:34+00:00;20260916194334-840556
ERAYAI;delete;2026-09-16T19:43:34+00:00;20260916194334-840556
ERAYAS;delete;2026-09-16T19:43:34+00:00;20260916194334-840556
ERAYAT;delete;2026-09-16T19:43:34+00:00;20260916194334-840556
ERAYEE;delete;2026-09-16T19:43:34+00:00;20260916194334-840556
ERAYES;delete;2026-09-16T19:43:34+00:00;20260916194334-840556
ERAYEZ;delete;2026-09-16T19:43:34+00:00;20260916194334-840556
ERAYER;delete;2026-09-16T19:43:34+00:00;20260916194334-840556
ERAIENT;delete;2026-09-16T19:43:34+00:00;20260916194334-840556
ERAIERA;delete;2026-09-16T19:43:34+00:00;20260916194334-840556
ERAYAIS;delete;2026-09-16T19:43:34+00:00;20260916194334-840556
ERAYAIT;delete;2026-09-16T19:43:34+00:00;20260916194334-840556
ERAYANT;delete;2026-09-16T19:43:34+00:00;20260916194334-840556
ERAYEES;delete;2026-09-16T19:43:34+00:00;20260916194334-840556
ERAYENT;delete;2026-09-16T19:43:34+00:00;20260916194334-840556
ERAYERA;delete;2026-09-16T19:43:34+00:00;20260916194334-840556
ERAYIEZ;delete;2026-09-16T19:43:34+00:00;20260916194334-840556
ERAYONS;delete;2026-09-16T19:43:34+00:00;20260916194334-840556
ERAIERAI;delete;2026-09-16T19:43:34+00:00;20260916194334-840556
ERAIERAS;delete;2026-09-16T19:43:34+00:00;20260916194334-840556
ERAIEREZ;delete;2026-09-16T19:43:34+00:00;20260916194334-840556
ERAYAMES;delete;2026-09-16T19:43:34+00:00;20260916194334-840556
ERAYASSE;delete;2026-09-16T19:43:34+00:00;20260916194334-840556
ERAYATES;delete;2026-09-16T19:43:34+00:00;20260916194334-840556
ERAYERAI;delete;2026-09-16T19:43:34+00:00;20260916194334-840556
ERAYERAS;delete;2026-09-16T19:43:34+00:00;20260916194334-840556
ERAYEREZ;delete;2026-09-16T19:43:34+00:00;20260916194334-840556
ERAYIONS;delete;2026-09-16T19:43:34+00:00;20260916194334-840556
ERAIERAIS;delete;2026-09-16T19:43:34+00:00;20260916194334-840556
ERAIERAIT;delete;2026-09-16T19:43:34+00:00;20260916194334-840556
ERAIERIEZ;delete;2026-09-16T19:43:34+00:00;20260916194334-840556
ERAIERONS;delete;2026-09-16T19:43:34+00:00;20260916194334-840556
ERAIERONT;delete;2026-09-16T19:43:34+00:00;20260916194334-840556
ERAYAIENT;delete;2026-09-16T19:43:34+00:00;20260916194334-840556
ERAYASSES;delete;2026-09-16T19:43:34+00:00;20260916194334-840556
ERAYERAIS;delete;2026-09-16T19:43:34+00:00;20260916194334-840556
ERAYERAIT;delete;2026-09-16T19:43:34+00:00;20260916194334-840556
ERAYERENT;delete;2026-09-16T19:43:34+00:00;20260916194334-840556
ERAYERIEZ;delete;2026-09-16T19:43:34+00:00;20260916194334-840556
ERAYERONS;delete;2026-09-16T19:43:34+00:00;20260916194334-840556
ERAYERONT;delete;2026-09-16T19:43:34+00:00;20260916194334-840556
ERAIERIONS;delete;2026-09-16T19:43:34+00:00;20260916194334-840556
ERAYASSENT;delete;2026-09-16T19:43:34+00:00;20260916194334-840556
ERAYASSIEZ;delete;2026-09-16T19:43:34+00:00;20260916194334-840556
ERAYERIONS;delete;2026-09-16T19:43:34+00:00;20260916194334-840556
ERAIERAIENT;delete;2026-09-16T19:43:34+00:00;20260916194334-840556
ERAYASSIONS;delete;2026-09-16T19:43:34+00:00;20260916194334-840556
ERAYERAIENT;delete;2026-09-16T19:43:34+00:00;20260916194334-840556
ERATO;delete;2026-09-16T19:44:55+00:00;20260916194455-63e18a
EREDE;delete;2026-09-16T19:44:55+00:00;20260916194455-6ce243
ERODA;keep;2026-09-16T19:44:56+00:00;20260916194456-8dee48
ERRAS;keep;2026-09-16T19:44:57+00:00;20260916194457-3a91d1
ERRAT;keep;2026-09-16T19:44:58+00:00;20260916194458-2fbb4d
ERSES;delete;2026-09-16T19:44:58+00:00;20260916194458-a3d242
ERSES;undo;2026-09-16T19:45:00+00:00;20260916194458-a3d242
ERSES;delete;2026-09-16T19:45:02+00:00;20260916194502-ad8864
ERUCI;delete;2026-09-16T19:45:04+00:00;20260916194504-23461c
ERYMA;delete;2026-09-16T19:45:05+00:00;20260916194505-2f9d89
ESCHA;delete;2026-09-16T19:45:08+00:00;20260916194508-4ea143
ESSES;delete;2026-09-16T19:45:18+00:00;20260916194518-2daf0f
ESTAI;keep;2026-09-16T19:45:21+00:00;20260916194521-b623b6
ESTAS;keep;2026-09-16T19:45:21+00:00;20260916194521-871a53
ESTAT;keep;2026-09-16T19:45:22+00:00;20260916194522-beb202
ESTEZ;keep;2026-09-16T19:45:22+00:00;20260916194522-b52e5d
ETAMA;keep;2026-09-16T19:45:24+00:00;20260916194524-06b731
ETAYA;keep;2026-09-16T19:45:26+00:00;20260916194526-947286
ETHYL;delete;2026-09-16T19:45:27+00:00;20260916194527-b37c0c
ETIGE;delete;2026-09-16T19:45:30+00:00;20260916194530-847823
ETOCS;delete;2026-09-16T19:45:33+00:00;20260916194533-ebdae2
ETUVA;keep;2026-09-16T19:45:36+00:00;20260916194536-ddb088
ETYMO;delete;2026-09-16T19:45:37+00:00;20260916194537-cfd79d
EUPHO;delete;2026-09-16T19:45:38+00:00;20260916194538-7dd9ce
EVASA;keep;2026-09-16T19:45:43+00:00;20260916194543-d765f0
EVIRA;delete;2026-09-16T19:45:44+00:00;20260916194544-4b4dea
EXONS;delete;2026-09-16T19:45:44+00:00;20260916194544-4b35f3
EXPIA;delete;2026-09-16T19:45:46+00:00;20260916194546-57c7aa
EXPIA;undo;2026-09-16T19:45:47+00:00;20260916194546-57c7aa
EXPIA;keep;2026-09-16T19:45:49+00:00;20260916194549-36d391
FABER;delete;2026-09-16T19:45:50+00:00;20260916194550-80accb
FABRE;delete;2026-09-16T19:45:51+00:00;20260916194551-79cf60
FACAI;delete;2026-09-16T19:45:56+00:00;20260916194556-c314e6
FACAS;delete;2026-09-16T19:45:56+00:00;20260916194556-c314e6
FACAT;delete;2026-09-16T19:45:56+00:00;20260916194556-c314e6
FACEE;delete;2026-09-16T19:45:56+00:00;20260916194556-c314e6
FACEZ;delete;2026-09-16T19:45:56+00:00;20260916194556-c314e6
FACER;delete;2026-09-16T19:45:56+00:00;20260916194556-c314e6
FACAIS;delete;2026-09-16T19:45:56+00:00;20260916194556-c314e6
FACAIT;delete;2026-09-16T19:45:56+00:00;20260916194556-c314e6
FACANT;delete;2026-09-16T19:45:56+00:00;20260916194556-c314e6
FACEES;delete;2026-09-16T19:45:56+00:00;20260916194556-c314e6
FACENT;delete;2026-09-16T19:45:56+00:00;20260916194556-c314e6
FACERA;delete;2026-09-16T19:45:56+00:00;20260916194556-c314e6
FACIEZ;delete;2026-09-16T19:45:56+00:00;20260916194556-c314e6
FACAMES;delete;2026-09-16T19:45:56+00:00;20260916194556-c314e6
FACASSE;delete;2026-09-16T19:45:56+00:00;20260916194556-c314e6
FACATES;delete;2026-09-16T19:45:56+00:00;20260916194556-c314e6
FACERAI;delete;2026-09-16T19:45:56+00:00;20260916194556-c314e6
FACERAS;delete;2026-09-16T19:45:56+00:00;20260916194556-c314e6
FACEREZ;delete;2026-09-16T19:45:56+00:00;20260916194556-c314e6
FACIONS;delete;2026-09-16T19:45:56+00:00;20260916194556-c314e6
FACAIENT;delete;2026-09-16T19:45:56+00:00;20260916194556-c314e6
FACASSES;delete;2026-09-16T19:45:56+00:00;20260916194556-c314e6
FACERAIS;delete;2026-09-16T19:45:56+00:00;20260916194556-c314e6
FACERAIT;delete;2026-09-16T19:45:56+00:00;20260916194556-c314e6
FACERENT;delete;2026-09-16T19:45:56+00:00;20260916194556-c314e6
FACERIEZ;delete;2026-09-16T19:45:56+00:00;20260916194556-c314e6
FACERONS;delete;2026-09-16T19:45:56+00:00;20260916194556-c314e6
FACERONT;delete;2026-09-16T19:45:56+00:00;20260916194556-c314e6
FACASSENT;delete;2026-09-16T19:45:56+00:00;20260916194556-c314e6
FACASSIEZ;delete;2026-09-16T19:45:56+00:00;20260916194556-c314e6
FACERIONS;delete;2026-09-16T19:45:56+00:00;20260916194556-c314e6
FACASSIONS;delete;2026-09-16T19:45:56+00:00;20260916194556-c314e6
FACERAIENT;delete;2026-09-16T19:45:56+00:00;20260916194556-c314e6
FADAI;keep;2026-09-16T19:45:59+00:00;20260916194559-ba861f
FADAT;keep;2026-09-16T19:46:00+00:00;20260916194600-a7cb94
FADEZ;keep;2026-09-16T19:46:00+00:00;20260916194600-3b7fe5
FADEZ;undo;2026-09-16T19:46:04+00:00;20260916194600-3b7fe5
FADAT;undo;2026-09-16T19:46:04+00:00;20260916194600-a7cb94
FADAI;undo;2026-09-16T19:46:07+00:00;20260916194559-ba861f
FADAI;delete;2026-09-16T19:46:12+00:00;20260916194612-0c5af3
FADAT;delete;2026-09-16T19:46:13+00:00;20260916194613-cf044b
FADEZ;delete;2026-09-16T19:46:13+00:00;20260916194613-48d95c
FADOS;delete;2026-09-16T19:46:16+00:00;20260916194616-5c2b80
FALES;delete;2026-09-16T19:46:18+00:00;20260916194618-18ab2c
FANAI;keep;2026-09-16T19:46:21+00:00;20260916194621-825d22
FANAT;keep;2026-09-16T19:46:22+00:00;20260916194622-fdd8f2
FARDA;keep;2026-09-16T19:46:26+00:00;20260916194626-6fe4dd
FARE;delete;2026-09-16T19:46:40+00:00;20260916194640-e1997e
FARES;delete;2026-09-16T19:46:40+00:00;20260916194640-e1997e
FARO;delete;2026-09-16T19:46:47+00:00;20260916194647-5fa9bc
FAROS;delete;2026-09-16T19:46:47+00:00;20260916194647-5fa9bc
FARTA;keep;2026-09-16T19:46:51+00:00;20260916194651-3a78d3
FARTE;keep;2026-09-16T19:46:52+00:00;20260916194652-e8804e
FARTS;keep;2026-09-16T19:46:53+00:00;20260916194653-ae648a
FARTS;undo;2026-09-16T19:46:54+00:00;20260916194653-ae648a
FARTS;keep;2026-09-16T19:46:57+00:00;20260916194657-5de8e4
FATES;keep;2026-09-16T19:46:58+00:00;20260916194658-fa8b91
FATES;undo;2026-09-16T19:47:00+00:00;20260916194658-fa8b91
FATES;delete;2026-09-16T19:47:03+00:00;20260916194703-424f32
FAUDA;delete;2026-09-16T19:47:05+00:00;20260916194705-5e7cb6
FAURE;delete;2026-09-16T19:47:07+00:00;20260916194707-b505fb
FAUTA;keep;2026-09-16T19:47:08+00:00;20260916194708-02b0d7
FAXAI;keep;2026-09-16T19:47:10+00:00;20260916194710-d9b3e9
FAXAS;keep;2026-09-16T19:47:10+00:00;20260916194710-cfc54d
FAXAT;keep;2026-09-16T19:47:11+00:00;20260916194711-fbb4a1
FAXEE;keep;2026-09-16T19:47:11+00:00;20260916194711-761974
FDELA;delete;2026-09-16T19:47:12+00:00;20260916194712-1f1f1f
FECOS;delete;2026-09-16T19:47:14+00:00;20260916194714-b45871
FEDAI;delete;2026-09-16T19:47:14+00:00;20260916194714-a2fc50
FELAI;keep;2026-09-16T19:47:15+00:00;20260916194715-727e5d
FELAS;keep;2026-09-16T19:47:16+00:00;20260916194716-fb37e0
FELAT;keep;2026-09-16T19:47:16+00:00;20260916194716-d87719
FELEZ;keep;2026-09-16T19:47:17+00:00;20260916194717-6c4525
FELIX;delete;2026-09-16T19:47:18+00:00;20260916194718-881a9c
FEMTO;delete;2026-09-16T19:47:19+00:00;20260916194719-828e66
FERLA;delete;2026-09-16T19:47:25+00:00;20260916194725-98c0ff
FERLE;delete;2026-09-16T19:47:25+00:00;20260916194725-98c0ff
FERLAI;delete;2026-09-16T19:47:25+00:00;20260916194725-98c0ff
FERLAS;delete;2026-09-16T19:47:25+00:00;20260916194725-98c0ff
FERLAT;delete;2026-09-16T19:47:25+00:00;20260916194725-98c0ff
FERLES;delete;2026-09-16T19:47:25+00:00;20260916194725-98c0ff
FERLER;delete;2026-09-16T19:47:25+00:00;20260916194725-98c0ff
FERLEZ;delete;2026-09-16T19:47:25+00:00;20260916194725-98c0ff
FERLEE;delete;2026-09-16T19:47:25+00:00;20260916194725-98c0ff
FERLAIS;delete;2026-09-16T19:47:25+00:00;20260916194725-98c0ff
FERLAIT;delete;2026-09-16T19:47:25+00:00;20260916194725-98c0ff
FERLANT;delete;2026-09-16T19:47:25+00:00;20260916194725-98c0ff
FERLEES;delete;2026-09-16T19:47:25+00:00;20260916194725-98c0ff
FERLENT;delete;2026-09-16T19:47:25+00:00;20260916194725-98c0ff
FERLERA;delete;2026-09-16T19:47:25+00:00;20260916194725-98c0ff
FERLIEZ;delete;2026-09-16T19:47:25+00:00;20260916194725-98c0ff
FERLONS;delete;2026-09-16T19:47:25+00:00;20260916194725-98c0ff
FERLAMES;delete;2026-09-16T19:47:25+00:00;20260916194725-98c0ff
FERLASSE;delete;2026-09-16T19:47:25+00:00;20260916194725-98c0ff
FERLATES;delete;2026-09-16T19:47:25+00:00;20260916194725-98c0ff
FERLERAI;delete;2026-09-16T19:47:25+00:00;20260916194725-98c0ff
FERLERAS;delete;2026-09-16T19:47:25+00:00;20260916194725-98c0ff
FERLEREZ;delete;2026-09-16T19:47:25+00:00;20260916194725-98c0ff
FERLIONS;delete;2026-09-16T19:47:25+00:00;20260916194725-98c0ff
FERLAIENT;delete;2026-09-16T19:47:25+00:00;20260916194725-98c0ff
FERLASSES;delete;2026-09-16T19:47:25+00:00;20260916194725-98c0ff
FERLERAIS;delete;2026-09-16T19:47:25+00:00;20260916194725-98c0ff
FERLERAIT;delete;2026-09-16T19:47:25+00:00;20260916194725-98c0ff
FERLERENT;delete;2026-09-16T19:47:25+00:00;20260916194725-98c0ff
FERLERIEZ;delete;2026-09-16T19:47:25+00:00;20260916194725-98c0ff
FERLERONS;delete;2026-09-16T19:47:25+00:00;20260916194725-98c0ff
FERLERONT;delete;2026-09-16T19:47:25+00:00;20260916194725-98c0ff
FERLASSENT;delete;2026-09-16T19:47:25+00:00;20260916194725-98c0ff
FERLASSIEZ;delete;2026-09-16T19:47:25+00:00;20260916194725-98c0ff
FERLERIONS;delete;2026-09-16T19:47:25+00:00;20260916194725-98c0ff
FERLASSIONS;delete;2026-09-16T19:47:25+00:00;20260916194725-98c0ff
FERLERAIENT;delete;2026-09-16T19:47:25+00:00;20260916194725-98c0ff
FERRI;delete;2026-09-16T19:47:28+00:00;20260916194728-cafbb6
FESSA;delete;2026-09-16T19:47:36+00:00;20260916194736-365a4b
FESSAI;delete;2026-09-16T19:47:36+00:00;20260916194736-365a4b
FESSAS;delete;2026-09-16T19:47:36+00:00;20260916194736-365a4b
FESSAT;delete;2026-09-16T19:47:36+00:00;20260916194736-365a4b
FESSEZ;delete;2026-09-16T19:47:36+00:00;20260916194736-365a4b
FESSER;delete;2026-09-16T19:47:36+00:00;20260916194736-365a4b
FESSAIS;delete;2026-09-16T19:47:36+00:00;20260916194736-365a4b
FESSANT;delete;2026-09-16T19:47:36+00:00;20260916194736-365a4b
FESSENT;delete;2026-09-16T19:47:36+00:00;20260916194736-365a4b
FESSERA;delete;2026-09-16T19:47:36+00:00;20260916194736-365a4b
FESSONS;delete;2026-09-16T19:47:36+00:00;20260916194736-365a4b
FESSIEZ;delete;2026-09-16T19:47:36+00:00;20260916194736-365a4b
FESSAIT;delete;2026-09-16T19:47:36+00:00;20260916194736-365a4b
FESSAMES;delete;2026-09-16T19:47:36+00:00;20260916194736-365a4b
FESSASSE;delete;2026-09-16T19:47:36+00:00;20260916194736-365a4b
FESSATES;delete;2026-09-16T19:47:36+00:00;20260916194736-365a4b
FESSERAS;delete;2026-09-16T19:47:36+00:00;20260916194736-365a4b
FESSEREZ;delete;2026-09-16T19:47:36+00:00;20260916194736-365a4b
FESSIONS;delete;2026-09-16T19:47:36+00:00;20260916194736-365a4b
FESSERAI;delete;2026-09-16T19:47:36+00:00;20260916194736-365a4b
FESSAIENT;delete;2026-09-16T19:47:36+00:00;20260916194736-365a4b
FESSASSES;delete;2026-09-16T19:47:36+00:00;20260916194736-365a4b
FESSERAIT;delete;2026-09-16T19:47:36+00:00;20260916194736-365a4b
FESSERENT;delete;2026-09-16T19:47:36+00:00;20260916194736-365a4b
FESSERIEZ;delete;2026-09-16T19:47:36+00:00;20260916194736-365a4b
FESSERONS;delete;2026-09-16T19:47:36+00:00;20260916194736-365a4b
FESSERONT;delete;2026-09-16T19:47:36+00:00;20260916194736-365a4b
FESSERAIS;delete;2026-09-16T19:47:36+00:00;20260916194736-365a4b
FESSASSENT;delete;2026-09-16T19:47:36+00:00;20260916194736-365a4b
FESSASSIEZ;delete;2026-09-16T19:47:36+00:00;20260916194736-365a4b
FESSERIONS;delete;2026-09-16T19:47:36+00:00;20260916194736-365a4b
FESSASSIONS;delete;2026-09-16T19:47:36+00:00;20260916194736-365a4b
FESSERAIENT;delete;2026-09-16T19:47:36+00:00;20260916194736-365a4b
FESTE;delete;2026-09-16T19:47:42+00:00;20260916194742-35b40b
FETAI;keep;2026-09-16T19:47:45+00:00;20260916194745-0b9125
FETAS;keep;2026-09-16T19:47:45+00:00;20260916194745-673a0d
FETAT;keep;2026-09-16T19:47:46+00:00;20260916194746-a91dbe
FIBRA;keep;2026-09-16T19:47:50+00:00;20260916194750-fb76c8
FIEES;keep;2026-09-16T19:47:52+00:00;20260916194752-acfe32
FIELS;keep;2026-09-16T19:47:55+00:00;20260916194755-c18d8f
FIFRA;delete;2026-09-16T19:48:26+00:00;20260916194826-aa396b
FIIEZ;delete;2026-09-16T19:48:27+00:00;20260916194827-ee00d5
FILAS;keep;2026-09-16T19:48:32+00:00;20260916194832-cebec6
FILDE;delete;2026-09-16T19:48:32+00:00;20260916194832-bca8c6
FILDU;delete;2026-09-16T19:48:33+00:00;20260916194833-d2152a
FILID;delete;2026-09-16T19:48:34+00:00;20260916194834-ef3c1c
FINCH;delete;2026-09-16T19:48:34+00:00;20260916194834-0e8ed7
FINNO;delete;2026-09-16T19:48:34+00:00;20260916194834-15cf8e
FINNS;delete;2026-09-16T19:48:36+00:00;20260916194836-c8a643
FINTE;keep;2026-09-16T19:48:38+00:00;20260916194838-34620d
FINTE;undo;2026-09-16T19:48:41+00:00;20260916194838-34620d
FINTE;keep;2026-09-16T19:48:49+00:00;20260916194849-d1963c
FIRTH;delete;2026-09-16T19:48:50+00:00;20260916194850-6786a0
FISCS;delete;2026-09-16T19:48:51+00:00;20260916194851-4017af
FITIS;delete;2026-09-16T19:48:52+00:00;20260916194852-c1f9e8
FITTA;delete;2026-09-16T19:48:54+00:00;20260916194854-4a2e30
FITTE;delete;2026-09-16T19:48:55+00:00;20260916194855-df13ab
FIXAS;keep;2026-09-16T19:48:56+00:00;20260916194856-5f6c11
FLETS;delete;2026-09-16T19:48:58+00:00;20260916194858-2b8a0a
FLOCS;delete;2026-09-16T19:48:59+00:00;20260916194859-82e424
FLORA;delete;2026-09-16T19:48:59+00:00;20260916194859-f0307b
FLORI;delete;2026-09-16T19:49:00+00:00;20260916194900-221f1d
FLOUA;delete;2026-09-16T19:49:01+00:00;20260916194901-1570f5
FLOUA;undo;2026-09-16T19:49:01+00:00;20260916194901-1570f5
FLOUA;keep;2026-09-16T19:49:02+00:00;20260916194902-64dc11
FLOWS;delete;2026-09-16T19:49:03+00:00;20260916194903-8478c6
FLUAI;delete;2026-09-16T19:49:07+00:00;20260916194907-37f295
FLUAS;delete;2026-09-16T19:49:07+00:00;20260916194907-3afa8d
FLUAT;delete;2026-09-16T19:49:08+00:00;20260916194908-f45adb
FLUBA;delete;2026-09-16T19:49:08+00:00;20260916194908-6afef0
FLUES;delete;2026-09-16T19:49:09+00:00;20260916194909-cef437
FLUEZ;delete;2026-09-16T19:49:09+00:00;20260916194909-4170ea
FLUOS;delete;2026-09-16T19:49:10+00:00;20260916194910-079bf1
FLUOS;undo;2026-09-16T19:49:10+00:00;20260916194910-079bf1
FLUOS;keep;2026-09-16T19:49:11+00:00;20260916194911-bea4a5
FLUXA;delete;2026-09-16T19:49:12+00:00;20260916194912-c0d714
FOALS;delete;2026-09-16T19:49:12+00:00;20260916194912-1b37ce
FOENA;delete;2026-09-16T19:49:13+00:00;20260916194913-2d081c
FOETO;delete;2026-09-16T19:49:14+00:00;20260916194914-929b74
FOHNS;delete;2026-09-16T19:49:14+00:00;20260916194914-053e93
FOHNS;undo;2026-09-16T19:49:15+00:00;20260916194914-053e93
FOHNS;delete;2026-09-16T19:49:19+00:00;20260916194919-f7dca1
FOIEN;delete;2026-09-16T19:49:20+00:00;20260916194920-bf5b8e
FOODS;delete;2026-09-16T19:49:21+00:00;20260916194921-e437b8
FOOTS;delete;2026-09-16T19:49:21+00:00;20260916194921-20ab75
FORAI;keep;2026-09-16T19:49:23+00:00;20260916194923-3b4569
FORAS;keep;2026-09-16T19:49:23+00:00;20260916194923-0ae043
FORAT;keep;2026-09-16T19:49:24+00:00;20260916194924-e5a865
FOUDI;delete;2026-09-16T19:49:24+00:00;20260916194924-47b4f9
FOUIS;delete;2026-09-16T19:49:26+00:00;20260916194926-a0d2bd
FOXEE;delete;2026-09-16T19:49:26+00:00;20260916194926-67c6da
FOXES;delete;2026-09-16T19:49:27+00:00;20260916194927-142b74
FRASA;delete;2026-09-16T19:49:28+00:00;20260916194928-b46567
FREUD;keep;2026-09-16T19:49:29+00:00;20260916194929-41419f
FRIRA;keep;2026-09-16T19:49:33+00:00;20260916194933-fe1953
FROUA;delete;2026-09-16T19:49:34+00:00;20260916194934-03fd60
FROUE;delete;2026-09-16T19:49:35+00:00;20260916194935-b14755
FUELS;delete;2026-09-16T19:49:36+00:00;20260916194936-5bacd5
FUGUA;delete;2026-09-16T19:49:36+00:00;20260916194936-e10fdd
FUGUA;undo;2026-09-16T19:49:37+00:00;20260916194936-e10fdd
FUGUA;keep;2026-09-16T19:49:37+00:00;20260916194937-ebb886
FUMAS;delete;2026-09-16T19:49:38+00:00;20260916194938-857c80
FUMAS;undo;2026-09-16T19:49:39+00:00;20260916194938-857c80
FUMAS;keep;2026-09-16T19:49:39+00:00;20260916194939-bd4369
FUNAI;keep;2026-09-16T19:49:40+00:00;20260916194940-c491e2
FUNAI;undo;2026-09-16T19:49:42+00:00;20260916194940-c491e2
FUMAS;undo;2026-09-16T19:49:42+00:00;20260916194939-bd4369
FUMAS;keep;2026-09-16T19:49:43+00:00;20260916194943-30a421
FUNAI;delete;2026-09-16T19:49:44+00:00;20260916194944-65b8d0
FUNAS;delete;2026-09-16T19:49:45+00:00;20260916194945-a5be97
FUNAT;delete;2026-09-16T19:49:45+00:00;20260916194945-b2f5d9
FUNEE;delete;2026-09-16T19:49:45+00:00;20260916194945-e6975c
FUNE;delete;2026-09-16T19:49:47+00:00;20260916194947-ae5a4d
FUNEZ;delete;2026-09-16T19:49:47+00:00;20260916194947-ae5a4d
FUNER;delete;2026-09-16T19:49:47+00:00;20260916194947-ae5a4d
FUNES;delete;2026-09-16T19:49:47+00:00;20260916194947-ae5a4d
FUNAIS;delete;2026-09-16T19:49:47+00:00;20260916194947-ae5a4d
FUNAIT;delete;2026-09-16T19:49:47+00:00;20260916194947-ae5a4d
FUNANT;delete;2026-09-16T19:49:47+00:00;20260916194947-ae5a4d
FUNEES;delete;2026-09-16T19:49:47+00:00;20260916194947-ae5a4d
FUNENT;delete;2026-09-16T19:49:47+00:00;20260916194947-ae5a4d
FUNERA;delete;2026-09-16T19:49:47+00:00;20260916194947-ae5a4d
FUNIEZ;delete;2026-09-16T19:49:47+00:00;20260916194947-ae5a4d
FUNONS;delete;2026-09-16T19:49:47+00:00;20260916194947-ae5a4d
FUNAMES;delete;2026-09-16T19:49:47+00:00;20260916194947-ae5a4d
FUNASSE;delete;2026-09-16T19:49:47+00:00;20260916194947-ae5a4d
FUNATES;delete;2026-09-16T19:49:47+00:00;20260916194947-ae5a4d
FUNERAI;delete;2026-09-16T19:49:47+00:00;20260916194947-ae5a4d
FUNERAS;delete;2026-09-16T19:49:47+00:00;20260916194947-ae5a4d
FUNEREZ;delete;2026-09-16T19:49:47+00:00;20260916194947-ae5a4d
FUNIONS;delete;2026-09-16T19:49:47+00:00;20260916194947-ae5a4d
FUNAIENT;delete;2026-09-16T19:49:47+00:00;20260916194947-ae5a4d
FUNASSES;delete;2026-09-16T19:49:47+00:00;20260916194947-ae5a4d
FUNERAIS;delete;2026-09-16T19:49:47+00:00;20260916194947-ae5a4d
FUNERAIT;delete;2026-09-16T19:49:47+00:00;20260916194947-ae5a4d
FUNERENT;delete;2026-09-16T19:49:47+00:00;20260916194947-ae5a4d
FUNERIEZ;delete;2026-09-16T19:49:47+00:00;20260916194947-ae5a4d
FUNERONS;delete;2026-09-16T19:49:47+00:00;20260916194947-ae5a4d
FUNERONT;delete;2026-09-16T19:49:47+00:00;20260916194947-ae5a4d
FUNASSENT;delete;2026-09-16T19:49:47+00:00;20260916194947-ae5a4d
FUNASSIEZ;delete;2026-09-16T19:49:47+00:00;20260916194947-ae5a4d
FUNERIONS;delete;2026-09-16T19:49:47+00:00;20260916194947-ae5a4d
FUNASSIONS;delete;2026-09-16T19:49:47+00:00;20260916194947-ae5a4d
FUNERAIENT;delete;2026-09-16T19:49:47+00:00;20260916194947-ae5a4d
FUNKS;delete;2026-09-16T19:49:51+00:00;20260916194951-b0f471
FUSAI;keep;2026-09-16T19:49:52+00:00;20260916194952-d8c057
FUSAS;keep;2026-09-16T19:49:53+00:00;20260916194953-e9684b
FUSAT;keep;2026-09-16T19:49:53+00:00;20260916194953-2c2877
FUSES;keep;2026-09-16T19:49:54+00:00;20260916194954-0307ce
FUSEZ;keep;2026-09-16T19:49:54+00:00;20260916194954-8acffa
FUSUS;keep;2026-09-16T19:49:55+00:00;20260916194955-597d09
FUSUS;undo;2026-09-16T19:49:56+00:00;20260916194955-597d09
FUSUS;delete;2026-09-16T19:49:57+00:00;20260916194957-0831de
FUTDE;delete;2026-09-16T19:49:57+00:00;20260916194957-fd3d63
FUYES;delete;2026-09-16T19:49:59+00:00;20260916194959-8f4cc9
GABAI;delete;2026-09-16T19:50:02+00:00;20260916195002-265b37
GABAS;delete;2026-09-16T19:50:03+00:00;20260916195003-21ecac
GABAT;delete;2026-09-16T19:50:03+00:00;20260916195003-3794ae
GABEE;delete;2026-09-16T19:50:04+00:00;20260916195004-3a5b0f
GABES;delete;2026-09-16T19:50:04+00:00;20260916195004-0f3341
GABEZ;delete;2026-09-16T19:50:04+00:00;20260916195004-4247c7
GABIN;delete;2026-09-16T19:50:05+00:00;20260916195005-9bd909
GADES;delete;2026-09-16T19:50:06+00:00;20260916195006-42df82
GAELE;delete;2026-09-16T19:50:06+00:00;20260916195006-54a77a
GAELS;delete;2026-09-16T19:50:07+00:00;20260916195007-217a41
GAFAI;delete;2026-09-16T19:50:07+00:00;20260916195007-05b4e4
GAFAI;undo;2026-09-16T19:50:08+00:00;20260916195007-05b4e4
GAELS;undo;2026-09-16T19:50:08+00:00;20260916195007-217a41
GAELS;delete;2026-09-16T19:50:10+00:00;20260916195010-fcb4b8
GAFAI;keep;2026-09-16T19:50:11+00:00;20260916195011-f6c6bb
GAFAS;keep;2026-09-16T19:50:11+00:00;20260916195011-7a65ce
GAFAT;keep;2026-09-16T19:50:12+00:00;20260916195012-7d6a27
GAFEE;keep;2026-09-16T19:50:12+00:00;20260916195012-601d38
GAFER;keep;2026-09-16T19:50:13+00:00;20260916195013-5ecb19
GAFES;keep;2026-09-16T19:50:14+00:00;20260916195014-817072
GAFEZ;keep;2026-09-16T19:50:15+00:00;20260916195015-396001
GAGEA;keep;2026-09-16T19:50:18+00:00;20260916195018-9d60a7
GAINA;keep;2026-09-16T19:50:19+00:00;20260916195019-3b9d0d
GAIOL;delete;2026-09-16T19:50:20+00:00;20260916195020-75386d
GALAI;delete;2026-09-16T19:50:21+00:00;20260916195021-4d0e4a
GALAT;delete;2026-09-16T19:50:22+00:00;20260916195022-a5d4cd
GALBA;delete;2026-09-16T19:50:23+00:00;20260916195023-d9a8d7
GALBA;undo;2026-09-16T19:50:24+00:00;20260916195023-d9a8d7
GALBA;delete;2026-09-16T19:50:26+00:00;20260916195026-0793c1
GALBA;undo;2026-09-16T19:50:27+00:00;20260916195026-0793c1
GALBA;keep;2026-09-16T19:50:28+00:00;20260916195028-ed107d
GALEA;keep;2026-09-16T19:50:30+00:00;20260916195030-cdc486
GALEA;undo;2026-09-16T19:50:31+00:00;20260916195030-cdc486
GALEA;delete;2026-09-16T19:50:32+00:00;20260916195032-e1735e
GALEZ;delete;2026-09-16T19:50:34+00:00;20260916195034-9021d9
GANSA;delete;2026-09-16T19:50:36+00:00;20260916195036-0cd8f3
GANTA;delete;2026-09-16T19:50:36+00:00;20260916195036-1eeba9
GAONS;delete;2026-09-16T19:50:37+00:00;20260916195037-d73cfb
GARAI;delete;2026-09-16T19:50:37+00:00;20260916195037-9b76e9
GARAI;undo;2026-09-16T19:50:38+00:00;20260916195037-9b76e9
GARAI;keep;2026-09-16T19:50:38+00:00;20260916195038-36b11b
GARAS;keep;2026-09-16T19:50:38+00:00;20260916195038-4027b1
GARRA;keep;2026-09-16T19:50:39+00:00;20260916195039-ec153c
GATAI;keep;2026-09-16T19:50:40+00:00;20260916195040-04d240
GATAS;keep;2026-09-16T19:50:41+00:00;20260916195041-16dbdb
GAUDI;keep;2026-09-16T19:50:42+00:00;20260916195042-59ade9
GAULA;delete;2026-09-16T19:50:45+00:00;20260916195045-5b2dfe
GAURS;delete;2026-09-16T19:50:48+00:00;20260916195048-bbdc25
GAVAS;keep;2026-09-16T19:50:50+00:00;20260916195050-318f4f
GAVAT;keep;2026-09-16T19:50:50+00:00;20260916195050-cff78a
GAZAI;delete;2026-09-16T19:50:53+00:00;20260916195053-21fb83
GAZAS;delete;2026-09-16T19:50:53+00:00;20260916195053-ec0acc
GAZAT;delete;2026-09-16T19:50:55+00:00;20260916195055-29c04a
GAZEZ;delete;2026-09-16T19:50:55+00:00;20260916195055-29c04a
GAZEE;delete;2026-09-16T19:50:55+00:00;20260916195055-29c04a
GAZER;delete;2026-09-16T19:50:55+00:00;20260916195055-29c04a
GAZES;delete;2026-09-16T19:50:55+00:00;20260916195055-29c04a
GAZAIS;delete;2026-09-16T19:50:55+00:00;20260916195055-29c04a
GAZANT;delete;2026-09-16T19:50:55+00:00;20260916195055-29c04a
GAZENT;delete;2026-09-16T19:50:55+00:00;20260916195055-29c04a
GAZIEZ;delete;2026-09-16T19:50:55+00:00;20260916195055-29c04a
GAZEES;delete;2026-09-16T19:50:55+00:00;20260916195055-29c04a
GAZERA;delete;2026-09-16T19:50:55+00:00;20260916195055-29c04a
GAZAIT;delete;2026-09-16T19:50:55+00:00;20260916195055-29c04a
GAZAMES;delete;2026-09-16T19:50:55+00:00;20260916195055-29c04a
GAZASSE;delete;2026-09-16T19:50:55+00:00;20260916195055-29c04a
GAZATES;delete;2026-09-16T19:50:55+00:00;20260916195055-29c04a
GAZERAI;delete;2026-09-16T19:50:55+00:00;20260916195055-29c04a
GAZERAS;delete;2026-09-16T19:50:55+00:00;20260916195055-29c04a
GAZEREZ;delete;2026-09-16T19:50:55+00:00;20260916195055-29c04a
GAZIONS;delete;2026-09-16T19:50:55+00:00;20260916195055-29c04a
GAZAIENT;delete;2026-09-16T19:50:55+00:00;20260916195055-29c04a
GAZASSES;delete;2026-09-16T19:50:55+00:00;20260916195055-29c04a
GAZERAIS;delete;2026-09-16T19:50:55+00:00;20260916195055-29c04a
GAZERENT;delete;2026-09-16T19:50:55+00:00;20260916195055-29c04a
GAZERIEZ;delete;2026-09-16T19:50:55+00:00;20260916195055-29c04a
GAZERONS;delete;2026-09-16T19:50:55+00:00;20260916195055-29c04a
GAZERONT;delete;2026-09-16T19:50:55+00:00;20260916195055-29c04a
GAZERAIT;delete;2026-09-16T19:50:55+00:00;20260916195055-29c04a
GAZASSENT;delete;2026-09-16T19:50:55+00:00;20260916195055-29c04a
GAZASSIEZ;delete;2026-09-16T19:50:55+00:00;20260916195055-29c04a
GAZERIONS;delete;2026-09-16T19:50:55+00:00;20260916195055-29c04a
GAZASSIONS;delete;2026-09-16T19:50:55+00:00;20260916195055-29c04a
GAZERAIENT;delete;2026-09-16T19:50:55+00:00;20260916195055-29c04a
GAZIS;delete;2026-09-16T19:50:57+00:00;20260916195057-da1937
GEBIE;delete;2026-09-16T19:50:58+00:00;20260916195058-c874ac
GELAI;keep;2026-09-16T19:50:59+00:00;20260916195059-aa4d7e
GELAS;keep;2026-09-16T19:51:00+00:00;20260916195100-5179de
GEMMA;delete;2026-09-16T19:51:03+00:00;20260916195103-849292
GENAI;keep;2026-09-16T19:51:06+00:00;20260916195106-d6c897
GENAS;keep;2026-09-16T19:51:07+00:00;20260916195107-c4e292
GENUS;delete;2026-09-16T19:51:08+00:00;20260916195108-5fb4a7
GERAI;keep;2026-09-16T19:51:10+00:00;20260916195110-f22094
GERAS;keep;2026-09-16T19:51:11+00:00;20260916195111-c182bd
GERAT;keep;2026-09-16T19:51:11+00:00;20260916195111-edd8d6
GERCA;keep;2026-09-16T19:51:13+00:00;20260916195113-add1eb
GIGUA;delete;2026-09-16T19:51:16+00:00;20260916195116-2ea55e
GIONO;keep;2026-09-16T19:51:20+00:00;20260916195120-8c125d
GIRAI;delete;2026-09-16T19:51:23+00:00;20260916195123-027e2c
GIRAI;undo;2026-09-16T19:51:26+00:00;20260916195123-027e2c
GIRAI;keep;2026-09-16T19:51:26+00:00;20260916195126-438f6d
GIRAT;keep;2026-09-16T19:51:27+00:00;20260916195127-dfd529
GIREE;delete;2026-09-16T19:51:28+00:00;20260916195128-85c1a2
GIREZ;keep;2026-09-16T19:51:29+00:00;20260916195129-981620
GISEZ;keep;2026-09-16T19:51:29+00:00;20260916195129-66c9d7
GITAI;keep;2026-09-16T19:51:30+00:00;20260916195130-415134
GITAS;keep;2026-09-16T19:51:31+00:00;20260916195131-aa96f9
GITAT;keep;2026-09-16T19:51:31+00:00;20260916195131-5ee7cb
GITEE;keep;2026-09-16T19:51:32+00:00;20260916195132-6246d1
GITEZ;keep;2026-09-16T19:51:32+00:00;20260916195132-695db3
GIVRA;keep;2026-09-16T19:51:33+00:00;20260916195133-e41a67
GLATI;delete;2026-09-16T19:51:34+00:00;20260916195134-44f334
GLENA;keep;2026-09-16T19:51:36+00:00;20260916195136-ac1081
GLENA;undo;2026-09-16T19:51:38+00:00;20260916195136-ac1081
GLENA;delete;2026-09-16T19:51:41+00:00;20260916195141-219e40
GLEYS;delete;2026-09-16T19:51:42+00:00;20260916195142-93a754
GLIES;delete;2026-09-16T19:51:43+00:00;20260916195143-18e411
GLING;delete;2026-09-16T19:51:43+00:00;20260916195143-e7b409
GLUAI;keep;2026-09-16T19:51:45+00:00;20260916195145-3a7aff
GLUAS;keep;2026-09-16T19:51:46+00:00;20260916195146-098d85
GLUAT;keep;2026-09-16T19:51:46+00:00;20260916195146-332541
GLUCO;delete;2026-09-16T19:51:47+00:00;20260916195147-14e9a8
GLUEE;delete;2026-09-16T19:51:48+00:00;20260916195148-34bfe5
GLUES;delete;2026-09-16T19:51:49+00:00;20260916195149-170801
GLUEZ;delete;2026-09-16T19:51:50+00:00;20260916195150-4e4e1a
GLYCO;delete;2026-09-16T19:51:51+00:00;20260916195151-22610d
GNAFS;delete;2026-09-16T19:51:51+00:00;20260916195151-df8c9b
GOBAI;keep;2026-09-16T19:51:52+00:00;20260916195152-fe7632
GOBAS;keep;2026-09-16T19:51:52+00:00;20260916195152-fee118
GOBAT;keep;2026-09-16T19:51:53+00:00;20260916195153-55d51d
GODAI;keep;2026-09-16T19:51:53+00:00;20260916195153-4acc83
GODAI;undo;2026-09-16T19:51:54+00:00;20260916195153-4acc83
GODAI;delete;2026-09-16T19:51:55+00:00;20260916195155-ee85ff
GODAS;delete;2026-09-16T19:51:56+00:00;20260916195156-37b935
GODAT;delete;2026-09-16T19:51:57+00:00;20260916195157-8b4fd6
GODA;delete;2026-09-16T19:52:00+00:00;20260916195200-db8c6d
GODE;delete;2026-09-16T19:52:00+00:00;20260916195200-db8c6d
GODEZ;delete;2026-09-16T19:52:00+00:00;20260916195200-db8c6d
GODES;delete;2026-09-16T19:52:00+00:00;20260916195200-db8c6d
GODER;delete;2026-09-16T19:52:00+00:00;20260916195200-db8c6d
GODAIS;delete;2026-09-16T19:52:00+00:00;20260916195200-db8c6d
GODERA;delete;2026-09-16T19:52:00+00:00;20260916195200-db8c6d
GODIEZ;delete;2026-09-16T19:52:00+00:00;20260916195200-db8c6d
GODAIT;delete;2026-09-16T19:52:00+00:00;20260916195200-db8c6d
GODANT;delete;2026-09-16T19:52:00+00:00;20260916195200-db8c6d
GODENT;delete;2026-09-16T19:52:00+00:00;20260916195200-db8c6d
GODAMES;delete;2026-09-16T19:52:00+00:00;20260916195200-db8c6d
GODATES;delete;2026-09-16T19:52:00+00:00;20260916195200-db8c6d
GODERAI;delete;2026-09-16T19:52:00+00:00;20260916195200-db8c6d
GODEREZ;delete;2026-09-16T19:52:00+00:00;20260916195200-db8c6d
GODIONS;delete;2026-09-16T19:52:00+00:00;20260916195200-db8c6d
GODERAS;delete;2026-09-16T19:52:00+00:00;20260916195200-db8c6d
GODAIENT;delete;2026-09-16T19:52:00+00:00;20260916195200-db8c6d
GODERAIS;delete;2026-09-16T19:52:00+00:00;20260916195200-db8c6d
GODERAIT;delete;2026-09-16T19:52:00+00:00;20260916195200-db8c6d
GODERENT;delete;2026-09-16T19:52:00+00:00;20260916195200-db8c6d
GODERIEZ;delete;2026-09-16T19:52:00+00:00;20260916195200-db8c6d
GODERONS;delete;2026-09-16T19:52:00+00:00;20260916195200-db8c6d
GODERONT;delete;2026-09-16T19:52:00+00:00;20260916195200-db8c6d
GODASSENT;delete;2026-09-16T19:52:00+00:00;20260916195200-db8c6d
GODASSIEZ;delete;2026-09-16T19:52:00+00:00;20260916195200-db8c6d
GODERIONS;delete;2026-09-16T19:52:00+00:00;20260916195200-db8c6d
GODASSIONS;delete;2026-09-16T19:52:00+00:00;20260916195200-db8c6d
GODERAIENT;delete;2026-09-16T19:52:00+00:00;20260916195200-db8c6d
GOLDE;delete;2026-09-16T19:52:04+00:00;20260916195204-ab536a
GOLFA;delete;2026-09-16T19:52:05+00:00;20260916195205-269d16
GOLFA;undo;2026-09-16T19:52:06+00:00;20260916195205-269d16
GOLFA;delete;2026-09-16T19:52:11+00:00;20260916195211-7e6d1f
GONDA;delete;2026-09-16T19:52:12+00:00;20260916195212-95e989
GONES;delete;2026-09-16T19:52:12+00:00;20260916195212-cebddb
GORD;delete;2026-09-16T19:52:18+00:00;20260916195218-c20636
GORDS;delete;2026-09-16T19:52:18+00:00;20260916195218-c20636
GORKI;delete;2026-09-16T19:52:20+00:00;20260916195220-d6c2ea
GOYIM;delete;2026-09-16T19:52:21+00:00;20260916195221-0336c0
GRADA;keep;2026-09-16T19:52:24+00:00;20260916195224-96ca3d
GRANT;delete;2026-09-16T19:52:25+00:00;20260916195225-d720a1
GRASS;delete;2026-09-16T19:52:26+00:00;20260916195226-006ebf
GRAUX;delete;2026-09-16T19:52:27+00:00;20260916195227-b25826
GREAI;delete;2026-09-16T19:52:28+00:00;20260916195228-7ab39c
GREAS;delete;2026-09-16T19:52:29+00:00;20260916195229-1e0cef
GREAT;delete;2026-09-16T19:52:34+00:00;20260916195234-3245da
GREES;delete;2026-09-16T19:52:39+00:00;20260916195239-58a4a0
GRELA;keep;2026-09-16T19:52:42+00:00;20260916195242-185392
GRENA;keep;2026-09-16T19:52:43+00:00;20260916195243-482681
GRESA;delete;2026-09-16T19:52:45+00:00;20260916195245-d9aaa0
GRESE;delete;2026-09-16T19:52:48+00:00;20260916195248-ac95bf
GRESAI;delete;2026-09-16T19:52:48+00:00;20260916195248-ac95bf
GRESAS;delete;2026-09-16T19:52:48+00:00;20260916195248-ac95bf
GRESAT;delete;2026-09-16T19:52:48+00:00;20260916195248-ac95bf
GRESEE;delete;2026-09-16T19:52:48+00:00;20260916195248-ac95bf
GRESES;delete;2026-09-16T19:52:48+00:00;20260916195248-ac95bf
GRESEZ;delete;2026-09-16T19:52:48+00:00;20260916195248-ac95bf
GRESER;delete;2026-09-16T19:52:48+00:00;20260916195248-ac95bf
GRESAIS;delete;2026-09-16T19:52:48+00:00;20260916195248-ac95bf
GRESAIT;delete;2026-09-16T19:52:48+00:00;20260916195248-ac95bf
GRESANT;delete;2026-09-16T19:52:48+00:00;20260916195248-ac95bf
GRESEES;delete;2026-09-16T19:52:48+00:00;20260916195248-ac95bf
GRESENT;delete;2026-09-16T19:52:48+00:00;20260916195248-ac95bf
GRESERA;delete;2026-09-16T19:52:48+00:00;20260916195248-ac95bf
GRESIEZ;delete;2026-09-16T19:52:48+00:00;20260916195248-ac95bf
GRESONS;delete;2026-09-16T19:52:48+00:00;20260916195248-ac95bf
GRESAMES;delete;2026-09-16T19:52:48+00:00;20260916195248-ac95bf
GRESASSE;delete;2026-09-16T19:52:48+00:00;20260916195248-ac95bf
GRESATES;delete;2026-09-16T19:52:48+00:00;20260916195248-ac95bf
GRESERAI;delete;2026-09-16T19:52:48+00:00;20260916195248-ac95bf
GRESERAS;delete;2026-09-16T19:52:48+00:00;20260916195248-ac95bf
GRESEREZ;delete;2026-09-16T19:52:48+00:00;20260916195248-ac95bf
GRESIONS;delete;2026-09-16T19:52:48+00:00;20260916195248-ac95bf
GRESAIENT;delete;2026-09-16T19:52:48+00:00;20260916195248-ac95bf
GRESASSES;delete;2026-09-16T19:52:48+00:00;20260916195248-ac95bf
GRESERAIS;delete;2026-09-16T19:52:48+00:00;20260916195248-ac95bf
GRESERAIT;delete;2026-09-16T19:52:48+00:00;20260916195248-ac95bf
GRESERENT;delete;2026-09-16T19:52:48+00:00;20260916195248-ac95bf
GRESERIEZ;delete;2026-09-16T19:52:48+00:00;20260916195248-ac95bf
GRESERONS;delete;2026-09-16T19:52:48+00:00;20260916195248-ac95bf
GRESERONT;delete;2026-09-16T19:52:48+00:00;20260916195248-ac95bf
GRESASSENT;delete;2026-09-16T19:52:48+00:00;20260916195248-ac95bf
GRESASSIEZ;delete;2026-09-16T19:52:48+00:00;20260916195248-ac95bf
GRESERIONS;delete;2026-09-16T19:52:48+00:00;20260916195248-ac95bf
GRESASSIONS;delete;2026-09-16T19:52:48+00:00;20260916195248-ac95bf
GRESERAIENT;delete;2026-09-16T19:52:48+00:00;20260916195248-ac95bf
GREVA;delete;2026-09-16T19:52:54+00:00;20260916195254-e0cb45
GREVAI;delete;2026-09-16T19:52:54+00:00;20260916195254-e0cb45
GREVAS;delete;2026-09-16T19:52:54+00:00;20260916195254-e0cb45
GREVAT;delete;2026-09-16T19:52:54+00:00;20260916195254-e0cb45
GREVEZ;delete;2026-09-16T19:52:54+00:00;20260916195254-e0cb45
GREVER;delete;2026-09-16T19:52:54+00:00;20260916195254-e0cb45
GREVEE;delete;2026-09-16T19:52:54+00:00;20260916195254-e0cb45
GREVAIS;delete;2026-09-16T19:52:54+00:00;20260916195254-e0cb45
GREVAIT;delete;2026-09-16T19:52:54+00:00;20260916195254-e0cb45
GREVANT;delete;2026-09-16T19:52:54+00:00;20260916195254-e0cb45
GREVEES;delete;2026-09-16T19:52:54+00:00;20260916195254-e0cb45
GREVERA;delete;2026-09-16T19:52:54+00:00;20260916195254-e0cb45
GREVIEZ;delete;2026-09-16T19:52:54+00:00;20260916195254-e0cb45
GREVONS;delete;2026-09-16T19:52:54+00:00;20260916195254-e0cb45
GREVENT;delete;2026-09-16T19:52:54+00:00;20260916195254-e0cb45
GREVAMES;delete;2026-09-16T19:52:54+00:00;20260916195254-e0cb45
GREVASSE;delete;2026-09-16T19:52:54+00:00;20260916195254-e0cb45
GREVATES;delete;2026-09-16T19:52:54+00:00;20260916195254-e0cb45
GREVERAI;delete;2026-09-16T19:52:54+00:00;20260916195254-e0cb45
GREVERAS;delete;2026-09-16T19:52:54+00:00;20260916195254-e0cb45
GREVEREZ;delete;2026-09-16T19:52:54+00:00;20260916195254-e0cb45
GREVIONS;delete;2026-09-16T19:52:54+00:00;20260916195254-e0cb45
GREVASSES;delete;2026-09-16T19:52:54+00:00;20260916195254-e0cb45
GREVERAIS;delete;2026-09-16T19:52:54+00:00;20260916195254-e0cb45
GREVERENT;delete;2026-09-16T19:52:54+00:00;20260916195254-e0cb45
GREVERIEZ;delete;2026-09-16T19:52:54+00:00;20260916195254-e0cb45
GREVERONS;delete;2026-09-16T19:52:54+00:00;20260916195254-e0cb45
GREVERONT;delete;2026-09-16T19:52:54+00:00;20260916195254-e0cb45
GREVAIENT;delete;2026-09-16T19:52:54+00:00;20260916195254-e0cb45
GREVERAIT;delete;2026-09-16T19:52:54+00:00;20260916195254-e0cb45
GREVASSENT;delete;2026-09-16T19:52:54+00:00;20260916195254-e0cb45
GREVASSIEZ;delete;2026-09-16T19:52:54+00:00;20260916195254-e0cb45
GREVERIONS;delete;2026-09-16T19:52:54+00:00;20260916195254-e0cb45
GREVASSIONS;delete;2026-09-16T19:52:54+00:00;20260916195254-e0cb45
GREVERAIENT;delete;2026-09-16T19:52:54+00:00;20260916195254-e0cb45
GROSS;delete;2026-09-16T19:52:56+00:00;20260916195256-0f8935
GRUAI;keep;2026-09-16T19:52:58+00:00;20260916195258-41cbaf
GRUAS;delete;2026-09-16T19:53:00+00:00;20260916195300-5044cc
GRUAT;delete;2026-09-16T19:53:03+00:00;20260916195303-2446bf
GRUEE;delete;2026-09-16T19:53:03+00:00;20260916195303-2446bf
GRUEZ;delete;2026-09-16T19:53:03+00:00;20260916195303-2446bf
GRUER;delete;2026-09-16T19:53:03+00:00;20260916195303-2446bf
GRUAIS;delete;2026-09-16T19:53:03+00:00;20260916195303-2446bf
GRUAIT;delete;2026-09-16T19:53:03+00:00;20260916195303-2446bf
GRUANT;delete;2026-09-16T19:53:03+00:00;20260916195303-2446bf
GRUEES;delete;2026-09-16T19:53:03+00:00;20260916195303-2446bf
GRUENT;delete;2026-09-16T19:53:03+00:00;20260916195303-2446bf
GRUERA;delete;2026-09-16T19:53:03+00:00;20260916195303-2446bf
GRUIEZ;delete;2026-09-16T19:53:03+00:00;20260916195303-2446bf
GRUAMES;delete;2026-09-16T19:53:03+00:00;20260916195303-2446bf
GRUASSE;delete;2026-09-16T19:53:03+00:00;20260916195303-2446bf
GRUATES;delete;2026-09-16T19:53:03+00:00;20260916195303-2446bf
GRUERAI;delete;2026-09-16T19:53:03+00:00;20260916195303-2446bf
GRUERAS;delete;2026-09-16T19:53:03+00:00;20260916195303-2446bf
GRUEREZ;delete;2026-09-16T19:53:03+00:00;20260916195303-2446bf
GRUIONS;delete;2026-09-16T19:53:03+00:00;20260916195303-2446bf
GRUAIENT;delete;2026-09-16T19:53:03+00:00;20260916195303-2446bf
GRUASSES;delete;2026-09-16T19:53:03+00:00;20260916195303-2446bf
GRUERAIS;delete;2026-09-16T19:53:03+00:00;20260916195303-2446bf
GRUERAIT;delete;2026-09-16T19:53:03+00:00;20260916195303-2446bf
GRUERENT;delete;2026-09-16T19:53:03+00:00;20260916195303-2446bf
GRUERIEZ;delete;2026-09-16T19:53:03+00:00;20260916195303-2446bf
GRUERONS;delete;2026-09-16T19:53:03+00:00;20260916195303-2446bf
GRUERONT;delete;2026-09-16T19:53:03+00:00;20260916195303-2446bf
GRUASSENT;delete;2026-09-16T19:53:03+00:00;20260916195303-2446bf
GRUASSIEZ;delete;2026-09-16T19:53:03+00:00;20260916195303-2446bf
GRUERIONS;delete;2026-09-16T19:53:03+00:00;20260916195303-2446bf
GRUASSIONS;delete;2026-09-16T19:53:03+00:00;20260916195303-2446bf
GRUERAIENT;delete;2026-09-16T19:53:03+00:00;20260916195303-2446bf
GUAIS;delete;2026-09-16T19:53:07+00:00;20260916195307-26ad2c
GUEAI;delete;2026-09-16T19:53:11+00:00;20260916195311-aa20a7
GUEAS;delete;2026-09-16T19:53:12+00:00;20260916195312-780df8
GUEAT;delete;2026-09-16T19:53:13+00:00;20260916195313-5d1111
GUEEE;delete;2026-09-16T19:53:13+00:00;20260916195313-d10e14
GUEES;delete;2026-09-16T19:53:14+00:00;20260916195314-a5be35
GUEEZ;delete;2026-09-16T19:53:14+00:00;20260916195314-030fb2
GUEPA;delete;2026-09-16T19:53:20+00:00;20260916195320-6a068c
GUEPAI;delete;2026-09-16T19:53:20+00:00;20260916195320-6a068c
GUEPAS;delete;2026-09-16T19:53:20+00:00;20260916195320-6a068c
GUEPAT;delete;2026-09-16T19:53:20+00:00;20260916195320-6a068c
GUEPEE;delete;2026-09-16T19:53:20+00:00;20260916195320-6a068c
GUEPEZ;delete;2026-09-16T19:53:20+00:00;20260916195320-6a068c
GUEPER;delete;2026-09-16T19:53:20+00:00;20260916195320-6a068c
GUEPAIS;delete;2026-09-16T19:53:20+00:00;20260916195320-6a068c
GUEPAIT;delete;2026-09-16T19:53:20+00:00;20260916195320-6a068c
GUEPANT;delete;2026-09-16T19:53:20+00:00;20260916195320-6a068c
GUEPEES;delete;2026-09-16T19:53:20+00:00;20260916195320-6a068c
GUEPENT;delete;2026-09-16T19:53:20+00:00;20260916195320-6a068c
GUEPERA;delete;2026-09-16T19:53:20+00:00;20260916195320-6a068c
GUEPIEZ;delete;2026-09-16T19:53:20+00:00;20260916195320-6a068c
GUEPONS;delete;2026-09-16T19:53:20+00:00;20260916195320-6a068c
GUEPAMES;delete;2026-09-16T19:53:20+00:00;20260916195320-6a068c
GUEPASSE;delete;2026-09-16T19:53:20+00:00;20260916195320-6a068c
GUEPATES;delete;2026-09-16T19:53:20+00:00;20260916195320-6a068c
GUEPERAI;delete;2026-09-16T19:53:20+00:00;20260916195320-6a068c
GUEPERAS;delete;2026-09-16T19:53:20+00:00;20260916195320-6a068c
GUEPEREZ;delete;2026-09-16T19:53:20+00:00;20260916195320-6a068c
GUEPIONS;delete;2026-09-16T19:53:20+00:00;20260916195320-6a068c
GUEPAIENT;delete;2026-09-16T19:53:20+00:00;20260916195320-6a068c
GUEPASSES;delete;2026-09-16T19:53:20+00:00;20260916195320-6a068c
GUEPERAIS;delete;2026-09-16T19:53:20+00:00;20260916195320-6a068c
GUEPERAIT;delete;2026-09-16T19:53:20+00:00;20260916195320-6a068c
GUEPERENT;delete;2026-09-16T19:53:20+00:00;20260916195320-6a068c
GUEPERIEZ;delete;2026-09-16T19:53:20+00:00;20260916195320-6a068c
GUEPERONS;delete;2026-09-16T19:53:20+00:00;20260916195320-6a068c
GUEPERONT;delete;2026-09-16T19:53:20+00:00;20260916195320-6a068c
GUEPASSENT;delete;2026-09-16T19:53:20+00:00;20260916195320-6a068c
GUEPASSIEZ;delete;2026-09-16T19:53:20+00:00;20260916195320-6a068c
GUEPERIONS;delete;2026-09-16T19:53:20+00:00;20260916195320-6a068c
GUEPASSIONS;delete;2026-09-16T19:53:20+00:00;20260916195320-6a068c
GUEPERAIENT;delete;2026-09-16T19:53:20+00:00;20260916195320-6a068c
GUIBS;delete;2026-09-16T19:53:22+00:00;20260916195322-0d3f50
GUIPA;delete;2026-09-16T19:53:23+00:00;20260916195323-ea98ad
GUIPE;delete;2026-09-16T19:53:24+00:00;20260916195324-42bf88
GUNDI;delete;2026-09-16T19:53:25+00:00;20260916195325-8d9d52
GUNJI;delete;2026-09-16T19:53:25+00:00;20260916195325-33331f
GURUS;delete;2026-09-16T19:53:26+00:00;20260916195326-e62aa5
GYPSA;delete;2026-09-16T19:53:27+00:00;20260916195327-ad3637
GYRAI;delete;2026-09-16T19:53:27+00:00;20260916195327-cdb0bd
GYRAS;delete;2026-09-16T19:53:28+00:00;20260916195328-03f2c5
GYRAT;delete;2026-09-16T19:53:28+00:00;20260916195328-76c545
GYRAT;undo;2026-09-16T19:53:33+00:00;20260916195328-76c545
GYRAS;undo;2026-09-16T19:53:33+00:00;20260916195328-03f2c5
GYRAI;undo;2026-09-16T19:53:34+00:00;20260916195327-cdb0bd
GYPSA;undo;2026-09-16T19:53:34+00:00;20260916195327-ad3637
GYPSA;delete;2026-09-16T19:53:36+00:00;20260916195336-a0d18a
GYRAI;keep;2026-09-16T19:53:37+00:00;20260916195337-b2b890
GYRAS;keep;2026-09-16T19:53:37+00:00;20260916195337-1d1456
GYRAT;keep;2026-09-16T19:53:37+00:00;20260916195337-953248
GYRES;keep;2026-09-16T19:53:38+00:00;20260916195338-06c933
GYREZ;keep;2026-09-16T19:53:38+00:00;20260916195338-f746a3
AAFFIRMER;delete;2026-09-16T19:54:25+00:00;20260916195425-6d56d0
AALENIENS;delete;2026-09-16T19:54:28+00:00;20260916195428-0898f0
ABECHE;delete;2026-09-16T20:14:23+00:00;20260916201423-7c6dcf
ABEQUA;delete;2026-09-16T20:14:24+00:00;20260916201424-b81561
ABEQUE;delete;2026-09-16T20:14:24+00:00;20260916201424-73ce49
ABERRA;delete;2026-09-16T20:14:25+00:00;20260916201425-8b0bdf
ABERRE;delete;2026-09-16T20:14:25+00:00;20260916201425-2412e5
ABETIE;delete;2026-09-16T20:14:26+00:00;20260916201426-8108c5
ABGALS;delete;2026-09-16T20:14:27+00:00;20260916201427-4842fb
ABICHS;delete;2026-09-16T20:14:27+00:00;20260916201427-2cab7c
ABIETO;delete;2026-09-16T20:14:27+00:00;20260916201427-7551ec
ABIMAS;delete;2026-09-16T20:14:28+00:00;20260916201428-e3c970
ABIMAS;undo;2026-09-16T20:14:29+00:00;20260916201428-e3c970
ABIETO;undo;2026-09-16T20:14:29+00:00;20260916201427-7551ec
ABIETO;delete;2026-09-16T20:14:30+00:00;20260916201430-fc8896
ABIMAS;keep;2026-09-16T20:14:30+00:00;20260916201430-461e3c
ABIMAT;keep;2026-09-16T20:14:30+00:00;20260916201430-10e6c8
ABJURA;delete;2026-09-16T20:14:31+00:00;20260916201431-0f9fe5
ABJURA;undo;2026-09-16T20:14:32+00:00;20260916201431-0f9fe5
ABJURA;keep;2026-09-16T20:14:33+00:00;20260916201433-32ad27
ABLATA;keep;2026-09-16T20:14:34+00:00;20260916201434-ae8912
ABLATE;keep;2026-09-16T20:14:35+00:00;20260916201435-fc2687
HABLA;delete;2026-09-17T15:06:31+00:00;20260917150631-b3e745
HABLE;delete;2026-09-17T15:06:31+00:00;20260917150631-b3e745
HABLAI;delete;2026-09-17T15:06:31+00:00;20260917150631-b3e745
HABLAS;delete;2026-09-17T15:06:31+00:00;20260917150631-b3e745
HABLAT;delete;2026-09-17T15:06:31+00:00;20260917150631-b3e745
HABLES;delete;2026-09-17T15:06:31+00:00;20260917150631-b3e745
HABLEZ;delete;2026-09-17T15:06:31+00:00;20260917150631-b3e745
HABLER;delete;2026-09-17T15:06:31+00:00;20260917150631-b3e745
HABLAIS;delete;2026-09-17T15:06:31+00:00;20260917150631-b3e745
HABLAIT;delete;2026-09-17T15:06:31+00:00;20260917150631-b3e745
HABLANT;delete;2026-09-17T15:06:31+00:00;20260917150631-b3e745
HABLENT;delete;2026-09-17T15:06:31+00:00;20260917150631-b3e745
HABLERA;delete;2026-09-17T15:06:31+00:00;20260917150631-b3e745
HABLIEZ;delete;2026-09-17T15:06:31+00:00;20260917150631-b3e745
HABLONS;delete;2026-09-17T15:06:31+00:00;20260917150631-b3e745
HABLAMES;delete;2026-09-17T15:06:31+00:00;20260917150631-b3e745
HABLASSE;delete;2026-09-17T15:06:31+00:00;20260917150631-b3e745
HABLATES;delete;2026-09-17T15:06:31+00:00;20260917150631-b3e745
HABLERAI;delete;2026-09-17T15:06:31+00:00;20260917150631-b3e745
HABLERAS;delete;2026-09-17T15:06:31+00:00;20260917150631-b3e745
HABLEREZ;delete;2026-09-17T15:06:31+00:00;20260917150631-b3e745
HABLIONS;delete;2026-09-17T15:06:31+00:00;20260917150631-b3e745
HABLAIENT;delete;2026-09-17T15:06:31+00:00;20260917150631-b3e745
HABLASSES;delete;2026-09-17T15:06:31+00:00;20260917150631-b3e745
HABLERAIS;delete;2026-09-17T15:06:31+00:00;20260917150631-b3e745
HABLERAIT;delete;2026-09-17T15:06:31+00:00;20260917150631-b3e745
HABLERENT;delete;2026-09-17T15:06:31+00:00;20260917150631-b3e745
HABLERIEZ;delete;2026-09-17T15:06:31+00:00;20260917150631-b3e745
HABLERONS;delete;2026-09-17T15:06:31+00:00;20260917150631-b3e745
HABLERONT;delete;2026-09-17T15:06:31+00:00;20260917150631-b3e745
HABLASSENT;delete;2026-09-17T15:06:31+00:00;20260917150631-b3e745
HABLASSIEZ;delete;2026-09-17T15:06:31+00:00;20260917150631-b3e745
HABLERIONS;delete;2026-09-17T15:06:31+00:00;20260917150631-b3e745
HABLASSIONS;delete;2026-09-17T15:06:31+00:00;20260917150631-b3e745
HABLERAIENT;delete;2026-09-17T15:06:31+00:00;20260917150631-b3e745
HABOU;delete;2026-09-17T15:06:32+00:00;20260917150632-85615f
HABUS;delete;2026-09-17T15:06:35+00:00;20260917150635-9dfbfb
HADJS;delete;2026-09-17T15:06:36+00:00;20260917150636-97b8e8
HAFFS;delete;2026-09-17T15:06:37+00:00;20260917150637-bf840b
HAGIO;delete;2026-09-17T15:06:38+00:00;20260917150638-aad41c
HAKEA;delete;2026-09-17T15:06:39+00:00;20260917150639-ac927c
HALAI;keep;2026-09-17T15:06:41+00:00;20260917150641-a447c1
HALAS;keep;2026-09-17T15:06:42+00:00;20260917150642-1d7d39
HALAT;keep;2026-09-17T15:06:42+00:00;20260917150642-88db80
HALDU;delete;2026-09-17T15:06:43+00:00;20260917150643-a99e4d
HALIA;delete;2026-09-17T15:06:44+00:00;20260917150644-936fec
HALTA;keep;2026-09-17T15:06:47+00:00;20260917150647-962b5f
HANIF;delete;2026-09-17T15:06:48+00:00;20260917150648-65a569
HANKS;delete;2026-09-17T15:06:48+00:00;20260917150648-c25b43
HANNA;delete;2026-09-17T15:06:49+00:00;20260917150649-11b631
HANNE;delete;2026-09-17T15:06:50+00:00;20260917150650-9a2a98
HANON;delete;2026-09-17T15:06:51+00:00;20260917150651-cd47ea
HAPLO;delete;2026-09-17T15:06:52+00:00;20260917150652-db4621
HAPPY;delete;2026-09-17T15:06:53+00:00;20260917150653-4c70b0
HARDA;delete;2026-09-17T15:07:02+00:00;20260917150702-32bf18
HARDAI;delete;2026-09-17T15:07:02+00:00;20260917150702-32bf18
HARDAS;delete;2026-09-17T15:07:02+00:00;20260917150702-32bf18
HARDAT;delete;2026-09-17T15:07:02+00:00;20260917150702-32bf18
HARDEZ;delete;2026-09-17T15:07:02+00:00;20260917150702-32bf18
HARDEE;delete;2026-09-17T15:07:02+00:00;20260917150702-32bf18
HARDER;delete;2026-09-17T15:07:02+00:00;20260917150702-32bf18
HARDAIS;delete;2026-09-17T15:07:02+00:00;20260917150702-32bf18
HARDAIT;delete;2026-09-17T15:07:02+00:00;20260917150702-32bf18
HARDANT;delete;2026-09-17T15:07:02+00:00;20260917150702-32bf18
HARDERA;delete;2026-09-17T15:07:02+00:00;20260917150702-32bf18
HARDIEZ;delete;2026-09-17T15:07:02+00:00;20260917150702-32bf18
HARDONS;delete;2026-09-17T15:07:02+00:00;20260917150702-32bf18
HARDENT;delete;2026-09-17T15:07:02+00:00;20260917150702-32bf18
HARDAMES;delete;2026-09-17T15:07:02+00:00;20260917150702-32bf18
HARDASSE;delete;2026-09-17T15:07:02+00:00;20260917150702-32bf18
HARDATES;delete;2026-09-17T15:07:02+00:00;20260917150702-32bf18
HARDERAI;delete;2026-09-17T15:07:02+00:00;20260917150702-32bf18
HARDERAS;delete;2026-09-17T15:07:02+00:00;20260917150702-32bf18
HARDEREZ;delete;2026-09-17T15:07:02+00:00;20260917150702-32bf18
HARDIONS;delete;2026-09-17T15:07:02+00:00;20260917150702-32bf18
HARDAIENT;delete;2026-09-17T15:07:02+00:00;20260917150702-32bf18
HARDASSES;delete;2026-09-17T15:07:02+00:00;20260917150702-32bf18
HARDERAIS;delete;2026-09-17T15:07:02+00:00;20260917150702-32bf18
HARDERAIT;delete;2026-09-17T15:07:02+00:00;20260917150702-32bf18
HARDERENT;delete;2026-09-17T15:07:02+00:00;20260917150702-32bf18
HARDERIEZ;delete;2026-09-17T15:07:02+00:00;20260917150702-32bf18
HARDERONS;delete;2026-09-17T15:07:02+00:00;20260917150702-32bf18
HARDERONT;delete;2026-09-17T15:07:02+00:00;20260917150702-32bf18
HARDASSENT;delete;2026-09-17T15:07:02+00:00;20260917150702-32bf18
HARDASSIEZ;delete;2026-09-17T15:07:02+00:00;20260917150702-32bf18
HARDERIONS;delete;2026-09-17T15:07:02+00:00;20260917150702-32bf18
HARDASSIONS;delete;2026-09-17T15:07:02+00:00;20260917150702-32bf18
HARDERAIENT;delete;2026-09-17T15:07:02+00:00;20260917150702-32bf18
HAROS;delete;2026-09-17T15:07:04+00:00;20260917150704-c5c839
HARPA;keep;2026-09-17T15:07:09+00:00;20260917150709-cb4a78
HASTS;delete;2026-09-17T15:07:11+00:00;20260917150711-714a9e
HATAS;keep;2026-09-17T15:07:12+00:00;20260917150712-166c62
HAVAI;delete;2026-09-17T15:07:17+00:00;20260917150717-bab488
HAVAS;delete;2026-09-17T15:07:17+00:00;20260917150717-bab488
HAVAT;delete;2026-09-17T15:07:17+00:00;20260917150717-bab488
HAVEE;delete;2026-09-17T15:07:17+00:00;20260917150717-bab488
HAVEZ;delete;2026-09-17T15:07:17+00:00;20260917150717-bab488
HAVER;delete;2026-09-17T15:07:17+00:00;20260917150717-bab488
HAVAIS;delete;2026-09-17T15:07:17+00:00;20260917150717-bab488
HAVAIT;delete;2026-09-17T15:07:17+00:00;20260917150717-bab488
HAVANT;delete;2026-09-17T15:07:17+00:00;20260917150717-bab488
HAVEES;delete;2026-09-17T15:07:17+00:00;20260917150717-bab488
HAVENT;delete;2026-09-17T15:07:17+00:00;20260917150717-bab488
HAVERA;delete;2026-09-17T15:07:17+00:00;20260917150717-bab488
HAVIEZ;delete;2026-09-17T15:07:17+00:00;20260917150717-bab488
HAVONS;delete;2026-09-17T15:07:17+00:00;20260917150717-bab488
HAVAMES;delete;2026-09-17T15:07:17+00:00;20260917150717-bab488
HAVASSE;delete;2026-09-17T15:07:17+00:00;20260917150717-bab488
HAVATES;delete;2026-09-17T15:07:17+00:00;20260917150717-bab488
HAVERAI;delete;2026-09-17T15:07:17+00:00;20260917150717-bab488
HAVERAS;delete;2026-09-17T15:07:17+00:00;20260917150717-bab488
HAVEREZ;delete;2026-09-17T15:07:17+00:00;20260917150717-bab488
HAVIONS;delete;2026-09-17T15:07:17+00:00;20260917150717-bab488
HAVAIENT;delete;2026-09-17T15:07:17+00:00;20260917150717-bab488
HAVASSES;delete;2026-09-17T15:07:17+00:00;20260917150717-bab488
HAVERAIS;delete;2026-09-17T15:07:17+00:00;20260917150717-bab488
HAVERAIT;delete;2026-09-17T15:07:17+00:00;20260917150717-bab488
HAVERENT;delete;2026-09-17T15:07:17+00:00;20260917150717-bab488
HAVERIEZ;delete;2026-09-17T15:07:17+00:00;20260917150717-bab488
HAVERONT;delete;2026-09-17T15:07:17+00:00;20260917150717-bab488
HAVASSENT;delete;2026-09-17T15:07:17+00:00;20260917150717-bab488
HAVASSIEZ;delete;2026-09-17T15:07:17+00:00;20260917150717-bab488
HAVERIONS;delete;2026-09-17T15:07:17+00:00;20260917150717-bab488
HAVASSIONS;delete;2026-09-17T15:07:17+00:00;20260917150717-bab488
HAVERAIENT;delete;2026-09-17T15:07:17+00:00;20260917150717-bab488
HAVIE;delete;2026-09-17T15:07:38+00:00;20260917150738-9a64f9
HAVIS;delete;2026-09-17T15:07:38+00:00;20260917150738-9a64f9
HAVIT;delete;2026-09-17T15:07:38+00:00;20260917150738-9a64f9
HAVIR;delete;2026-09-17T15:07:38+00:00;20260917150738-9a64f9
HAVIES;delete;2026-09-17T15:07:38+00:00;20260917150738-9a64f9
HAVIRA;delete;2026-09-17T15:07:38+00:00;20260917150738-9a64f9
HAVIMES;delete;2026-09-17T15:07:38+00:00;20260917150738-9a64f9
HAVIRAI;delete;2026-09-17T15:07:38+00:00;20260917150738-9a64f9
HAVIRAS;delete;2026-09-17T15:07:38+00:00;20260917150738-9a64f9
HAVIREZ;delete;2026-09-17T15:07:38+00:00;20260917150738-9a64f9
HAVISSE;delete;2026-09-17T15:07:38+00:00;20260917150738-9a64f9
HAVITES;delete;2026-09-17T15:07:38+00:00;20260917150738-9a64f9
HAVIRAIS;delete;2026-09-17T15:07:38+00:00;20260917150738-9a64f9
HAVIRAIT;delete;2026-09-17T15:07:38+00:00;20260917150738-9a64f9
HAVIRENT;delete;2026-09-17T15:07:38+00:00;20260917150738-9a64f9
HAVIRIEZ;delete;2026-09-17T15:07:38+00:00;20260917150738-9a64f9
HAVIRONS;delete;2026-09-17T15:07:38+00:00;20260917150738-9a64f9
HAVIRONT;delete;2026-09-17T15:07:38+00:00;20260917150738-9a64f9
HAVISSES;delete;2026-09-17T15:07:38+00:00;20260917150738-9a64f9
HAVISSEZ;delete;2026-09-17T15:07:38+00:00;20260917150738-9a64f9
HAVIRIONS;delete;2026-09-17T15:07:38+00:00;20260917150738-9a64f9
HAVISSAIS;delete;2026-09-17T15:07:38+00:00;20260917150738-9a64f9
HAVISSAIT;delete;2026-09-17T15:07:38+00:00;20260917150738-9a64f9
HAVISSANT;delete;2026-09-17T15:07:38+00:00;20260917150738-9a64f9
HAVISSENT;delete;2026-09-17T15:07:38+00:00;20260917150738-9a64f9
HAVISSIEZ;delete;2026-09-17T15:07:38+00:00;20260917150738-9a64f9
HAVISSONS;delete;2026-09-17T15:07:38+00:00;20260917150738-9a64f9
HAVIRAIENT;delete;2026-09-17T15:07:38+00:00;20260917150738-9a64f9
HAVISSIONS;delete;2026-09-17T15:07:38+00:00;20260917150738-9a64f9
HAVISSAIENT;delete;2026-09-17T15:07:38+00:00;20260917150738-9a64f9
HAYDN;keep;2026-09-17T15:07:41+00:00;20260917150741-677ed8
HAYES;delete;2026-09-17T15:07:43+00:00;20260917150743-f0f897
HEATS;delete;2026-09-17T15:07:49+00:00;20260917150749-59b9c1
HEDER;delete;2026-09-17T15:07:50+00:00;20260917150750-e81dc7
HEDRA;delete;2026-09-17T15:07:51+00:00;20260917150751-b4347b
HELAT;keep;2026-09-17T15:07:59+00:00;20260917150759-fdb947
HELEE;keep;2026-09-17T15:08:00+00:00;20260917150800-208398
HEMES;delete;2026-09-17T15:08:02+00:00;20260917150802-fddbeb
HENNI;delete;2026-09-17T15:08:03+00:00;20260917150803-b43ca7
HENON;delete;2026-09-17T15:08:03+00:00;20260917150803-0f6251
HENRI;delete;2026-09-17T15:08:06+00:00;20260917150806-4b167c
HEPTA;delete;2026-09-17T15:08:07+00:00;20260917150807-c713d8
HERSA;keep;2026-09-17T15:08:14+00:00;20260917150814-383d59
HEVES;delete;2026-09-17T15:08:15+00:00;20260917150815-dda925
HEXYL;delete;2026-09-17T15:08:16+00:00;20260917150816-fed90c
HIKAN;delete;2026-09-17T15:08:17+00:00;20260917150817-f3c7af
HILES;delete;2026-09-17T15:08:18+00:00;20260917150818-819805
HISTA;delete;2026-09-17T15:08:19+00:00;20260917150819-2d9d50
HLMDE;delete;2026-09-17T15:08:19+00:00;20260917150819-2b366a
HOGNA;delete;2026-09-17T15:08:21+00:00;20260917150821-0f647a
HOGNE;delete;2026-09-17T15:08:22+00:00;20260917150822-2494e9
HOIRS;delete;2026-09-17T15:08:22+00:00;20260917150822-5e27f0
HOLAI;delete;2026-09-17T15:08:23+00:00;20260917150823-881052
HOLAS;delete;2026-09-17T15:08:24+00:00;20260917150824-08c11e
HOLAT;delete;2026-09-17T15:08:26+00:00;20260917150826-490c97
HOLES;delete;2026-09-17T15:08:26+00:00;20260917150826-490c97
HOLEZ;delete;2026-09-17T15:08:26+00:00;20260917150826-490c97
HOLER;delete;2026-09-17T15:08:26+00:00;20260917150826-490c97
HOLAIS;delete;2026-09-17T15:08:26+00:00;20260917150826-490c97
HOLAIT;delete;2026-09-17T15:08:26+00:00;20260917150826-490c97
HOLANT;delete;2026-09-17T15:08:26+00:00;20260917150826-490c97
HOLENT;delete;2026-09-17T15:08:26+00:00;20260917150826-490c97
HOLERA;delete;2026-09-17T15:08:26+00:00;20260917150826-490c97
HOLIEZ;delete;2026-09-17T15:08:26+00:00;20260917150826-490c97
HOLONS;delete;2026-09-17T15:08:26+00:00;20260917150826-490c97
HOLAMES;delete;2026-09-17T15:08:26+00:00;20260917150826-490c97
HOLASSE;delete;2026-09-17T15:08:26+00:00;20260917150826-490c97
HOLATES;delete;2026-09-17T15:08:26+00:00;20260917150826-490c97
HOLERAI;delete;2026-09-17T15:08:26+00:00;20260917150826-490c97
HOLERAS;delete;2026-09-17T15:08:26+00:00;20260917150826-490c97
HOLEREZ;delete;2026-09-17T15:08:26+00:00;20260917150826-490c97
HOLIONS;delete;2026-09-17T15:08:26+00:00;20260917150826-490c97
HOLAIENT;delete;2026-09-17T15:08:26+00:00;20260917150826-490c97
HOLASSES;delete;2026-09-17T15:08:26+00:00;20260917150826-490c97
HOLERAIS;delete;2026-09-17T15:08:26+00:00;20260917150826-490c97
HOLERAIT;delete;2026-09-17T15:08:26+00:00;20260917150826-490c97
HOLERENT;delete;2026-09-17T15:08:26+00:00;20260917150826-490c97
HOLERIEZ;delete;2026-09-17T15:08:26+00:00;20260917150826-490c97
HOLERONS;delete;2026-09-17T15:08:26+00:00;20260917150826-490c97
HOLERONT;delete;2026-09-17T15:08:26+00:00;20260917150826-490c97
HOLASSENT;delete;2026-09-17T15:08:26+00:00;20260917150826-490c97
HOLASSIEZ;delete;2026-09-17T15:08:26+00:00;20260917150826-490c97
HOLERIONS;delete;2026-09-17T15:08:26+00:00;20260917150826-490c97
HOLASSIONS;delete;2026-09-17T15:08:26+00:00;20260917150826-490c97
HOLERAIENT;delete;2026-09-17T15:08:26+00:00;20260917150826-490c97
HOMAL;delete;2026-09-17T15:08:29+00:00;20260917150829-53cd16
HONKS;delete;2026-09-17T15:08:30+00:00;20260917150830-e80950
HORSD;delete;2026-09-17T15:08:33+00:00;20260917150833-0e57ed
HOTTA;delete;2026-09-17T15:11:25+00:00;20260917151125-d02ec4
HOUA;delete;2026-09-17T15:11:31+00:00;20260917151131-3a455b
HOUAI;delete;2026-09-17T15:11:31+00:00;20260917151131-3a455b
HOUAS;delete;2026-09-17T15:11:31+00:00;20260917151131-3a455b
HOUAT;delete;2026-09-17T15:11:31+00:00;20260917151131-3a455b
HOUEE;delete;2026-09-17T15:11:31+00:00;20260917151131-3a455b
HOUES;delete;2026-09-17T15:11:31+00:00;20260917151131-3a455b
HOUEZ;delete;2026-09-17T15:11:31+00:00;20260917151131-3a455b
HOUER;delete;2026-09-17T15:11:31+00:00;20260917151131-3a455b
HOUAIS;delete;2026-09-17T15:11:31+00:00;20260917151131-3a455b
HOUAIT;delete;2026-09-17T15:11:31+00:00;20260917151131-3a455b
HOUANT;delete;2026-09-17T15:11:31+00:00;20260917151131-3a455b
HOUEES;delete;2026-09-17T15:11:31+00:00;20260917151131-3a455b
HOUENT;delete;2026-09-17T15:11:31+00:00;20260917151131-3a455b
HOUERA;delete;2026-09-17T15:11:31+00:00;20260917151131-3a455b
HOUIEZ;delete;2026-09-17T15:11:31+00:00;20260917151131-3a455b
HOUONS;delete;2026-09-17T15:11:31+00:00;20260917151131-3a455b
HOUAMES;delete;2026-09-17T15:11:31+00:00;20260917151131-3a455b
HOUASSE;delete;2026-09-17T15:11:31+00:00;20260917151131-3a455b
HOUATES;delete;2026-09-17T15:11:31+00:00;20260917151131-3a455b
HOUERAI;delete;2026-09-17T15:11:31+00:00;20260917151131-3a455b
HOUERAS;delete;2026-09-17T15:11:31+00:00;20260917151131-3a455b
HOUEREZ;delete;2026-09-17T15:11:31+00:00;20260917151131-3a455b
HOUIONS;delete;2026-09-17T15:11:31+00:00;20260917151131-3a455b
HOUAIENT;delete;2026-09-17T15:11:31+00:00;20260917151131-3a455b
HOUASSES;delete;2026-09-17T15:11:31+00:00;20260917151131-3a455b
HOUERAIS;delete;2026-09-17T15:11:31+00:00;20260917151131-3a455b
HOUERAIT;delete;2026-09-17T15:11:31+00:00;20260917151131-3a455b
HOUERENT;delete;2026-09-17T15:11:31+00:00;20260917151131-3a455b
HOUERIEZ;delete;2026-09-17T15:11:31+00:00;20260917151131-3a455b
HOUERONS;delete;2026-09-17T15:11:31+00:00;20260917151131-3a455b
HOUERONT;delete;2026-09-17T15:11:31+00:00;20260917151131-3a455b
HOUASSENT;delete;2026-09-17T15:11:31+00:00;20260917151131-3a455b
HOUASSIEZ;delete;2026-09-17T15:11:31+00:00;20260917151131-3a455b
HOUERIONS;delete;2026-09-17T15:11:31+00:00;20260917151131-3a455b
HOUASSIONS;delete;2026-09-17T15:11:31+00:00;20260917151131-3a455b
HOUERAIENT;delete;2026-09-17T15:11:31+00:00;20260917151131-3a455b
HOUST;delete;2026-09-17T15:11:33+00:00;20260917151133-7ab896
HOVEA;delete;2026-09-17T15:11:35+00:00;20260917151135-b6f422
HOYEE;delete;2026-09-17T15:11:36+00:00;20260917151136-361769
HOYES;delete;2026-09-17T15:11:43+00:00;20260917151143-9f6b3c
HUAIS;keep;2026-09-17T15:11:48+00:00;20260917151148-d3f894
HUCHA;delete;2026-09-17T15:11:49+00:00;20260917151149-0bc8e8
HUENT;keep;2026-09-17T15:11:50+00:00;20260917151150-41814a
HUERA;delete;2026-09-17T15:11:55+00:00;20260917151155-e5f8a0
HUIAS;delete;2026-09-17T15:11:56+00:00;20260917151156-fa52f5
HUIEZ;delete;2026-09-17T15:11:58+00:00;20260917151158-70e99d
HUILA;keep;2026-09-17T15:12:01+00:00;20260917151201-4b0376
HUIRA;delete;2026-09-17T15:12:03+00:00;20260917151203-5a3fa7
HUMAS;keep;2026-09-17T15:12:04+00:00;20260917151204-ef01de
HUMAT;keep;2026-09-17T15:12:04+00:00;20260917151204-302636
HUONS;keep;2026-09-17T15:12:05+00:00;20260917151205-b88b97
HUTTA;delete;2026-09-17T15:12:08+00:00;20260917151208-4329bc
HUTTAI;delete;2026-09-17T15:12:08+00:00;20260917151208-4329bc
HUTTAS;delete;2026-09-17T15:12:08+00:00;20260917151208-4329bc
HUTTAT;delete;2026-09-17T15:12:08+00:00;20260917151208-4329bc
HUTTEE;delete;2026-09-17T15:12:08+00:00;20260917151208-4329bc
HUTTEZ;delete;2026-09-17T15:12:08+00:00;20260917151208-4329bc
HUTTER;delete;2026-09-17T15:12:08+00:00;20260917151208-4329bc
HUTTAIS;delete;2026-09-17T15:12:08+00:00;20260917151208-4329bc
HUTTAIT;delete;2026-09-17T15:12:08+00:00;20260917151208-4329bc
HUTTANT;delete;2026-09-17T15:12:08+00:00;20260917151208-4329bc
HUTTEES;delete;2026-09-17T15:12:08+00:00;20260917151208-4329bc
HUTTENT;delete;2026-09-17T15:12:08+00:00;20260917151208-4329bc
HUTTERA;delete;2026-09-17T15:12:08+00:00;20260917151208-4329bc
HUTTIEZ;delete;2026-09-17T15:12:08+00:00;20260917151208-4329bc
HUTTONS;delete;2026-09-17T15:12:08+00:00;20260917151208-4329bc
HUTTAMES;delete;2026-09-17T15:12:08+00:00;20260917151208-4329bc
HUTTASSE;delete;2026-09-17T15:12:08+00:00;20260917151208-4329bc
HUTTATES;delete;2026-09-17T15:12:08+00:00;20260917151208-4329bc
HUTTERAI;delete;2026-09-17T15:12:08+00:00;20260917151208-4329bc
HUTTERAS;delete;2026-09-17T15:12:08+00:00;20260917151208-4329bc
HUTTEREZ;delete;2026-09-17T15:12:08+00:00;20260917151208-4329bc
HUTTIONS;delete;2026-09-17T15:12:08+00:00;20260917151208-4329bc
HUTTAIENT;delete;2026-09-17T15:12:08+00:00;20260917151208-4329bc
HUTTASSES;delete;2026-09-17T15:12:08+00:00;20260917151208-4329bc
HUTTERAIS;delete;2026-09-17T15:12:08+00:00;20260917151208-4329bc
HUTTERAIT;delete;2026-09-17T15:12:08+00:00;20260917151208-4329bc
HUTTERENT;delete;2026-09-17T15:12:08+00:00;20260917151208-4329bc
HUTTERIEZ;delete;2026-09-17T15:12:08+00:00;20260917151208-4329bc
HUTTERONS;delete;2026-09-17T15:12:08+00:00;20260917151208-4329bc
HUTTERONT;delete;2026-09-17T15:12:08+00:00;20260917151208-4329bc
HUTTASSENT;delete;2026-09-17T15:12:08+00:00;20260917151208-4329bc
HUTTASSIEZ;delete;2026-09-17T15:12:08+00:00;20260917151208-4329bc
HUTTERIONS;delete;2026-09-17T15:12:08+00:00;20260917151208-4329bc
HUTTASSIONS;delete;2026-09-17T15:12:08+00:00;20260917151208-4329bc
HUTTERAIENT;delete;2026-09-17T15:12:08+00:00;20260917151208-4329bc
HUTUE;delete;2026-09-17T15:12:10+00:00;20260917151210-6af385
HUTUS;delete;2026-09-17T15:13:27+00:00;20260917151327-7dfa2e
HUVES;delete;2026-09-17T15:13:28+00:00;20260917151328-b9d12d
HYBOS;delete;2026-09-17T15:13:29+00:00;20260917151329-60f8c6
HYDRA;delete;2026-09-17T15:13:30+00:00;20260917151330-fcc883
HYGRO;delete;2026-09-17T15:13:31+00:00;20260917151331-3d5c0e
HYPNO;delete;2026-09-17T15:13:32+00:00;20260917151332-351850
IBERO;delete;2026-09-17T15:13:33+00:00;20260917151333-00fd63
ICIAU;delete;2026-09-17T15:13:34+00:00;20260917151334-185299
ICONO;delete;2026-09-17T15:13:35+00:00;20260917151335-a9dffa
ICRON;delete;2026-09-17T15:13:36+00:00;20260917151336-f67c67
IDEAI;delete;2026-09-17T15:13:47+00:00;20260917151347-6dcfc5
IDEAS;keep;2026-09-17T15:13:48+00:00;20260917151348-4c1989
IDEAT;delete;2026-09-17T15:13:50+00:00;20260917151350-35f8bd
IDEED;delete;2026-09-17T15:13:51+00:00;20260917151351-302350
IDEEE;delete;2026-09-17T15:13:52+00:00;20260917151352-54d2e0
IDEEZ;keep;2026-09-17T15:13:54+00:00;20260917151354-a8017f
IDIES;delete;2026-09-17T15:13:54+00:00;20260917151354-374ac9
IDITE;delete;2026-09-17T15:13:55+00:00;20260917151355-b11bf1
IEMES;delete;2026-09-17T15:13:57+00:00;20260917151357-cf5b82
IGNES;delete;2026-09-17T15:13:59+00:00;20260917151359-008a8e
IKATS;delete;2026-09-17T15:14:00+00:00;20260917151400-cc3419
ILERS;delete;2026-09-17T15:14:01+00:00;20260917151401-c7767c
ILETS;delete;2026-09-17T15:14:01+00:00;20260917151401-973a81
ILOTA;delete;2026-09-17T15:14:07+00:00;20260917151407-f98282
IMANS;delete;2026-09-17T15:14:09+00:00;20260917151409-b3631a
IMBUT;delete;2026-09-17T15:14:13+00:00;20260917151413-a92fda
INDUT;delete;2026-09-17T15:14:16+00:00;20260917151416-d0ece8
INIES;delete;2026-09-17T15:14:55+00:00;20260917151455-bf2858
INTIS;delete;2026-09-17T15:14:57+00:00;20260917151457-925785
IODAI;keep;2026-09-17T15:15:00+00:00;20260917151500-2213b2
IODAS;keep;2026-09-17T15:15:01+00:00;20260917151501-0f4066
IODAT;delete;2026-09-17T15:15:02+00:00;20260917151502-13bcf1
IODES;keep;2026-09-17T15:15:03+00:00;20260917151503-1f2e20
IODEZ;keep;2026-09-17T15:15:04+00:00;20260917151504-038175
IODLA;delete;2026-09-17T15:15:10+00:00;20260917151510-042121
IODLE;delete;2026-09-17T15:15:10+00:00;20260917151510-042121
IODLAI;delete;2026-09-17T15:15:10+00:00;20260917151510-042121
IODLAS;delete;2026-09-17T15:15:10+00:00;20260917151510-042121
IODLAT;delete;2026-09-17T15:15:10+00:00;20260917151510-042121
IODLES;delete;2026-09-17T15:15:10+00:00;20260917151510-042121
IODLEZ;delete;2026-09-17T15:15:10+00:00;20260917151510-042121
IODLER;delete;2026-09-17T15:15:10+00:00;20260917151510-042121
IODLAIS;delete;2026-09-17T15:15:10+00:00;20260917151510-042121
IODLAIT;delete;2026-09-17T15:15:10+00:00;20260917151510-042121
IODLANT;delete;2026-09-17T15:15:10+00:00;20260917151510-042121
IODLENT;delete;2026-09-17T15:15:10+00:00;20260917151510-042121
IODLERA;delete;2026-09-17T15:15:10+00:00;20260917151510-042121
IODLIEZ;delete;2026-09-17T15:15:10+00:00;20260917151510-042121
IODLONS;delete;2026-09-17T15:15:10+00:00;20260917151510-042121
IODLAMES;delete;2026-09-17T15:15:10+00:00;20260917151510-042121
IODLASSE;delete;2026-09-17T15:15:10+00:00;20260917151510-042121
IODLATES;delete;2026-09-17T15:15:10+00:00;20260917151510-042121
IODLERAI;delete;2026-09-17T15:15:10+00:00;20260917151510-042121
IODLERAS;delete;2026-09-17T15:15:10+00:00;20260917151510-042121
IODLEREZ;delete;2026-09-17T15:15:10+00:00;20260917151510-042121
IODLIONS;delete;2026-09-17T15:15:10+00:00;20260917151510-042121
IODLAIENT;delete;2026-09-17T15:15:10+00:00;20260917151510-042121
IODLASSES;delete;2026-09-17T15:15:10+00:00;20260917151510-042121
IODLERAIS;delete;2026-09-17T15:15:10+00:00;20260917151510-042121
IODLERAIT;delete;2026-09-17T15:15:10+00:00;20260917151510-042121
IODLERENT;delete;2026-09-17T15:15:10+00:00;20260917151510-042121
IODLERIEZ;delete;2026-09-17T15:15:10+00:00;20260917151510-042121
IODLERONS;delete;2026-09-17T15:15:10+00:00;20260917151510-042121
IODLERONT;delete;2026-09-17T15:15:10+00:00;20260917151510-042121
IODLASSENT;delete;2026-09-17T15:15:10+00:00;20260917151510-042121
IODLASSIEZ;delete;2026-09-17T15:15:10+00:00;20260917151510-042121
IODLERIONS;delete;2026-09-17T15:15:10+00:00;20260917151510-042121
IODLASSIONS;delete;2026-09-17T15:15:10+00:00;20260917151510-042121
IODLERAIENT;delete;2026-09-17T15:15:10+00:00;20260917151510-042121
IORAS;delete;2026-09-17T15:15:23+00:00;20260917151523-ea4484
IOULA;delete;2026-09-17T15:15:24+00:00;20260917151524-4ca609
IOULE;delete;2026-09-17T15:15:25+00:00;20260917151525-df4bae
IRAKO;delete;2026-09-17T15:18:16+00:00;20260917151816-205436
IRANO;delete;2026-09-17T15:18:17+00:00;20260917151817-7ccbee
IRIDO;delete;2026-09-17T15:18:18+00:00;20260917151818-5ca0ba
IRISA;delete;2026-09-17T15:18:21+00:00;20260917151821-0c4a0a
IRRUA;delete;2026-09-17T15:18:22+00:00;20260917151822-81deb6
IRRUE;delete;2026-09-17T15:18:23+00:00;20260917151823-9559ab
ISMES;delete;2026-09-17T15:18:24+00:00;20260917151824-c911af
ISTES;delete;2026-09-17T15:18:24+00:00;20260917151824-762aad
ITEAS;delete;2026-09-17T15:18:25+00:00;20260917151825-1dc837
ITEMS;keep;2026-09-17T15:18:26+00:00;20260917151826-41d002
ITERA;delete;2026-09-17T15:18:27+00:00;20260917151827-6f6a80
ITERA;undo;2026-09-17T15:18:28+00:00;20260917151827-6f6a80
ITERA;keep;2026-09-17T15:18:29+00:00;20260917151829-dd5f25
IWANS;delete;2026-09-17T15:18:30+00:00;20260917151830-93db04
IXIAS;delete;2026-09-17T15:18:31+00:00;20260917151831-ec41bd
JABLA;delete;2026-09-17T15:18:35+00:00;20260917151835-a036a8
JABLE;delete;2026-09-17T15:18:35+00:00;20260917151835-a036a8
JABLAI;delete;2026-09-17T15:18:35+00:00;20260917151835-a036a8
JABLAS;delete;2026-09-17T15:18:35+00:00;20260917151835-a036a8
JABLAT;delete;2026-09-17T15:18:35+00:00;20260917151835-a036a8
JABLEE;delete;2026-09-17T15:18:35+00:00;20260917151835-a036a8
JABLEZ;delete;2026-09-17T15:18:35+00:00;20260917151835-a036a8
JABLER;delete;2026-09-17T15:18:35+00:00;20260917151835-a036a8
JABLAIS;delete;2026-09-17T15:18:35+00:00;20260917151835-a036a8
JABLAIT;delete;2026-09-17T15:18:35+00:00;20260917151835-a036a8
JABLANT;delete;2026-09-17T15:18:35+00:00;20260917151835-a036a8
JABLEES;delete;2026-09-17T15:18:35+00:00;20260917151835-a036a8
JABLENT;delete;2026-09-17T15:18:35+00:00;20260917151835-a036a8
JABLERA;delete;2026-09-17T15:18:35+00:00;20260917151835-a036a8
JABLIEZ;delete;2026-09-17T15:18:35+00:00;20260917151835-a036a8
JABLONS;delete;2026-09-17T15:18:35+00:00;20260917151835-a036a8
JABLAMES;delete;2026-09-17T15:18:35+00:00;20260917151835-a036a8
JABLASSE;delete;2026-09-17T15:18:35+00:00;20260917151835-a036a8
JABLATES;delete;2026-09-17T15:18:35+00:00;20260917151835-a036a8
JABLERAI;delete;2026-09-17T15:18:35+00:00;20260917151835-a036a8
JABLERAS;delete;2026-09-17T15:18:35+00:00;20260917151835-a036a8
JABLEREZ;delete;2026-09-17T15:18:35+00:00;20260917151835-a036a8
JABLIONS;delete;2026-09-17T15:18:35+00:00;20260917151835-a036a8
JABLAIENT;delete;2026-09-17T15:18:35+00:00;20260917151835-a036a8
JABLASSES;delete;2026-09-17T15:18:35+00:00;20260917151835-a036a8
JABLERAIS;delete;2026-09-17T15:18:35+00:00;20260917151835-a036a8
JABLERAIT;delete;2026-09-17T15:18:35+00:00;20260917151835-a036a8
JABLERENT;delete;2026-09-17T15:18:35+00:00;20260917151835-a036a8
JABLERIEZ;delete;2026-09-17T15:18:35+00:00;20260917151835-a036a8
JABLERONS;delete;2026-09-17T15:18:35+00:00;20260917151835-a036a8
JABLERONT;delete;2026-09-17T15:18:35+00:00;20260917151835-a036a8
JABLASSENT;delete;2026-09-17T15:18:35+00:00;20260917151835-a036a8
JABLASSIEZ;delete;2026-09-17T15:18:35+00:00;20260917151835-a036a8
JABLERIONS;delete;2026-09-17T15:18:35+00:00;20260917151835-a036a8
JABLASSIONS;delete;2026-09-17T15:18:35+00:00;20260917151835-a036a8
JABLERAIENT;delete;2026-09-17T15:18:35+00:00;20260917151835-a036a8
JACOS;delete;2026-09-17T15:18:38+00:00;20260917151838-465007
JACTA;keep;2026-09-17T15:18:41+00:00;20260917151841-127c1f
JAIN;delete;2026-09-17T15:18:51+00:00;20260917151851-6272a1
JAINS;delete;2026-09-17T15:18:51+00:00;20260917151851-6272a1
JAINE;delete;2026-09-17T15:18:51+00:00;20260917151851-6272a1
JAINES;delete;2026-09-17T15:18:51+00:00;20260917151851-6272a1
JALE;delete;2026-09-17T15:19:00+00:00;20260917151900-703cdf
JALES;delete;2026-09-17T15:19:00+00:00;20260917151900-703cdf
JAMBA;delete;2026-09-17T15:19:07+00:00;20260917151907-10e758
JAMBAI;delete;2026-09-17T15:19:07+00:00;20260917151907-10e758
JAMBAS;delete;2026-09-17T15:19:07+00:00;20260917151907-10e758
JAMBAT;delete;2026-09-17T15:19:07+00:00;20260917151907-10e758
JAMBEZ;delete;2026-09-17T15:19:07+00:00;20260917151907-10e758
JAMBER;delete;2026-09-17T15:19:07+00:00;20260917151907-10e758
JAMBAIS;delete;2026-09-17T15:19:07+00:00;20260917151907-10e758
JAMBAIT;delete;2026-09-17T15:19:07+00:00;20260917151907-10e758
JAMBANT;delete;2026-09-17T15:19:07+00:00;20260917151907-10e758
JAMBEES;delete;2026-09-17T15:19:07+00:00;20260917151907-10e758
JAMBENT;delete;2026-09-17T15:19:07+00:00;20260917151907-10e758
JAMBERA;delete;2026-09-17T15:19:07+00:00;20260917151907-10e758
JAMBIEZ;delete;2026-09-17T15:19:07+00:00;20260917151907-10e758
JAMBAMES;delete;2026-09-17T15:19:07+00:00;20260917151907-10e758
JAMBASSE;delete;2026-09-17T15:19:07+00:00;20260917151907-10e758
JAMBATES;delete;2026-09-17T15:19:07+00:00;20260917151907-10e758
JAMBERAI;delete;2026-09-17T15:19:07+00:00;20260917151907-10e758
JAMBERAS;delete;2026-09-17T15:19:07+00:00;20260917151907-10e758
JAMBEREZ;delete;2026-09-17T15:19:07+00:00;20260917151907-10e758
JAMBIONS;delete;2026-09-17T15:19:07+00:00;20260917151907-10e758
JAMBAIENT;delete;2026-09-17T15:19:07+00:00;20260917151907-10e758
JAMBASSES;delete;2026-09-17T15:19:07+00:00;20260917151907-10e758
JAMBERAIS;delete;2026-09-17T15:19:07+00:00;20260917151907-10e758
JAMBERAIT;delete;2026-09-17T15:19:07+00:00;20260917151907-10e758
JAMBERENT;delete;2026-09-17T15:19:07+00:00;20260917151907-10e758
JAMBERIEZ;delete;2026-09-17T15:19:07+00:00;20260917151907-10e758
JAMBERONS;delete;2026-09-17T15:19:07+00:00;20260917151907-10e758
JAMBERONT;delete;2026-09-17T15:19:07+00:00;20260917151907-10e758
JAMBASSENT;delete;2026-09-17T15:19:07+00:00;20260917151907-10e758
JAMBASSIEZ;delete;2026-09-17T15:19:07+00:00;20260917151907-10e758
JAMBERIONS;delete;2026-09-17T15:19:07+00:00;20260917151907-10e758
JAMBASSIONS;delete;2026-09-17T15:19:07+00:00;20260917151907-10e758
JAMBERAIENT;delete;2026-09-17T15:19:07+00:00;20260917151907-10e758
JAPYX;delete;2026-09-17T15:19:08+00:00;20260917151908-dde166
JARDS;delete;2026-09-17T15:19:11+00:00;20260917151911-5d8771
JARL;delete;2026-09-17T15:19:17+00:00;20260917151917-686679
JARLS;delete;2026-09-17T15:19:17+00:00;20260917151917-686679
JASAI;keep;2026-09-17T15:19:30+00:00;20260917151930-987552
JASAS;keep;2026-09-17T15:19:30+00:00;20260917151930-8967cd
JASAT;keep;2026-09-17T15:19:31+00:00;20260917151931-115fc6
JASEZ;keep;2026-09-17T15:19:31+00:00;20260917151931-93b2a7
JASPA;delete;2026-09-17T15:19:35+00:00;20260917151935-e72537
JASPAI;delete;2026-09-17T15:19:35+00:00;20260917151935-e72537
JASPAS;delete;2026-09-17T15:19:35+00:00;20260917151935-e72537
JASPAT;delete;2026-09-17T15:19:35+00:00;20260917151935-e72537
JASPEE;delete;2026-09-17T15:19:35+00:00;20260917151935-e72537
JASPEZ;delete;2026-09-17T15:19:35+00:00;20260917151935-e72537
JASPES;delete;2026-09-17T15:19:35+00:00;20260917151935-e72537
JASPER;delete;2026-09-17T15:19:35+00:00;20260917151935-e72537
JASPAIS;delete;2026-09-17T15:19:35+00:00;20260917151935-e72537
JASPAIT;delete;2026-09-17T15:19:35+00:00;20260917151935-e72537
JASPANT;delete;2026-09-17T15:19:35+00:00;20260917151935-e72537
JASPENT;delete;2026-09-17T15:19:35+00:00;20260917151935-e72537
JASPERA;delete;2026-09-17T15:19:35+00:00;20260917151935-e72537
JASPIEZ;delete;2026-09-17T15:19:35+00:00;20260917151935-e72537
JASPONS;delete;2026-09-17T15:19:35+00:00;20260917151935-e72537
JASPEES;delete;2026-09-17T15:19:35+00:00;20260917151935-e72537
JASPAMES;delete;2026-09-17T15:19:35+00:00;20260917151935-e72537
JASPASSE;delete;2026-09-17T15:19:35+00:00;20260917151935-e72537
JASPATES;delete;2026-09-17T15:19:35+00:00;20260917151935-e72537
JASPERAI;delete;2026-09-17T15:19:35+00:00;20260917151935-e72537
JASPERAS;delete;2026-09-17T15:19:35+00:00;20260917151935-e72537
JASPEREZ;delete;2026-09-17T15:19:35+00:00;20260917151935-e72537
JASPIONS;delete;2026-09-17T15:19:35+00:00;20260917151935-e72537
JASPASSES;delete;2026-09-17T15:19:35+00:00;20260917151935-e72537
JASPERAIS;delete;2026-09-17T15:19:35+00:00;20260917151935-e72537
JASPERAIT;delete;2026-09-17T15:19:35+00:00;20260917151935-e72537
JASPERENT;delete;2026-09-17T15:19:35+00:00;20260917151935-e72537
JASPERIEZ;delete;2026-09-17T15:19:35+00:00;20260917151935-e72537
JASPERONT;delete;2026-09-17T15:19:35+00:00;20260917151935-e72537
JASPAIENT;delete;2026-09-17T15:19:35+00:00;20260917151935-e72537
JASPASSENT;delete;2026-09-17T15:19:35+00:00;20260917151935-e72537
JASPASSIEZ;delete;2026-09-17T15:19:35+00:00;20260917151935-e72537
JASPERIONS;delete;2026-09-17T15:19:35+00:00;20260917151935-e72537
JASPASSIONS;delete;2026-09-17T15:19:35+00:00;20260917151935-e72537
JASPERAIENT;delete;2026-09-17T15:19:35+00:00;20260917151935-e72537
JASUS;delete;2026-09-17T15:19:36+00:00;20260917151936-25149c
JAZZA;keep;2026-09-17T15:19:37+00:00;20260917151937-8bcd77
JAZZE;keep;2026-09-17T15:19:39+00:00;20260917151939-06ccf8
JERKA;keep;2026-09-17T15:19:39+00:00;20260917151939-a629ed
JERKE;keep;2026-09-17T15:19:40+00:00;20260917151940-63ac4e
JERKS;keep;2026-09-17T15:19:41+00:00;20260917151941-f191e9
JETDE;delete;2026-09-17T15:19:42+00:00;20260917151942-0c5fe5
JEUDE;delete;2026-09-17T15:19:43+00:00;20260917151943-d145a7
JINGO;delete;2026-09-17T15:19:43+00:00;20260917151943-0a8b3c
JODLA;delete;2026-09-17T15:19:46+00:00;20260917151946-70c69a
JODLE;delete;2026-09-17T15:19:46+00:00;20260917151946-70c69a
JODLAI;delete;2026-09-17T15:19:46+00:00;20260917151946-70c69a
JODLAS;delete;2026-09-17T15:19:46+00:00;20260917151946-70c69a
JODLAT;delete;2026-09-17T15:19:46+00:00;20260917151946-70c69a
JODLES;delete;2026-09-17T15:19:46+00:00;20260917151946-70c69a
JODLEZ;delete;2026-09-17T15:19:46+00:00;20260917151946-70c69a
JODLER;delete;2026-09-17T15:19:46+00:00;20260917151946-70c69a
JODLAIS;delete;2026-09-17T15:19:46+00:00;20260917151946-70c69a
JODLAIT;delete;2026-09-17T15:19:46+00:00;20260917151946-70c69a
JODLANT;delete;2026-09-17T15:19:46+00:00;20260917151946-70c69a
JODLENT;delete;2026-09-17T15:19:46+00:00;20260917151946-70c69a
JODLERA;delete;2026-09-17T15:19:46+00:00;20260917151946-70c69a
JODLIEZ;delete;2026-09-17T15:19:46+00:00;20260917151946-70c69a
JODLONS;delete;2026-09-17T15:19:46+00:00;20260917151946-70c69a
JODLAMES;delete;2026-09-17T15:19:46+00:00;20260917151946-70c69a
JODLASSE;delete;2026-09-17T15:19:46+00:00;20260917151946-70c69a
JODLATES;delete;2026-09-17T15:19:46+00:00;20260917151946-70c69a
JODLERAI;delete;2026-09-17T15:19:46+00:00;20260917151946-70c69a
JODLERAS;delete;2026-09-17T15:19:46+00:00;20260917151946-70c69a
JODLEREZ;delete;2026-09-17T15:19:46+00:00;20260917151946-70c69a
JODLIONS;delete;2026-09-17T15:19:46+00:00;20260917151946-70c69a
JODLAIENT;delete;2026-09-17T15:19:46+00:00;20260917151946-70c69a
JODLASSES;delete;2026-09-17T15:19:46+00:00;20260917151946-70c69a
JODLERAIS;delete;2026-09-17T15:19:46+00:00;20260917151946-70c69a
JODLERAIT;delete;2026-09-17T15:19:46+00:00;20260917151946-70c69a
JODLERENT;delete;2026-09-17T15:19:46+00:00;20260917151946-70c69a
JODLERIEZ;delete;2026-09-17T15:19:46+00:00;20260917151946-70c69a
JODLERONS;delete;2026-09-17T15:19:46+00:00;20260917151946-70c69a
JODLERONT;delete;2026-09-17T15:19:46+00:00;20260917151946-70c69a
JODLASSENT;delete;2026-09-17T15:19:46+00:00;20260917151946-70c69a
JODLASSIEZ;delete;2026-09-17T15:19:46+00:00;20260917151946-70c69a
JODLERIONS;delete;2026-09-17T15:19:46+00:00;20260917151946-70c69a
JODLASSIONS;delete;2026-09-17T15:19:46+00:00;20260917151946-70c69a
JODLERAIENT;delete;2026-09-17T15:19:46+00:00;20260917151946-70c69a
JOELS;delete;2026-09-17T15:19:52+00:00;20260917151952-93c7c7
JOGGA;keep;2026-09-17T15:19:54+00:00;20260917151954-e0cab4
JOGGA;undo;2026-09-17T15:19:56+00:00;20260917151954-e0cab4
JOGGA;keep;2026-09-17T15:19:57+00:00;20260917151957-5c879c
JOGGE;keep;2026-09-17T15:19:58+00:00;20260917151958-37bebc
JONCA;delete;2026-09-17T15:20:01+00:00;20260917152001-27c5a9
JONCE;delete;2026-09-17T15:20:01+00:00;20260917152001-345ca1
JOTAS;delete;2026-09-17T15:20:07+00:00;20260917152007-4ba152
JOUAS;keep;2026-09-17T15:20:10+00:00;20260917152010-c65121
JOUTA;keep;2026-09-17T15:24:52+00:00;20260917152452-beae06
JUANS;delete;2026-09-17T15:24:53+00:00;20260917152453-7be221
JUBE;delete;2026-09-17T15:24:57+00:00;20260917152457-33d9ea
JUBES;delete;2026-09-17T15:24:57+00:00;20260917152457-33d9ea
JUDOS;delete;2026-09-17T15:25:02+00:00;20260917152502-d3c2d7
JUINS;delete;2026-09-17T15:25:05+00:00;20260917152505-8335e5
JUMPA;delete;2026-09-17T15:25:09+00:00;20260917152509-31aa89
JUMPE;delete;2026-09-17T15:25:09+00:00;20260917152509-31aa89
JUMPAI;delete;2026-09-17T15:25:09+00:00;20260917152509-31aa89
JUMPAS;delete;2026-09-17T15:25:09+00:00;20260917152509-31aa89
JUMPAT;delete;2026-09-17T15:25:09+00:00;20260917152509-31aa89
JUMPES;delete;2026-09-17T15:25:09+00:00;20260917152509-31aa89
JUMPEZ;delete;2026-09-17T15:25:09+00:00;20260917152509-31aa89
JUMPER;delete;2026-09-17T15:25:09+00:00;20260917152509-31aa89
JUMPAIS;delete;2026-09-17T15:25:09+00:00;20260917152509-31aa89
JUMPAIT;delete;2026-09-17T15:25:09+00:00;20260917152509-31aa89
JUMPANT;delete;2026-09-17T15:25:09+00:00;20260917152509-31aa89
JUMPENT;delete;2026-09-17T15:25:09+00:00;20260917152509-31aa89
JUMPERA;delete;2026-09-17T15:25:09+00:00;20260917152509-31aa89
JUMPERS;delete;2026-09-17T15:25:09+00:00;20260917152509-31aa89
JUMPIEZ;delete;2026-09-17T15:25:09+00:00;20260917152509-31aa89
JUMPONS;delete;2026-09-17T15:25:09+00:00;20260917152509-31aa89
JUMPAMES;delete;2026-09-17T15:25:09+00:00;20260917152509-31aa89
JUMPASSE;delete;2026-09-17T15:25:09+00:00;20260917152509-31aa89
JUMPATES;delete;2026-09-17T15:25:09+00:00;20260917152509-31aa89
JUMPERAI;delete;2026-09-17T15:25:09+00:00;20260917152509-31aa89
JUMPERAS;delete;2026-09-17T15:25:09+00:00;20260917152509-31aa89
JUMPEREZ;delete;2026-09-17T15:25:09+00:00;20260917152509-31aa89
JUMPIONS;delete;2026-09-17T15:25:09+00:00;20260917152509-31aa89
JUMPAIENT;delete;2026-09-17T15:25:09+00:00;20260917152509-31aa89
JUMPASSES;delete;2026-09-17T15:25:09+00:00;20260917152509-31aa89
JUMPERAIS;delete;2026-09-17T15:25:09+00:00;20260917152509-31aa89
JUMPERAIT;delete;2026-09-17T15:25:09+00:00;20260917152509-31aa89
JUMPERENT;delete;2026-09-17T15:25:09+00:00;20260917152509-31aa89
JUMPERIEZ;delete;2026-09-17T15:25:09+00:00;20260917152509-31aa89
JUMPERONS;delete;2026-09-17T15:25:09+00:00;20260917152509-31aa89
JUMPERONT;delete;2026-09-17T15:25:09+00:00;20260917152509-31aa89
JUMPASSENT;delete;2026-09-17T15:25:09+00:00;20260917152509-31aa89
JUMPASSIEZ;delete;2026-09-17T15:25:09+00:00;20260917152509-31aa89
JUMPERIONS;delete;2026-09-17T15:25:09+00:00;20260917152509-31aa89
JUMPASSIONS;delete;2026-09-17T15:25:09+00:00;20260917152509-31aa89
JUMPERAIENT;delete;2026-09-17T15:25:09+00:00;20260917152509-31aa89
JUMPS;delete;2026-09-17T15:25:11+00:00;20260917152511-a9c774
JURAS;keep;2026-09-17T15:25:13+00:00;20260917152513-9390af
JUTAI;keep;2026-09-17T15:25:15+00:00;20260917152515-3fb8e7
JUTAS;keep;2026-09-17T15:25:16+00:00;20260917152516-93b34d
JUTAT;keep;2026-09-17T15:25:17+00:00;20260917152517-ac242c
JUTEZ;keep;2026-09-17T15:25:17+00:00;20260917152517-09d222
KADIS;delete;2026-09-17T15:25:19+00:00;20260917152519-c37d71
KAGAN;delete;2026-09-17T15:25:20+00:00;20260917152520-1db7c3
KALIJ;delete;2026-09-17T15:25:21+00:00;20260917152521-229488
KALIS;delete;2026-09-17T15:25:22+00:00;20260917152522-718652
KAONS;delete;2026-09-17T15:25:24+00:00;20260917152524-b781a9
KARTS;keep;2026-09-17T15:25:26+00:00;20260917152526-884af2
KAWAS;delete;2026-09-17T15:25:27+00:00;20260917152527-be53e6
KAWAS;undo;2026-09-17T15:25:28+00:00;20260917152527-be53e6
KAWAS;keep;2026-09-17T15:25:30+00:00;20260917152530-537e7f
KEELS;delete;2026-09-17T15:25:31+00:00;20260917152531-534534
KHATS;delete;2026-09-17T15:25:32+00:00;20260917152532-3d0493
KHOLS;delete;2026-09-17T15:25:36+00:00;20260917152536-b6a5b2
KHOUM;delete;2026-09-17T15:25:37+00:00;20260917152537-1a8a14
KIKIS;delete;2026-09-17T15:25:39+00:00;20260917152539-73ede8
KINAS;delete;2026-09-17T15:25:41+00:00;20260917152541-3648de
KINES;keep;2026-09-17T15:25:42+00:00;20260917152542-7d9537
KINGS;delete;2026-09-17T15:25:44+00:00;20260917152544-6271e3
KITOL;delete;2026-09-17T15:25:45+00:00;20260917152545-0e339d
KM2DE;delete;2026-09-17T15:25:46+00:00;20260917152546-b79f09
KMDEL;delete;2026-09-17T15:25:47+00:00;20260917152547-c0b3ca
KOBOS;delete;2026-09-17T15:25:47+00:00;20260917152547-5f5364
KOLAS;delete;2026-09-17T15:25:50+00:00;20260917152550-1e0e70
KORES;delete;2026-09-17T15:25:51+00:00;20260917152551-396a46
KOTOS;delete;2026-09-17T15:25:52+00:00;20260917152552-aec6f1
KRAIT;delete;2026-09-17T15:25:53+00:00;20260917152553-eaff85
KRAKS;delete;2026-09-17T15:25:54+00:00;20260917152554-7b5923
KRALS;delete;2026-09-17T15:25:55+00:00;20260917152555-c29c46
KSOUR;delete;2026-09-17T15:25:56+00:00;20260917152556-1c6b1b
KYATS;delete;2026-09-17T15:25:57+00:00;20260917152557-70fa6e
KYSTO;delete;2026-09-17T15:25:57+00:00;20260917152557-4369a1
LAAUX;delete;2026-09-17T15:25:58+00:00;20260917152558-47b831
LABIO;delete;2026-09-17T15:25:59+00:00;20260917152559-3df67e
LABRU;delete;2026-09-17T15:25:59+00:00;20260917152559-12cdf1
LACAI;keep;2026-09-17T15:26:01+00:00;20260917152601-8b0a89
LACAS;keep;2026-09-17T15:26:02+00:00;20260917152602-cc92db
LACAT;keep;2026-09-17T15:26:03+00:00;20260917152603-3e36c3
LACEZ;keep;2026-09-17T15:26:04+00:00;20260917152604-52f714
LACON;delete;2026-09-17T15:26:05+00:00;20260917152605-986044
LACTO;delete;2026-09-17T15:26:06+00:00;20260917152606-af1346
LACTO;undo;2026-09-17T15:26:07+00:00;20260917152606-af1346
LACTO;keep;2026-09-17T15:26:08+00:00;20260917152608-f02886
LAFOI;delete;2026-09-17T15:26:09+00:00;20260917152609-ceaa33
LAIDI;keep;2026-09-17T15:26:11+00:00;20260917152611-e5eae7
LAINA;keep;2026-09-17T15:26:12+00:00;20260917152612-9f376d
LAMAI;delete;2026-09-17T15:26:21+00:00;20260917152621-00f4b2
LAMAT;delete;2026-09-17T15:26:21+00:00;20260917152621-00f4b2
LAMEZ;delete;2026-09-17T15:26:21+00:00;20260917152621-00f4b2
LAMER;delete;2026-09-17T15:26:21+00:00;20260917152621-00f4b2
LAMAIT;delete;2026-09-17T15:26:21+00:00;20260917152621-00f4b2
LAMANT;delete;2026-09-17T15:26:21+00:00;20260917152621-00f4b2
LAMENT;delete;2026-09-17T15:26:21+00:00;20260917152621-00f4b2
LAMERA;delete;2026-09-17T15:26:21+00:00;20260917152621-00f4b2
LAMIEZ;delete;2026-09-17T15:26:21+00:00;20260917152621-00f4b2
LAMONS;delete;2026-09-17T15:26:21+00:00;20260917152621-00f4b2
LAMAIS;delete;2026-09-17T15:26:21+00:00;20260917152621-00f4b2
LAMEES;delete;2026-09-17T15:26:21+00:00;20260917152621-00f4b2
LAMAMES;delete;2026-09-17T15:26:21+00:00;20260917152621-00f4b2
LAMASSE;delete;2026-09-17T15:26:21+00:00;20260917152621-00f4b2
LAMATES;delete;2026-09-17T15:26:21+00:00;20260917152621-00f4b2
LAMERAI;delete;2026-09-17T15:26:21+00:00;20260917152621-00f4b2
LAMERAS;delete;2026-09-17T15:26:21+00:00;20260917152621-00f4b2
LAMEREZ;delete;2026-09-17T15:26:21+00:00;20260917152621-00f4b2
LAMIONS;delete;2026-09-17T15:26:21+00:00;20260917152621-00f4b2
LAMAIENT;delete;2026-09-17T15:26:21+00:00;20260917152621-00f4b2
LAMASSES;delete;2026-09-17T15:26:21+00:00;20260917152621-00f4b2
LAMERAIS;delete;2026-09-17T15:26:21+00:00;20260917152621-00f4b2
LAMERAIT;delete;2026-09-17T15:26:21+00:00;20260917152621-00f4b2
LAMERENT;delete;2026-09-17T15:26:21+00:00;20260917152621-00f4b2
LAMERIEZ;delete;2026-09-17T15:26:21+00:00;20260917152621-00f4b2
LAMERONS;delete;2026-09-17T15:26:21+00:00;20260917152621-00f4b2
LAMERONT;delete;2026-09-17T15:26:21+00:00;20260917152621-00f4b2
LAMASSENT;delete;2026-09-17T15:26:21+00:00;20260917152621-00f4b2
LAMASSIEZ;delete;2026-09-17T15:26:21+00:00;20260917152621-00f4b2
LAMERIONS;delete;2026-09-17T15:26:21+00:00;20260917152621-00f4b2
LAMASSIONS;delete;2026-09-17T15:26:21+00:00;20260917152621-00f4b2
LAMERAIENT;delete;2026-09-17T15:26:21+00:00;20260917152621-00f4b2
LANER;delete;2026-09-17T15:26:22+00:00;20260917152622-287bed
LANTA;delete;2026-09-17T15:26:28+00:00;20260917152628-029fed
LANTE;delete;2026-09-17T15:26:29+00:00;20260917152629-609a91
LAPAI;keep;2026-09-17T15:26:31+00:00;20260917152631-67cbaf
LAPAS;keep;2026-09-17T15:26:32+00:00;20260917152632-97a0e1
LAPAT;keep;2026-09-17T15:26:32+00:00;20260917152632-ca8879
LAPES;keep;2026-09-17T15:26:33+00:00;20260917152633-e53886
LAPEZ;keep;2026-09-17T15:26:33+00:00;20260917152633-c55e50
LAPSE;keep;2026-09-17T15:26:35+00:00;20260917152635-705e42
LAQUA;keep;2026-09-17T15:26:38+00:00;20260917152638-18456e
LARIA;delete;2026-09-17T15:26:41+00:00;20260917152641-57f37a
LARMA;delete;2026-09-17T15:27:56+00:00;20260917152756-7433c9
LARRA;delete;2026-09-17T15:28:00+00:00;20260917152800-568fe9
LASIE;delete;2026-09-17T15:28:04+00:00;20260917152804-68bec1
LATTA;delete;2026-09-17T15:28:09+00:00;20260917152809-be3455
LAUBY;delete;2026-09-17T15:28:10+00:00;20260917152810-29f105
LAVAS;keep;2026-09-17T15:28:14+00:00;20260917152814-86a925
LAVAT;keep;2026-09-17T15:28:16+00:00;20260917152816-dd33fe
LAVRA;delete;2026-09-17T15:28:18+00:00;20260917152818-f3113b
LAYE;delete;2026-09-17T15:28:24+00:00;20260917152824-a4ed6d
LAYA;delete;2026-09-17T15:28:24+00:00;20260917152824-a4ed6d
LAYAI;delete;2026-09-17T15:28:24+00:00;20260917152824-a4ed6d
LAYAS;delete;2026-09-17T15:28:24+00:00;20260917152824-a4ed6d
LAYAT;delete;2026-09-17T15:28:24+00:00;20260917152824-a4ed6d
LAYEE;delete;2026-09-17T15:28:24+00:00;20260917152824-a4ed6d
LAYES;delete;2026-09-17T15:28:24+00:00;20260917152824-a4ed6d
LAYEZ;delete;2026-09-17T15:28:24+00:00;20260917152824-a4ed6d
LAYER;delete;2026-09-17T15:28:24+00:00;20260917152824-a4ed6d
LAIENT;delete;2026-09-17T15:28:24+00:00;20260917152824-a4ed6d
LAIERA;delete;2026-09-17T15:28:24+00:00;20260917152824-a4ed6d
LAYAIS;delete;2026-09-17T15:28:24+00:00;20260917152824-a4ed6d
LAYAIT;delete;2026-09-17T15:28:24+00:00;20260917152824-a4ed6d
LAYANT;delete;2026-09-17T15:28:24+00:00;20260917152824-a4ed6d
LAYEES;delete;2026-09-17T15:28:24+00:00;20260917152824-a4ed6d
LAYENT;delete;2026-09-17T15:28:24+00:00;20260917152824-a4ed6d
LAYERA;delete;2026-09-17T15:28:24+00:00;20260917152824-a4ed6d
LAYIEZ;delete;2026-09-17T15:28:24+00:00;20260917152824-a4ed6d
LAIERAI;delete;2026-09-17T15:28:24+00:00;20260917152824-a4ed6d
LAIERAS;delete;2026-09-17T15:28:24+00:00;20260917152824-a4ed6d
LAIEREZ;delete;2026-09-17T15:28:24+00:00;20260917152824-a4ed6d
LAYAMES;delete;2026-09-17T15:28:24+00:00;20260917152824-a4ed6d
LAYASSE;delete;2026-09-17T15:28:24+00:00;20260917152824-a4ed6d
LAYATES;delete;2026-09-17T15:28:24+00:00;20260917152824-a4ed6d
LAYERAI;delete;2026-09-17T15:28:24+00:00;20260917152824-a4ed6d
LAYERAS;delete;2026-09-17T15:28:24+00:00;20260917152824-a4ed6d
LAYEREZ;delete;2026-09-17T15:28:24+00:00;20260917152824-a4ed6d
LAYIONS;delete;2026-09-17T15:28:24+00:00;20260917152824-a4ed6d
LAIERAIS;delete;2026-09-17T15:28:24+00:00;20260917152824-a4ed6d
LAIERAIT;delete;2026-09-17T15:28:24+00:00;20260917152824-a4ed6d
LAIERIEZ;delete;2026-09-17T15:28:24+00:00;20260917152824-a4ed6d
LAIERONS;delete;2026-09-17T15:28:24+00:00;20260917152824-a4ed6d
LAIERONT;delete;2026-09-17T15:28:24+00:00;20260917152824-a4ed6d
LAYAIENT;delete;2026-09-17T15:28:24+00:00;20260917152824-a4ed6d
LAYASSES;delete;2026-09-17T15:28:24+00:00;20260917152824-a4ed6d
LAYERAIS;delete;2026-09-17T15:28:24+00:00;20260917152824-a4ed6d
LAYERAIT;delete;2026-09-17T15:28:24+00:00;20260917152824-a4ed6d
LAYERENT;delete;2026-09-17T15:28:24+00:00;20260917152824-a4ed6d
LAYERIEZ;delete;2026-09-17T15:28:24+00:00;20260917152824-a4ed6d
LAYERONS;delete;2026-09-17T15:28:24+00:00;20260917152824-a4ed6d
LAYERONT;delete;2026-09-17T15:28:24+00:00;20260917152824-a4ed6d
LAIERIONS;delete;2026-09-17T15:28:24+00:00;20260917152824-a4ed6d
LAYASSENT;delete;2026-09-17T15:28:24+00:00;20260917152824-a4ed6d
LAYASSIEZ;delete;2026-09-17T15:28:24+00:00;20260917152824-a4ed6d
LAYERIONS;delete;2026-09-17T15:28:24+00:00;20260917152824-a4ed6d
LAIERAIENT;delete;2026-09-17T15:28:24+00:00;20260917152824-a4ed6d
LAYASSIONS;delete;2026-09-17T15:28:24+00:00;20260917152824-a4ed6d
LAYERAIENT;delete;2026-09-17T15:28:24+00:00;20260917152824-a4ed6d
LAZE;delete;2026-09-17T15:28:27+00:00;20260917152827-716671
LAZES;delete;2026-09-17T15:28:27+00:00;20260917152827-716671
LEBIA;delete;2026-09-17T15:28:30+00:00;20260917152830-91ae72
LECOQ;delete;2026-09-17T15:28:39+00:00;20260917152839-5efb48
LEEDS;delete;2026-09-18T08:48:15+00:00;20260918084815-9a57ab
LEGAZ;delete;2026-09-18T08:48:15+00:00;20260918084815-7bc3ff
LEGES;delete;2026-09-18T08:48:17+00:00;20260918084817-72c511
LEIAS;delete;2026-09-18T08:48:19+00:00;20260918084819-682309
LELAY;delete;2026-09-18T08:48:19+00:00;20260918084819-3c27ff
LEMAS;delete;2026-09-18T08:48:20+00:00;20260918084820-f62a97
LENTA;delete;2026-09-18T08:48:21+00:00;20260918084821-74fa12
LEPEN;delete;2026-09-18T08:48:23+00:00;20260918084823-be16ba
LEPTA;delete;2026-09-18T08:48:24+00:00;20260918084824-686ba5
LESAI;keep;2026-09-18T08:48:27+00:00;20260918084827-1c0a5a
LESAS;keep;2026-09-18T08:48:28+00:00;20260918084828-c92f6e
LESAT;keep;2026-09-18T08:48:28+00:00;20260918084828-3205ea
LESEZ;keep;2026-09-18T08:48:29+00:00;20260918084829-f10a54
LESTA;keep;2026-09-18T08:48:30+00:00;20260918084830-62f656
LESTS;keep;2026-09-18T08:48:30+00:00;20260918084830-e8d075
LETES;delete;2026-09-18T08:48:34+00:00;20260918084834-a4848e
LEUCO;delete;2026-09-18T08:48:34+00:00;20260918084834-4913e4
LEVAS;keep;2026-09-18T08:48:35+00:00;20260918084835-5713b0
LEWIS;delete;2026-09-18T08:48:36+00:00;20260918084836-f65ba5
LICHA;delete;2026-09-18T08:48:44+00:00;20260918084844-c384c3
LICHAI;delete;2026-09-18T08:48:44+00:00;20260918084844-c384c3
LICHAT;delete;2026-09-18T08:48:44+00:00;20260918084844-c384c3
LICHES;delete;2026-09-18T08:48:44+00:00;20260918084844-c384c3
LICHEZ;delete;2026-09-18T08:48:44+00:00;20260918084844-c384c3
LICHEE;delete;2026-09-18T08:48:44+00:00;20260918084844-c384c3
LICHER;delete;2026-09-18T08:48:44+00:00;20260918084844-c384c3
LICHAS;delete;2026-09-18T08:48:44+00:00;20260918084844-c384c3
LICHAIS;delete;2026-09-18T08:48:44+00:00;20260918084844-c384c3
LICHAIT;delete;2026-09-18T08:48:44+00:00;20260918084844-c384c3
LICHENT;delete;2026-09-18T08:48:44+00:00;20260918084844-c384c3
LICHERA;delete;2026-09-18T08:48:44+00:00;20260918084844-c384c3
LICHIEZ;delete;2026-09-18T08:48:44+00:00;20260918084844-c384c3
LICHONS;delete;2026-09-18T08:48:44+00:00;20260918084844-c384c3
LICHEES;delete;2026-09-18T08:48:44+00:00;20260918084844-c384c3
LICHANT;delete;2026-09-18T08:48:44+00:00;20260918084844-c384c3
LICHAMES;delete;2026-09-18T08:48:44+00:00;20260918084844-c384c3
LICHASSE;delete;2026-09-18T08:48:44+00:00;20260918084844-c384c3
LICHATES;delete;2026-09-18T08:48:44+00:00;20260918084844-c384c3
LICHERAI;delete;2026-09-18T08:48:44+00:00;20260918084844-c384c3
LICHERAS;delete;2026-09-18T08:48:44+00:00;20260918084844-c384c3
LICHEREZ;delete;2026-09-18T08:48:44+00:00;20260918084844-c384c3
LICHIONS;delete;2026-09-18T08:48:44+00:00;20260918084844-c384c3
LICHAIENT;delete;2026-09-18T08:48:44+00:00;20260918084844-c384c3
LICHASSES;delete;2026-09-18T08:48:44+00:00;20260918084844-c384c3
LICHERAIS;delete;2026-09-18T08:48:44+00:00;20260918084844-c384c3
LICHERAIT;delete;2026-09-18T08:48:44+00:00;20260918084844-c384c3
LICHERENT;delete;2026-09-18T08:48:44+00:00;20260918084844-c384c3
LICHERIEZ;delete;2026-09-18T08:48:44+00:00;20260918084844-c384c3
LICHERONS;delete;2026-09-18T08:48:44+00:00;20260918084844-c384c3
LICHERONT;delete;2026-09-18T08:48:44+00:00;20260918084844-c384c3
LICHASSENT;delete;2026-09-18T08:48:44+00:00;20260918084844-c384c3
LICHASSIEZ;delete;2026-09-18T08:48:44+00:00;20260918084844-c384c3
LICHERIONS;delete;2026-09-18T08:48:44+00:00;20260918084844-c384c3
LICHASSIONS;delete;2026-09-18T08:48:44+00:00;20260918084844-c384c3
LICHERAIENT;delete;2026-09-18T08:48:44+00:00;20260918084844-c384c3
LIDER;delete;2026-09-18T08:48:46+00:00;20260918084846-1c1ed3
LIDOS;delete;2026-09-18T08:48:49+00:00;20260918084849-5c2c90
LIEDS;delete;2026-09-18T08:48:55+00:00;20260918084855-c961ac
LIFTA;keep;2026-09-18T08:48:58+00:00;20260918084858-31eb4f
LIGUA;keep;2026-09-18T08:48:59+00:00;20260918084859-736de4
LIIEZ;keep;2026-09-18T08:49:02+00:00;20260918084902-16e75c
LILLE;keep;2026-09-18T08:49:05+00:00;20260918084905-fa259b
LIMAI;keep;2026-09-18T08:49:08+00:00;20260918084908-b8082c
LIMAS;keep;2026-09-18T08:49:08+00:00;20260918084908-6d8cb4
LIMAT;keep;2026-09-18T08:49:09+00:00;20260918084909-4833d9
LINAS;delete;2026-09-18T08:49:10+00:00;20260918084910-8ff2e8
LINEA;delete;2026-09-18T08:49:12+00:00;20260918084912-44e68a
LIPIO;delete;2026-09-18T08:49:13+00:00;20260918084913-99d823
LIRIO;delete;2026-09-18T08:49:14+00:00;20260918084914-e2387d
LISPE;delete;2026-09-18T08:49:15+00:00;20260918084915-f42f62
LISTA;keep;2026-09-18T08:49:16+00:00;20260918084916-d2c4d8
LITAI;keep;2026-09-18T08:49:17+00:00;20260918084917-bc0651
LITAT;keep;2026-09-18T08:49:21+00:00;20260918084921-ada427
LITES;keep;2026-09-18T08:49:21+00:00;20260918084921-4ba5d7
LITEZ;keep;2026-09-18T08:49:22+00:00;20260918084922-6b1a30
LIVIE;delete;2026-09-18T08:49:24+00:00;20260918084924-5e16d7
LIXUS;delete;2026-09-18T08:49:24+00:00;20260918084924-854216
LOASA;delete;2026-09-18T08:49:25+00:00;20260918084925-2d74ba
LOBAI;delete;2026-09-18T08:49:25+00:00;20260918084925-fb4e72
LOBAI;undo;2026-09-18T08:49:26+00:00;20260918084925-fb4e72
LOBAI;keep;2026-09-18T08:49:26+00:00;20260918084926-3e4fde
LOBAS;keep;2026-09-18T08:49:27+00:00;20260918084927-a6d194
LOBAT;keep;2026-09-18T08:49:27+00:00;20260918084927-3f54bf
LOBEZ;keep;2026-09-18T08:49:28+00:00;20260918084928-408e18
LOCHA;delete;2026-09-18T08:49:30+00:00;20260918084930-aaec3a
LOCHS;delete;2026-09-18T08:49:32+00:00;20260918084932-f697ce
LOFE;delete;2026-09-18T08:49:39+00:00;20260918084939-2e9607
LOFAI;delete;2026-09-18T08:49:39+00:00;20260918084939-2e9607
LOFAS;delete;2026-09-18T08:49:39+00:00;20260918084939-2e9607
LOFAT;delete;2026-09-18T08:49:39+00:00;20260918084939-2e9607
LOFES;delete;2026-09-18T08:49:39+00:00;20260918084939-2e9607
LOFER;delete;2026-09-18T08:49:39+00:00;20260918084939-2e9607
LOFEZ;delete;2026-09-18T08:49:39+00:00;20260918084939-2e9607
LOFAIS;delete;2026-09-18T08:49:39+00:00;20260918084939-2e9607
LOFAIT;delete;2026-09-18T08:49:39+00:00;20260918084939-2e9607
LOFANT;delete;2026-09-18T08:49:39+00:00;20260918084939-2e9607
LOFENT;delete;2026-09-18T08:49:39+00:00;20260918084939-2e9607
LOFERA;delete;2026-09-18T08:49:39+00:00;20260918084939-2e9607
LOFIEZ;delete;2026-09-18T08:49:39+00:00;20260918084939-2e9607
LOFONS;delete;2026-09-18T08:49:39+00:00;20260918084939-2e9607
LOFAMES;delete;2026-09-18T08:49:39+00:00;20260918084939-2e9607
LOFASSE;delete;2026-09-18T08:49:39+00:00;20260918084939-2e9607
LOFATES;delete;2026-09-18T08:49:39+00:00;20260918084939-2e9607
LOFERAI;delete;2026-09-18T08:49:39+00:00;20260918084939-2e9607
LOFERAS;delete;2026-09-18T08:49:39+00:00;20260918084939-2e9607
LOFEREZ;delete;2026-09-18T08:49:39+00:00;20260918084939-2e9607
LOFIONS;delete;2026-09-18T08:49:39+00:00;20260918084939-2e9607
LOFAIENT;delete;2026-09-18T08:49:39+00:00;20260918084939-2e9607
LOFASSES;delete;2026-09-18T08:49:39+00:00;20260918084939-2e9607
LOFERAIS;delete;2026-09-18T08:49:39+00:00;20260918084939-2e9607
LOFERAIT;delete;2026-09-18T08:49:39+00:00;20260918084939-2e9607
LOFERENT;delete;2026-09-18T08:49:39+00:00;20260918084939-2e9607
LOFERIEZ;delete;2026-09-18T08:49:39+00:00;20260918084939-2e9607
LOFERONS;delete;2026-09-18T08:49:39+00:00;20260918084939-2e9607
LOFERONT;delete;2026-09-18T08:49:39+00:00;20260918084939-2e9607
LOFASSENT;delete;2026-09-18T08:49:39+00:00;20260918084939-2e9607
LOFASSIEZ;delete;2026-09-18T08:49:39+00:00;20260918084939-2e9607
LOFERIONS;delete;2026-09-18T08:49:39+00:00;20260918084939-2e9607
LOFASSIONS;delete;2026-09-18T08:49:39+00:00;20260918084939-2e9607
LOFERAIENT;delete;2026-09-18T08:49:39+00:00;20260918084939-2e9607
LOFFA;delete;2026-09-18T08:49:41+00:00;20260918084941-86d17d
LOFFA;undo;2026-09-18T08:49:42+00:00;20260918084941-86d17d
LOFFA;delete;2026-09-18T08:49:43+00:00;20260918084943-8ac815
LOFFE;delete;2026-09-18T08:49:44+00:00;20260918084944-9380da
LOIND;delete;2026-09-18T08:49:45+00:00;20260918084945-9e386e
LOMBO;delete;2026-09-18T08:49:46+00:00;20260918084946-4589a4
LOPEZ;delete;2026-09-18T08:49:51+00:00;20260918084951-30a5e5
LOPHA;delete;2026-09-18T08:49:53+00:00;20260918084953-9c779a
LOQUA;delete;2026-09-18T08:49:54+00:00;20260918084954-9f24ee
LORCA;delete;2026-09-18T08:49:54+00:00;20260918084954-3eea9a
LOREE;delete;2026-09-18T08:49:55+00:00;20260918084955-a6b99c
LORES;delete;2026-09-18T08:49:58+00:00;20260918084958-9b9638
LOTDE;delete;2026-09-18T08:49:59+00:00;20260918084959-9836eb
LOTES;delete;2026-09-18T08:49:59+00:00;20260918084959-1b1c68
LOTIT;keep;2026-09-18T08:50:02+00:00;20260918085002-d3d369
LOUAS;keep;2026-09-18T08:50:03+00:00;20260918085003-d9b266
LOUAT;keep;2026-09-18T08:50:04+00:00;20260918085004-401046
LOURA;keep;2026-09-18T08:50:06+00:00;20260918085006-ba7265
LOURA;undo;2026-09-18T08:50:07+00:00;20260918085006-ba7265
LOURA;delete;2026-09-18T08:50:08+00:00;20260918085008-8459ac
LOUVA;delete;2026-09-18T08:50:09+00:00;20260918085009-6c8254
LOVAI;keep;2026-09-18T08:50:13+00:00;20260918085013-4d390c
LOVAS;keep;2026-09-18T08:50:13+00:00;20260918085013-ff7b6b
LOVAT;keep;2026-09-18T08:50:14+00:00;20260918085014-663fdd
LOVEZ;keep;2026-09-18T08:50:14+00:00;20260918085014-ee23a3
LUCHA;delete;2026-09-18T08:50:19+00:00;20260918085019-0c2fa2
LUCHE;delete;2026-09-18T08:50:19+00:00;20260918085019-0c2fa2
LUCHAI;delete;2026-09-18T08:50:19+00:00;20260918085019-0c2fa2
LUCHAS;delete;2026-09-18T08:50:19+00:00;20260918085019-0c2fa2
LUCHAT;delete;2026-09-18T08:50:19+00:00;20260918085019-0c2fa2
LUCHEE;delete;2026-09-18T08:50:19+00:00;20260918085019-0c2fa2
LUCHES;delete;2026-09-18T08:50:19+00:00;20260918085019-0c2fa2
LUCHEZ;delete;2026-09-18T08:50:19+00:00;20260918085019-0c2fa2
LUCHER;delete;2026-09-18T08:50:19+00:00;20260918085019-0c2fa2
LUCHAIS;delete;2026-09-18T08:50:19+00:00;20260918085019-0c2fa2
LUCHAIT;delete;2026-09-18T08:50:19+00:00;20260918085019-0c2fa2
LUCHANT;delete;2026-09-18T08:50:19+00:00;20260918085019-0c2fa2
LUCHEES;delete;2026-09-18T08:50:19+00:00;20260918085019-0c2fa2
LUCHENT;delete;2026-09-18T08:50:19+00:00;20260918085019-0c2fa2
LUCHERA;delete;2026-09-18T08:50:19+00:00;20260918085019-0c2fa2
LUCHIEZ;delete;2026-09-18T08:50:19+00:00;20260918085019-0c2fa2
LUCHONS;delete;2026-09-18T08:50:19+00:00;20260918085019-0c2fa2
LUCHAMES;delete;2026-09-18T08:50:19+00:00;20260918085019-0c2fa2
LUCHASSE;delete;2026-09-18T08:50:19+00:00;20260918085019-0c2fa2
LUCHATES;delete;2026-09-18T08:50:19+00:00;20260918085019-0c2fa2
LUCHERAI;delete;2026-09-18T08:50:19+00:00;20260918085019-0c2fa2
LUCHERAS;delete;2026-09-18T08:50:19+00:00;20260918085019-0c2fa2
LUCHEREZ;delete;2026-09-18T08:50:19+00:00;20260918085019-0c2fa2
LUCHIONS;delete;2026-09-18T08:50:19+00:00;20260918085019-0c2fa2
LUCHAIENT;delete;2026-09-18T08:50:19+00:00;20260918085019-0c2fa2
LUCHASSES;delete;2026-09-18T08:50:19+00:00;20260918085019-0c2fa2
LUCHERAIS;delete;2026-09-18T08:50:19+00:00;20260918085019-0c2fa2
LUCHERAIT;delete;2026-09-18T08:50:19+00:00;20260918085019-0c2fa2
LUCHERENT;delete;2026-09-18T08:50:19+00:00;20260918085019-0c2fa2
LUCHERIEZ;delete;2026-09-18T08:50:19+00:00;20260918085019-0c2fa2
LUCHERONS;delete;2026-09-18T08:50:19+00:00;20260918085019-0c2fa2
LUCHERONT;delete;2026-09-18T08:50:19+00:00;20260918085019-0c2fa2
LUCHASSENT;delete;2026-09-18T08:50:19+00:00;20260918085019-0c2fa2
LUCHASSIEZ;delete;2026-09-18T08:50:19+00:00;20260918085019-0c2fa2
LUCHERIONS;delete;2026-09-18T08:50:19+00:00;20260918085019-0c2fa2
LUCHASSIONS;delete;2026-09-18T08:50:19+00:00;20260918085019-0c2fa2
LUCHERAIENT;delete;2026-09-18T08:50:19+00:00;20260918085019-0c2fa2
LUGEA;delete;2026-09-18T08:50:21+00:00;20260918085021-1f8724
LUGEA;undo;2026-09-18T08:50:23+00:00;20260918085021-1f8724
LUGEA;keep;2026-09-18T08:50:23+00:00;20260918085023-b5b0ec
LUGEE;keep;2026-09-18T08:50:23+00:00;20260918085023-873231
LUGEZ;keep;2026-09-18T08:50:24+00:00;20260918085024-281857
LUNAI;keep;2026-09-18T08:50:25+00:00;20260918085025-1b7bce
LUNAI;undo;2026-09-18T08:50:28+00:00;20260918085025-1b7bce
LUNAI;delete;2026-09-18T08:50:29+00:00;20260918085029-06b338
LUNAS;delete;2026-09-18T08:50:30+00:00;20260918085030-918e03
LUNAT;delete;2026-09-18T08:50:31+00:00;20260918085031-ec0d1d
LUNEZ;delete;2026-09-18T08:50:32+00:00;20260918085032-29fd18
LUSSE;delete;2026-09-18T08:50:36+00:00;20260918085036-413ec0
LUTAI;keep;2026-09-18T08:50:37+00:00;20260918085037-1ddee0
LUTAS;keep;2026-09-18T08:50:38+00:00;20260918085038-3b56d5
LUTAT;keep;2026-09-18T08:50:38+00:00;20260918085038-bbb023
LUTEE;keep;2026-09-18T08:50:39+00:00;20260918085039-32d448
LUTES;keep;2026-09-18T08:50:41+00:00;20260918085041-42c0d4
LUTEZ;keep;2026-09-18T08:50:42+00:00;20260918085042-eec5cb
LOFEE;delete;2026-09-18T08:50:43+00:00;20260918085043-5449c8
LUTHE;delete;2026-09-18T08:50:45+00:00;20260918085045-3de2de
LUXAI;keep;2026-09-18T08:50:48+00:00;20260918085048-d18b3b
LUXAS;keep;2026-09-18T08:50:49+00:00;20260918085049-f34d49
LUXAT;keep;2026-09-18T08:50:49+00:00;20260918085049-d38621
LUXEE;keep;2026-09-18T08:50:53+00:00;20260918085053-433472
LUXEZ;keep;2026-09-18T08:50:53+00:00;20260918085053-cf6685
LYCUS;delete;2026-09-18T08:50:54+00:00;20260918085054-5bc0f7
LYDES;delete;2026-09-18T08:50:54+00:00;20260918085054-16cc43
LYGUS;delete;2026-09-18T08:50:55+00:00;20260918085055-6192cc
LYOCS;delete;2026-09-18T08:50:55+00:00;20260918085055-759430
LYRAI;delete;2026-09-18T08:50:56+00:00;20260918085056-47d221
LYRAS;delete;2026-09-18T08:50:57+00:00;20260918085057-e1ab71
LYRA;delete;2026-09-18T08:51:01+00:00;20260918085101-5b4914
LYRAT;delete;2026-09-18T08:51:01+00:00;20260918085101-5b4914
LYREZ;delete;2026-09-18T08:51:01+00:00;20260918085101-5b4914
LYRER;delete;2026-09-18T08:51:01+00:00;20260918085101-5b4914
LYRAIS;delete;2026-09-18T08:51:01+00:00;20260918085101-5b4914
LYRAIT;delete;2026-09-18T08:51:01+00:00;20260918085101-5b4914
LYRANT;delete;2026-09-18T08:51:01+00:00;20260918085101-5b4914
LYRENT;delete;2026-09-18T08:51:01+00:00;20260918085101-5b4914
LYRERA;delete;2026-09-18T08:51:01+00:00;20260918085101-5b4914
LYRIEZ;delete;2026-09-18T08:51:01+00:00;20260918085101-5b4914
LYRONS;delete;2026-09-18T08:51:01+00:00;20260918085101-5b4914
LYRAMES;delete;2026-09-18T08:51:01+00:00;20260918085101-5b4914
LYRASSE;delete;2026-09-18T08:51:01+00:00;20260918085101-5b4914
LYRATES;delete;2026-09-18T08:51:01+00:00;20260918085101-5b4914
LYRERAI;delete;2026-09-18T08:51:01+00:00;20260918085101-5b4914
LYRERAS;delete;2026-09-18T08:51:01+00:00;20260918085101-5b4914
LYREREZ;delete;2026-09-18T08:51:01+00:00;20260918085101-5b4914
LYRIONS;delete;2026-09-18T08:51:01+00:00;20260918085101-5b4914
LYRAIENT;delete;2026-09-18T08:51:01+00:00;20260918085101-5b4914
LYRASSES;delete;2026-09-18T08:51:01+00:00;20260918085101-5b4914
LYRERAIS;delete;2026-09-18T08:51:01+00:00;20260918085101-5b4914
LYRERAIT;delete;2026-09-18T08:51:01+00:00;20260918085101-5b4914
LYRERENT;delete;2026-09-18T08:51:01+00:00;20260918085101-5b4914
LYRERIEZ;delete;2026-09-18T08:51:01+00:00;20260918085101-5b4914
LYRERONS;delete;2026-09-18T08:51:01+00:00;20260918085101-5b4914
LYRERONT;delete;2026-09-18T08:51:01+00:00;20260918085101-5b4914
LYRASSENT;delete;2026-09-18T08:51:01+00:00;20260918085101-5b4914
LYRASSIEZ;delete;2026-09-18T08:51:01+00:00;20260918085101-5b4914
LYRERIONS;delete;2026-09-18T08:51:01+00:00;20260918085101-5b4914
LYRASSIONS;delete;2026-09-18T08:51:01+00:00;20260918085101-5b4914
LYRERAIENT;delete;2026-09-18T08:51:01+00:00;20260918085101-5b4914
LYREE;delete;2026-09-18T08:51:02+00:00;20260918085102-7b0db1
LYSAI;delete;2026-09-18T08:51:04+00:00;20260918085104-27eabf
LYSAS;delete;2026-09-18T08:51:04+00:00;20260918085104-ff45b1
LYSEE;delete;2026-09-18T08:51:05+00:00;20260918085105-e2928c
LYSES;delete;2026-09-18T08:51:06+00:00;20260918085106-34f4de
LYSEZ;delete;2026-09-18T08:51:06+00:00;20260918085106-94537e
MACHS;delete;2026-09-18T08:51:07+00:00;20260918085107-926ecc
MACLA;delete;2026-09-18T08:51:08+00:00;20260918085108-c1625a
MAEDI;delete;2026-09-18T08:51:09+00:00;20260918085109-471f5b
MAIAS;delete;2026-09-18T08:51:12+00:00;20260918085112-cf692a
MAILA;delete;2026-09-18T08:51:14+00:00;20260918085114-81e5c5
MAJAS;delete;2026-09-18T08:51:16+00:00;20260918085116-96b67f
MAJES;delete;2026-09-18T08:51:16+00:00;20260918085116-807625
MAKOS;delete;2026-09-18T08:51:17+00:00;20260918085117-52c9a7
MALEO;delete;2026-09-18T08:51:17+00:00;20260918085117-7ec365
MALIS;delete;2026-09-18T08:51:18+00:00;20260918085118-978c44
MALTS;delete;2026-09-18T08:51:19+00:00;20260918085119-7cef0e
MALTS;undo;2026-09-18T08:51:20+00:00;20260918085119-7cef0e
MALTS;keep;2026-09-18T08:51:21+00:00;20260918085121-84456c
MALVU;delete;2026-09-18T08:51:22+00:00;20260918085122-aad36a
MANAS;delete;2026-09-18T08:51:25+00:00;20260918085125-3b3afa
MANDI;delete;2026-09-18T08:51:26+00:00;20260918085126-ef862d
MANIL;delete;2026-09-18T08:51:27+00:00;20260918085127-00d371
MANNO;delete;2026-09-18T08:51:27+00:00;20260918085127-828202
MAQUA;delete;2026-09-18T08:51:33+00:00;20260918085133-b880c0
MAQUE;delete;2026-09-18T08:51:33+00:00;20260918085133-b880c0
MAQUAI;delete;2026-09-18T08:51:33+00:00;20260918085133-b880c0
MAQUAS;delete;2026-09-18T08:51:33+00:00;20260918085133-b880c0
MAQUAT;delete;2026-09-18T08:51:33+00:00;20260918085133-b880c0
MAQUEZ;delete;2026-09-18T08:51:33+00:00;20260918085133-b880c0
MAQUEE;delete;2026-09-18T08:51:33+00:00;20260918085133-b880c0
MAQUER;delete;2026-09-18T08:51:33+00:00;20260918085133-b880c0
MAQUAIS;delete;2026-09-18T08:51:33+00:00;20260918085133-b880c0
MAQUAIT;delete;2026-09-18T08:51:33+00:00;20260918085133-b880c0
MAQUANT;delete;2026-09-18T08:51:33+00:00;20260918085133-b880c0
MAQUEES;delete;2026-09-18T08:51:33+00:00;20260918085133-b880c0
MAQUERA;delete;2026-09-18T08:51:33+00:00;20260918085133-b880c0
MAQUIEZ;delete;2026-09-18T08:51:33+00:00;20260918085133-b880c0
MAQUONS;delete;2026-09-18T08:51:33+00:00;20260918085133-b880c0
MAQUENT;delete;2026-09-18T08:51:33+00:00;20260918085133-b880c0
MAQUAMES;delete;2026-09-18T08:51:33+00:00;20260918085133-b880c0
MAQUASSE;delete;2026-09-18T08:51:33+00:00;20260918085133-b880c0
MAQUATES;delete;2026-09-18T08:51:33+00:00;20260918085133-b880c0
MAQUERAI;delete;2026-09-18T08:51:33+00:00;20260918085133-b880c0
MAQUERAS;delete;2026-09-18T08:51:33+00:00;20260918085133-b880c0
MAQUEREZ;delete;2026-09-18T08:51:33+00:00;20260918085133-b880c0
MAQUIONS;delete;2026-09-18T08:51:33+00:00;20260918085133-b880c0
MAQUASSES;delete;2026-09-18T08:51:33+00:00;20260918085133-b880c0
MAQUERAIS;delete;2026-09-18T08:51:33+00:00;20260918085133-b880c0
MAQUERAIT;delete;2026-09-18T08:51:33+00:00;20260918085133-b880c0
MAQUERENT;delete;2026-09-18T08:51:33+00:00;20260918085133-b880c0
MAQUERIEZ;delete;2026-09-18T08:51:33+00:00;20260918085133-b880c0
MAQUERONS;delete;2026-09-18T08:51:33+00:00;20260918085133-b880c0
MAQUERONT;delete;2026-09-18T08:51:33+00:00;20260918085133-b880c0
MAQUAIENT;delete;2026-09-18T08:51:33+00:00;20260918085133-b880c0
MAQUASSENT;delete;2026-09-18T08:51:33+00:00;20260918085133-b880c0
MAQUASSIEZ;delete;2026-09-18T08:51:33+00:00;20260918085133-b880c0
MAQUERIONS;delete;2026-09-18T08:51:33+00:00;20260918085133-b880c0
MAQUASSIONS;delete;2026-09-18T08:51:33+00:00;20260918085133-b880c0
MAQUERAIENT;delete;2026-09-18T08:51:33+00:00;20260918085133-b880c0
MAQUI;delete;2026-09-18T08:51:37+00:00;20260918085137-f60f3d
MARAS;delete;2026-09-18T08:51:40+00:00;20260918085140-29a738
MARAT;delete;2026-09-18T08:51:40+00:00;20260918085140-141fe3
MASDE;delete;2026-09-18T08:51:41+00:00;20260918085141-b63b65
MATAI;keep;2026-09-18T08:51:42+00:00;20260918085142-4554f0
MATAS;keep;2026-09-18T08:51:43+00:00;20260918085143-69b967
MATAT;keep;2026-09-18T08:51:43+00:00;20260918085143-384395
MATIE;keep;2026-09-18T08:51:44+00:00;20260918085144-97ea45
MATIE;undo;2026-09-18T08:51:45+00:00;20260918085144-97ea45
MATIE;delete;2026-09-18T08:51:48+00:00;20260918085148-bc9e3a
MATIF;delete;2026-09-18T08:51:50+00:00;20260918085150-dc8893
MATIT;delete;2026-09-18T08:51:51+00:00;20260918085151-a89f0d
MATTA;delete;2026-09-18T08:51:55+00:00;20260918085155-d89b96
MATTAI;delete;2026-09-18T08:51:55+00:00;20260918085155-d89b96
MATTAS;delete;2026-09-18T08:51:55+00:00;20260918085155-d89b96
MATTAT;delete;2026-09-18T08:51:55+00:00;20260918085155-d89b96
MATTEE;delete;2026-09-18T08:51:55+00:00;20260918085155-d89b96
MATTEZ;delete;2026-09-18T08:51:55+00:00;20260918085155-d89b96
MATTER;delete;2026-09-18T08:51:55+00:00;20260918085155-d89b96
MATTAIS;delete;2026-09-18T08:51:55+00:00;20260918085155-d89b96
MATTAIT;delete;2026-09-18T08:51:55+00:00;20260918085155-d89b96
MATTANT;delete;2026-09-18T08:51:55+00:00;20260918085155-d89b96
MATTEES;delete;2026-09-18T08:51:55+00:00;20260918085155-d89b96
MATTENT;delete;2026-09-18T08:51:55+00:00;20260918085155-d89b96
MATTERA;delete;2026-09-18T08:51:55+00:00;20260918085155-d89b96
MATTIEZ;delete;2026-09-18T08:51:55+00:00;20260918085155-d89b96
MATTAMES;delete;2026-09-18T08:51:55+00:00;20260918085155-d89b96
MATTASSE;delete;2026-09-18T08:51:55+00:00;20260918085155-d89b96
MATTATES;delete;2026-09-18T08:51:55+00:00;20260918085155-d89b96
MATTERAI;delete;2026-09-18T08:51:55+00:00;20260918085155-d89b96
MATTERAS;delete;2026-09-18T08:51:55+00:00;20260918085155-d89b96
MATTEREZ;delete;2026-09-18T08:51:55+00:00;20260918085155-d89b96
MATTIONS;delete;2026-09-18T08:51:55+00:00;20260918085155-d89b96
MATTAIENT;delete;2026-09-18T08:51:55+00:00;20260918085155-d89b96
MATTASSES;delete;2026-09-18T08:51:55+00:00;20260918085155-d89b96
MATTERAIS;delete;2026-09-18T08:51:55+00:00;20260918085155-d89b96
MATTERAIT;delete;2026-09-18T08:51:55+00:00;20260918085155-d89b96
MATTERENT;delete;2026-09-18T08:51:55+00:00;20260918085155-d89b96
MATTERIEZ;delete;2026-09-18T08:51:55+00:00;20260918085155-d89b96
MATTERONS;delete;2026-09-18T08:51:55+00:00;20260918085155-d89b96
MATTERONT;delete;2026-09-18T08:51:55+00:00;20260918085155-d89b96
MATTASSENT;delete;2026-09-18T08:51:55+00:00;20260918085155-d89b96
MATTASSIEZ;delete;2026-09-18T08:51:55+00:00;20260918085155-d89b96
MATTERIONS;delete;2026-09-18T08:51:55+00:00;20260918085155-d89b96
MATTASSIONS;delete;2026-09-18T08:51:55+00:00;20260918085155-d89b96
MATTERAIENT;delete;2026-09-18T08:51:55+00:00;20260918085155-d89b96
MAULS;delete;2026-09-18T08:51:58+00:00;20260918085158-c8b85a
MAXDE;delete;2026-09-18T08:51:59+00:00;20260918085159-b03380
MAYES;delete;2026-09-18T08:52:01+00:00;20260918085201-b1ded6
MAZAI;delete;2026-09-18T08:52:02+00:00;20260918085202-be3522
MAZAT;delete;2026-09-18T08:52:03+00:00;20260918085203-41da2b
MAZEE;delete;2026-09-18T08:52:03+00:00;20260918085203-9834d2
MAZES;delete;2026-09-18T08:52:04+00:00;20260918085204-6f7c6f
MAZEZ;delete;2026-09-18T08:52:05+00:00;20260918085205-e82250
MEATS;delete;2026-09-18T08:52:05+00:00;20260918085205-41d817
MEDES;delete;2026-09-18T08:52:06+00:00;20260918085206-4c5282
MEDON;delete;2026-09-18T08:52:07+00:00;20260918085207-dbd7cc
MEFIA;delete;2026-09-18T08:52:10+00:00;20260918085210-e2b93f
MEFIA;undo;2026-09-18T08:52:11+00:00;20260918085210-e2b93f
MEFIA;keep;2026-09-18T08:52:12+00:00;20260918085212-d2bc85
MEGIT;delete;2026-09-18T08:52:13+00:00;20260918085213-9e445d
MENAS;keep;2026-09-18T08:52:14+00:00;20260918085214-bea242
MERLS;delete;2026-09-18T08:52:15+00:00;20260918085215-e62522
MEROT;delete;2026-09-18T08:52:16+00:00;20260918085216-0b3876
MESAS;delete;2026-09-18T08:52:17+00:00;20260918085217-28d41b
MESOS;delete;2026-09-18T08:52:18+00:00;20260918085218-324dc5
METAS;keep;2026-09-18T08:52:20+00:00;20260918085220-a66851
MEULA;keep;2026-09-18T08:52:23+00:00;20260918085223-a6047f
MEUMS;delete;2026-09-18T08:52:24+00:00;20260918085224-fc641e
MEUVE;delete;2026-09-18T08:52:25+00:00;20260918085225-51d560
MIGRA;keep;2026-09-18T08:52:26+00:00;20260918085226-8a2891
MIMAT;keep;2026-09-18T08:52:27+00:00;20260918085227-785d0b
MIMEZ;keep;2026-09-18T08:52:28+00:00;20260918085228-853124
MIMIE;delete;2026-09-18T08:52:30+00:00;20260918085230-530cda
MINAI;keep;2026-09-18T08:52:31+00:00;20260918085231-988f7f
MINAT;keep;2026-09-18T08:52:32+00:00;20260918085232-b613ca
MINCA;delete;2026-09-18T08:52:35+00:00;20260918085235-c0596b
MINEZ;keep;2026-09-18T08:52:36+00:00;20260918085236-e1d04b
MINKS;delete;2026-09-18T08:52:37+00:00;20260918085237-9e43f4
MINOS;delete;2026-09-18T08:52:38+00:00;20260918085238-2090da
MIRAI;delete;2026-09-18T08:52:41+00:00;20260918085241-a328c1
MIRAS;delete;2026-09-18T08:52:41+00:00;20260918085241-b68929
MIRAT;delete;2026-09-18T08:52:42+00:00;20260918085242-2eed36
MIRIS;delete;2026-09-18T08:52:42+00:00;20260918085242-9a09df
MISAS;delete;2026-09-18T08:52:43+00:00;20260918085243-97954a
MISEE;delete;2026-09-18T08:52:43+00:00;20260918085243-f17cdd
MITAI;delete;2026-09-18T08:52:44+00:00;20260918085244-f306a6
MITAS;delete;2026-09-18T08:52:44+00:00;20260918085244-024989
MITAT;delete;2026-09-18T08:52:45+00:00;20260918085245-c1a4cd
MITEZ;keep;2026-09-18T08:52:52+00:00;20260918085252-7f9940
MIXAI;keep;2026-09-18T08:52:53+00:00;20260918085253-f93aee
MIXAS;keep;2026-09-18T08:52:54+00:00;20260918085254-29f750
MIXAT;keep;2026-09-18T08:52:54+00:00;20260918085254-e0cbee
MIXEZ;keep;2026-09-18T08:52:55+00:00;20260918085255-f42257
MIXTA;keep;2026-09-18T08:52:55+00:00;20260918085255-112b6c
MIXTA;undo;2026-09-18T08:52:56+00:00;20260918085255-112b6c
MIXTA;keep;2026-09-18T08:52:59+00:00;20260918085259-7e3457
MOCOS;delete;2026-09-18T08:53:01+00:00;20260918085301-78200f
MOCOS;undo;2026-09-18T08:53:02+00:00;20260918085301-78200f
MIXTA;undo;2026-09-18T08:53:03+00:00;20260918085259-7e3457
MIXTA;delete;2026-09-18T08:53:03+00:00;20260918085303-3ed814
MOCOS;delete;2026-09-18T08:53:03+00:00;20260918085303-d82688
MOFLA;delete;2026-09-18T08:53:04+00:00;20260918085304-36c3a1
MOFLE;delete;2026-09-18T08:53:05+00:00;20260918085305-60f7c5
MOIES;delete;2026-09-18T08:53:05+00:00;20260918085305-dcce23
MOIRA;delete;2026-09-18T08:53:06+00:00;20260918085306-f8dc22
MOISA;delete;2026-09-18T08:53:07+00:00;20260918085307-a9c0ee
MOLLY;delete;2026-09-18T08:53:07+00:00;20260918085307-209341
MOLYS;delete;2026-09-18T08:53:08+00:00;20260918085308-343aaf
MONES;delete;2026-09-18T08:53:08+00:00;20260918085308-002d82
MONOS;delete;2026-09-18T08:53:09+00:00;20260918085309-08267e
MONOX;delete;2026-09-18T08:53:09+00:00;20260918085309-a01042
MORBS;delete;2026-09-18T08:53:10+00:00;20260918085310-63a0d8
MOROS;delete;2026-09-18T08:53:10+00:00;20260918085310-e6e0f5
MOTTA;delete;2026-09-18T08:53:11+00:00;20260918085311-238f19
MOUVA;delete;2026-09-18T08:53:14+00:00;20260918085314-fa7606
MOUVE;delete;2026-09-18T08:53:16+00:00;20260918085316-1f8ca0
MOXAS;delete;2026-09-18T08:53:18+00:00;20260918085318-fbf832
MOYAI;delete;2026-09-18T08:53:19+00:00;20260918085319-35ea94
MOYAS;delete;2026-09-18T08:53:20+00:00;20260918085320-b4e946
MOYAT;delete;2026-09-18T08:53:21+00:00;20260918085321-6abc08
MOYEE;delete;2026-09-18T08:53:21+00:00;20260918085321-3f7a88
MOIE;delete;2026-09-18T08:53:24+00:00;20260918085324-1bc7aa
MOYE;delete;2026-09-18T08:53:24+00:00;20260918085324-1bc7aa
MOYES;delete;2026-09-18T08:53:24+00:00;20260918085324-1bc7aa
MOYEZ;delete;2026-09-18T08:53:24+00:00;20260918085324-1bc7aa
MOYER;delete;2026-09-18T08:53:24+00:00;20260918085324-1bc7aa
MOIENT;delete;2026-09-18T08:53:24+00:00;20260918085324-1bc7aa
MOIERA;delete;2026-09-18T08:53:24+00:00;20260918085324-1bc7aa
MOYAIS;delete;2026-09-18T08:53:24+00:00;20260918085324-1bc7aa
MOYAIT;delete;2026-09-18T08:53:24+00:00;20260918085324-1bc7aa
MOYANT;delete;2026-09-18T08:53:24+00:00;20260918085324-1bc7aa
MOYEES;delete;2026-09-18T08:53:24+00:00;20260918085324-1bc7aa
MOYIEZ;delete;2026-09-18T08:53:24+00:00;20260918085324-1bc7aa
MOYONS;delete;2026-09-18T08:53:24+00:00;20260918085324-1bc7aa
MOIERAI;delete;2026-09-18T08:53:24+00:00;20260918085324-1bc7aa
MOIERAS;delete;2026-09-18T08:53:24+00:00;20260918085324-1bc7aa
MOIEREZ;delete;2026-09-18T08:53:24+00:00;20260918085324-1bc7aa
MOYAMES;delete;2026-09-18T08:53:24+00:00;20260918085324-1bc7aa
MOYASSE;delete;2026-09-18T08:53:24+00:00;20260918085324-1bc7aa
MOYATES;delete;2026-09-18T08:53:24+00:00;20260918085324-1bc7aa
MOYIONS;delete;2026-09-18T08:53:24+00:00;20260918085324-1bc7aa
MOIERAIS;delete;2026-09-18T08:53:24+00:00;20260918085324-1bc7aa
MOIERAIT;delete;2026-09-18T08:53:24+00:00;20260918085324-1bc7aa
MOIERIEZ;delete;2026-09-18T08:53:24+00:00;20260918085324-1bc7aa
MOIERONS;delete;2026-09-18T08:53:24+00:00;20260918085324-1bc7aa
MOIERONT;delete;2026-09-18T08:53:24+00:00;20260918085324-1bc7aa
MOYAIENT;delete;2026-09-18T08:53:24+00:00;20260918085324-1bc7aa
MOYASSES;delete;2026-09-18T08:53:24+00:00;20260918085324-1bc7aa
MOYERENT;delete;2026-09-18T08:53:24+00:00;20260918085324-1bc7aa
MOIERIONS;delete;2026-09-18T08:53:24+00:00;20260918085324-1bc7aa
MOYASSENT;delete;2026-09-18T08:53:24+00:00;20260918085324-1bc7aa
MOYASSIEZ;delete;2026-09-18T08:53:24+00:00;20260918085324-1bc7aa
MOIERAIENT;delete;2026-09-18T08:53:24+00:00;20260918085324-1bc7aa
MOYASSIONS;delete;2026-09-18T08:53:24+00:00;20260918085324-1bc7aa
MRNAS;delete;2026-09-18T08:53:25+00:00;20260918085325-8fd76b
MUAIS;keep;2026-09-18T08:53:26+00:00;20260918085326-f663d2
MUCHA;delete;2026-09-18T08:53:31+00:00;20260918085331-70e799
MUCHE;delete;2026-09-18T08:53:31+00:00;20260918085331-70e799
MUCHAI;delete;2026-09-18T08:53:31+00:00;20260918085331-70e799
MUCHAT;delete;2026-09-18T08:53:31+00:00;20260918085331-70e799
MUCHEE;delete;2026-09-18T08:53:31+00:00;20260918085331-70e799
MUCHES;delete;2026-09-18T08:53:31+00:00;20260918085331-70e799
MUCHEZ;delete;2026-09-18T08:53:31+00:00;20260918085331-70e799
MUCHER;delete;2026-09-18T08:53:31+00:00;20260918085331-70e799
MUCHAS;delete;2026-09-18T08:53:31+00:00;20260918085331-70e799
MUCHAIS;delete;2026-09-18T08:53:31+00:00;20260918085331-70e799
MUCHAIT;delete;2026-09-18T08:53:31+00:00;20260918085331-70e799
MUCHANT;delete;2026-09-18T08:53:31+00:00;20260918085331-70e799
MUCHEES;delete;2026-09-18T08:53:31+00:00;20260918085331-70e799
MUCHENT;delete;2026-09-18T08:53:31+00:00;20260918085331-70e799
MUCHERA;delete;2026-09-18T08:53:31+00:00;20260918085331-70e799
MUCHIEZ;delete;2026-09-18T08:53:31+00:00;20260918085331-70e799
MUCHONS;delete;2026-09-18T08:53:31+00:00;20260918085331-70e799
MUCHAMES;delete;2026-09-18T08:53:31+00:00;20260918085331-70e799
MUCHASSE;delete;2026-09-18T08:53:31+00:00;20260918085331-70e799
MUCHATES;delete;2026-09-18T08:53:31+00:00;20260918085331-70e799
MUCHERAI;delete;2026-09-18T08:53:31+00:00;20260918085331-70e799
MUCHERAS;delete;2026-09-18T08:53:31+00:00;20260918085331-70e799
MUCHEREZ;delete;2026-09-18T08:53:31+00:00;20260918085331-70e799
MUCHIONS;delete;2026-09-18T08:53:31+00:00;20260918085331-70e799
MUCHAIENT;delete;2026-09-18T08:53:31+00:00;20260918085331-70e799
MUCHASSES;delete;2026-09-18T08:53:31+00:00;20260918085331-70e799
MUCHERAIS;delete;2026-09-18T08:53:31+00:00;20260918085331-70e799
MUCHERAIT;delete;2026-09-18T08:53:31+00:00;20260918085331-70e799
MUCHERENT;delete;2026-09-18T08:53:31+00:00;20260918085331-70e799
MUCHERIEZ;delete;2026-09-18T08:53:31+00:00;20260918085331-70e799
MUCHERONS;delete;2026-09-18T08:53:31+00:00;20260918085331-70e799
MUCHERONT;delete;2026-09-18T08:53:31+00:00;20260918085331-70e799
MUCHASSENT;delete;2026-09-18T08:53:31+00:00;20260918085331-70e799
MUCHASSIEZ;delete;2026-09-18T08:53:31+00:00;20260918085331-70e799
MUCHERIONS;delete;2026-09-18T08:53:31+00:00;20260918085331-70e799
MUCHASSIONS;delete;2026-09-18T08:53:31+00:00;20260918085331-70e799
MUCHERAIENT;delete;2026-09-18T08:53:31+00:00;20260918085331-70e799
MUGIE;keep;2026-09-18T08:53:40+00:00;20260918085340-9bd2db
MUIEZ;keep;2026-09-18T08:53:43+00:00;20260918085343-29e43a
MUMES;keep;2026-09-18T08:53:44+00:00;20260918085344-567a07
MUONS;keep;2026-09-18T08:53:45+00:00;20260918085345-9899f4
MURAI;keep;2026-09-18T08:53:48+00:00;20260918085348-cc7f37
MURAS;keep;2026-09-18T08:53:48+00:00;20260918085348-e6a487
MURAT;keep;2026-09-18T08:53:50+00:00;20260918085350-acb20f
MUSAI;keep;2026-09-18T08:53:51+00:00;20260918085351-dd00ee
MUSAS;keep;2026-09-18T08:53:52+00:00;20260918085352-040476
MUSAT;keep;2026-09-18T08:53:52+00:00;20260918085352-e9e7b7
MUSCS;keep;2026-09-18T08:53:54+00:00;20260918085354-5a2e54
MUSEZ;keep;2026-09-18T08:53:57+00:00;20260918085357-bb8c58
MUSSA;delete;2026-09-18T08:54:00+00:00;20260918085400-8cbf8b
MUSTS;delete;2026-09-18T08:54:00+00:00;20260918085400-2d30e4
MUTAI;keep;2026-09-18T08:54:02+00:00;20260918085402-98bf95
MUTAS;keep;2026-09-18T08:54:02+00:00;20260918085402-55935c
MUTEZ;keep;2026-09-18T08:54:03+00:00;20260918085403-52a16a
MUTON;delete;2026-09-18T08:54:03+00:00;20260918085403-d4d33a
MWATT;delete;2026-09-18T08:54:04+00:00;20260918085404-dd5028
MYDAS;delete;2026-09-18T08:54:05+00:00;20260918085405-093b0b
MYELO;delete;2026-09-18T08:54:06+00:00;20260918085406-fa1502
MYMAR;delete;2026-09-18T08:54:07+00:00;20260918085407-947046
MYRES;delete;2026-09-18T08:54:08+00:00;20260918085408-46c7b5
MYSIS;delete;2026-09-18T08:54:08+00:00;20260918085408-a84c9e
MYZUS;delete;2026-09-18T08:54:08+00:00;20260918085408-d65d99
NABIS;delete;2026-09-18T08:54:09+00:00;20260918085409-5e607e
NADAL;delete;2026-09-18T08:54:10+00:00;20260918085410-746e9f
NADAL;undo;2026-09-18T08:54:11+00:00;20260918085410-746e9f
NADAL;keep;2026-09-18T08:54:12+00:00;20260918085412-d6500a
NADIS;delete;2026-09-18T08:54:13+00:00;20260918085413-292560
NAEVI;delete;2026-09-18T08:54:13+00:00;20260918085413-e86aff
NAEVO;delete;2026-09-18T08:54:14+00:00;20260918085414-6084ce
NAFES;delete;2026-09-18T08:54:15+00:00;20260918085415-a3caad
NAGAS;delete;2026-09-18T08:54:17+00:00;20260918085417-65f0ce
NAGUI;keep;2026-09-18T08:54:18+00:00;20260918085418-d6c81c
NAHUA;delete;2026-09-18T08:54:19+00:00;20260918085419-4d3693
NAOPE;delete;2026-09-18T08:54:20+00:00;20260918085420-241f14
NARCY;delete;2026-09-18T08:54:21+00:00;20260918085421-9fc939
NAVES;delete;2026-09-18T08:54:21+00:00;20260918085421-c5ec0a
NECKS;delete;2026-09-18T08:54:22+00:00;20260918085422-98a93c
NEDJI;delete;2026-09-18T08:54:23+00:00;20260918085423-5c08a2
NEROL;delete;2026-09-18T08:54:23+00:00;20260918085423-dc17b5
NETDU;delete;2026-09-18T08:54:24+00:00;20260918085424-4aa1f6
NEURO;delete;2026-09-18T08:54:25+00:00;20260918085425-075a47
NIDAI;delete;2026-09-18T08:54:26+00:00;20260918085426-932437
NIDAI;undo;2026-09-18T08:54:26+00:00;20260918085426-932437
NIDAI;keep;2026-09-18T08:54:50+00:00;20260918085450-9f1117
NIDAS;keep;2026-09-18T08:54:51+00:00;20260918085451-341b0b
NIDAT;keep;2026-09-18T08:54:52+00:00;20260918085452-ee172a
NIDDE;delete;2026-09-18T08:54:53+00:00;20260918085453-5d1f33
NIDEE;delete;2026-09-18T08:57:06+00:00;20260918085706-8797bc
NIDA;delete;2026-09-18T08:57:12+00:00;20260918085712-1062cf
NIDE;delete;2026-09-18T08:57:12+00:00;20260918085712-1062cf
NIDES;delete;2026-09-18T08:57:12+00:00;20260918085712-1062cf
NIDEZ;delete;2026-09-18T08:57:12+00:00;20260918085712-1062cf
NIDER;delete;2026-09-18T08:57:12+00:00;20260918085712-1062cf
NIDAIS;delete;2026-09-18T08:57:12+00:00;20260918085712-1062cf
NIDAIT;delete;2026-09-18T08:57:12+00:00;20260918085712-1062cf
NIDANT;delete;2026-09-18T08:57:12+00:00;20260918085712-1062cf
NIDEES;delete;2026-09-18T08:57:12+00:00;20260918085712-1062cf
NIDENT;delete;2026-09-18T08:57:12+00:00;20260918085712-1062cf
NIDERA;delete;2026-09-18T08:57:12+00:00;20260918085712-1062cf
NIDIEZ;delete;2026-09-18T08:57:12+00:00;20260918085712-1062cf
NIDONS;delete;2026-09-18T08:57:12+00:00;20260918085712-1062cf
NIDAMES;delete;2026-09-18T08:57:12+00:00;20260918085712-1062cf
NIDASSE;delete;2026-09-18T08:57:12+00:00;20260918085712-1062cf
NIDATES;delete;2026-09-18T08:57:12+00:00;20260918085712-1062cf
NIDERAI;delete;2026-09-18T08:57:12+00:00;20260918085712-1062cf
NIDERAS;delete;2026-09-18T08:57:12+00:00;20260918085712-1062cf
NIDEREZ;delete;2026-09-18T08:57:12+00:00;20260918085712-1062cf
NIDIONS;delete;2026-09-18T08:57:12+00:00;20260918085712-1062cf
NIDAIENT;delete;2026-09-18T08:57:12+00:00;20260918085712-1062cf
NIDASSES;delete;2026-09-18T08:57:12+00:00;20260918085712-1062cf
NIDERAIS;delete;2026-09-18T08:57:12+00:00;20260918085712-1062cf
NIDERAIT;delete;2026-09-18T08:57:12+00:00;20260918085712-1062cf
NIDERENT;delete;2026-09-18T08:57:12+00:00;20260918085712-1062cf
NIDERIEZ;delete;2026-09-18T08:57:12+00:00;20260918085712-1062cf
NIDERONS;delete;2026-09-18T08:57:12+00:00;20260918085712-1062cf
NIDERONT;delete;2026-09-18T08:57:12+00:00;20260918085712-1062cf
NIDASSENT;delete;2026-09-18T08:57:12+00:00;20260918085712-1062cf
NIDASSIEZ;delete;2026-09-18T08:57:12+00:00;20260918085712-1062cf
NIDERIONS;delete;2026-09-18T08:57:12+00:00;20260918085712-1062cf
NIDASSIONS;delete;2026-09-18T08:57:12+00:00;20260918085712-1062cf
NIDERAIENT;delete;2026-09-18T08:57:12+00:00;20260918085712-1062cf
NIEES;keep;2026-09-18T08:57:24+00:00;20260918085724-71cf9d
NIFES;delete;2026-09-18T08:57:25+00:00;20260918085725-d55f30
NIGRO;delete;2026-09-18T08:57:26+00:00;20260918085726-9bb495
NIIEZ;delete;2026-09-18T08:57:29+00:00;20260918085729-7317aa
NIKAS;delete;2026-09-18T08:57:29+00:00;20260918085729-ecc95c
NIPPA;delete;2026-09-18T08:57:31+00:00;20260918085731-c3d4f3
NIQUA;delete;2026-09-18T08:57:31+00:00;20260918085731-2787df
NITAL;delete;2026-09-18T08:57:32+00:00;20260918085732-11982d
NITRA;delete;2026-09-18T08:58:20+00:00;20260918085820-209a0c
NIVES;delete;2026-09-18T08:58:21+00:00;20260918085821-cb830c
NIXES;delete;2026-09-18T08:58:24+00:00;20260918085824-7f4d37
NIXON;delete;2026-09-18T08:58:25+00:00;20260918085825-4d77c7
NOCAI;delete;2026-09-18T08:58:27+00:00;20260918085827-4f30ef
NOCAS;delete;2026-09-18T08:58:27+00:00;20260918085827-68eecd
NOCAT;delete;2026-09-18T08:58:28+00:00;20260918085828-65dea4
NOCEZ;delete;2026-09-18T08:58:29+00:00;20260918085829-a0e295
NOMAS;delete;2026-09-18T08:58:31+00:00;20260918085831-6728f9
NOMES;delete;2026-09-18T08:58:32+00:00;20260918085832-4df108
NOPAI;delete;2026-09-18T08:58:33+00:00;20260918085833-36234e
NOPAS;delete;2026-09-18T08:58:33+00:00;20260918085833-9478ad
NOPAT;delete;2026-09-18T08:58:34+00:00;20260918085834-f519f7
NOPEE;delete;2026-09-18T08:58:34+00:00;20260918085834-6a35b1
NOPES;delete;2026-09-18T08:58:35+00:00;20260918085835-b944f6
NOPEZ;delete;2026-09-18T08:58:35+00:00;20260918085835-4b02c3
NOPPA;delete;2026-09-18T08:58:36+00:00;20260918085836-c5ec0c
NORDI;delete;2026-09-18T08:58:39+00:00;20260918085839-b48d4e
NORMA;delete;2026-09-18T08:58:40+00:00;20260918085840-1e72cb
NORMO;delete;2026-09-18T08:58:40+00:00;20260918085840-5460b5
NOTAS;keep;2026-09-18T08:59:27+00:00;20260918085927-7a339d
NOTAT;delete;2026-09-18T09:00:39+00:00;20260918090039-9c7a55
NOUAT;keep;2026-09-18T09:00:40+00:00;20260918090040-0fceb1
NOVAE;delete;2026-09-18T09:00:41+00:00;20260918090041-6d844d
NOVAI;delete;2026-09-18T09:00:43+00:00;20260918090043-063e28
NOVAS;delete;2026-09-18T09:00:44+00:00;20260918090044-2d4933
NOVE;delete;2026-09-18T09:00:48+00:00;20260918090048-2ed800
NOVAT;delete;2026-09-18T09:00:48+00:00;20260918090048-2ed800
NOVEE;delete;2026-09-18T09:00:48+00:00;20260918090048-2ed800
NOVES;delete;2026-09-18T09:00:48+00:00;20260918090048-2ed800
NOVEZ;delete;2026-09-18T09:00:48+00:00;20260918090048-2ed800
NOVER;delete;2026-09-18T09:00:48+00:00;20260918090048-2ed800
NOVAIT;delete;2026-09-18T09:00:48+00:00;20260918090048-2ed800
NOVANT;delete;2026-09-18T09:00:48+00:00;20260918090048-2ed800
NOVEES;delete;2026-09-18T09:00:48+00:00;20260918090048-2ed800
NOVENT;delete;2026-09-18T09:00:48+00:00;20260918090048-2ed800
NOVERA;delete;2026-09-18T09:00:48+00:00;20260918090048-2ed800
NOVIEZ;delete;2026-09-18T09:00:48+00:00;20260918090048-2ed800
NOVONS;delete;2026-09-18T09:00:48+00:00;20260918090048-2ed800
NOVAIS;delete;2026-09-18T09:00:48+00:00;20260918090048-2ed800
NOVAMES;delete;2026-09-18T09:00:48+00:00;20260918090048-2ed800
NOVASSE;delete;2026-09-18T09:00:48+00:00;20260918090048-2ed800
NOVATES;delete;2026-09-18T09:00:48+00:00;20260918090048-2ed800
NOVERAI;delete;2026-09-18T09:00:48+00:00;20260918090048-2ed800
NOVERAS;delete;2026-09-18T09:00:48+00:00;20260918090048-2ed800
NOVEREZ;delete;2026-09-18T09:00:48+00:00;20260918090048-2ed800
NOVIONS;delete;2026-09-18T09:00:48+00:00;20260918090048-2ed800
NOVAIENT;delete;2026-09-18T09:00:48+00:00;20260918090048-2ed800
NOVASSES;delete;2026-09-18T09:00:48+00:00;20260918090048-2ed800
NOVERAIS;delete;2026-09-18T09:00:48+00:00;20260918090048-2ed800
NOVERAIT;delete;2026-09-18T09:00:48+00:00;20260918090048-2ed800
NOVERENT;delete;2026-09-18T09:00:48+00:00;20260918090048-2ed800
NOVERIEZ;delete;2026-09-18T09:00:48+00:00;20260918090048-2ed800
NOVERONS;delete;2026-09-18T09:00:48+00:00;20260918090048-2ed800
NOVERONT;delete;2026-09-18T09:00:48+00:00;20260918090048-2ed800
NOVASSENT;delete;2026-09-18T09:00:48+00:00;20260918090048-2ed800
NOVASSIEZ;delete;2026-09-18T09:00:48+00:00;20260918090048-2ed800
NOVERIONS;delete;2026-09-18T09:00:48+00:00;20260918090048-2ed800
NOVASSIONS;delete;2026-09-18T09:00:48+00:00;20260918090048-2ed800
NOVERAIENT;delete;2026-09-18T09:00:48+00:00;20260918090048-2ed800
NOYAI;delete;2026-09-18T09:00:50+00:00;20260918090050-3a0fc7
NOYAI;undo;2026-09-18T09:00:56+00:00;20260918090050-3a0fc7
NOVE;undo;2026-09-18T09:00:58+00:00;20260918090048-2ed800
NOVAT;undo;2026-09-18T09:00:58+00:00;20260918090048-2ed800
NOVEE;undo;2026-09-18T09:00:58+00:00;20260918090048-2ed800
NOVES;undo;2026-09-18T09:00:58+00:00;20260918090048-2ed800
NOVEZ;undo;2026-09-18T09:00:58+00:00;20260918090048-2ed800
NOVER;undo;2026-09-18T09:00:58+00:00;20260918090048-2ed800
NOVAIT;undo;2026-09-18T09:00:58+00:00;20260918090048-2ed800
NOVANT;undo;2026-09-18T09:00:58+00:00;20260918090048-2ed800
NOVEES;undo;2026-09-18T09:00:58+00:00;20260918090048-2ed800
NOVENT;undo;2026-09-18T09:00:58+00:00;20260918090048-2ed800
NOVERA;undo;2026-09-18T09:00:58+00:00;20260918090048-2ed800
NOVIEZ;undo;2026-09-18T09:00:58+00:00;20260918090048-2ed800
NOVONS;undo;2026-09-18T09:00:58+00:00;20260918090048-2ed800
NOVAIS;undo;2026-09-18T09:00:58+00:00;20260918090048-2ed800
NOVAMES;undo;2026-09-18T09:00:58+00:00;20260918090048-2ed800
NOVASSE;undo;2026-09-18T09:00:58+00:00;20260918090048-2ed800
NOVATES;undo;2026-09-18T09:00:58+00:00;20260918090048-2ed800
NOVERAI;undo;2026-09-18T09:00:58+00:00;20260918090048-2ed800
NOVERAS;undo;2026-09-18T09:00:58+00:00;20260918090048-2ed800
NOVEREZ;undo;2026-09-18T09:00:58+00:00;20260918090048-2ed800
NOVIONS;undo;2026-09-18T09:00:58+00:00;20260918090048-2ed800
NOVAIENT;undo;2026-09-18T09:00:58+00:00;20260918090048-2ed800
NOVASSES;undo;2026-09-18T09:00:58+00:00;20260918090048-2ed800
NOVERAIS;undo;2026-09-18T09:00:58+00:00;20260918090048-2ed800
NOVERAIT;undo;2026-09-18T09:00:58+00:00;20260918090048-2ed800
NOVERENT;undo;2026-09-18T09:00:58+00:00;20260918090048-2ed800
NOVERIEZ;undo;2026-09-18T09:00:58+00:00;20260918090048-2ed800
NOVERONS;undo;2026-09-18T09:00:58+00:00;20260918090048-2ed800
NOVERONT;undo;2026-09-18T09:00:58+00:00;20260918090048-2ed800
NOVASSENT;undo;2026-09-18T09:00:58+00:00;20260918090048-2ed800
NOVASSIEZ;undo;2026-09-18T09:00:58+00:00;20260918090048-2ed800
NOVERIONS;undo;2026-09-18T09:00:58+00:00;20260918090048-2ed800
NOVASSIONS;undo;2026-09-18T09:00:58+00:00;20260918090048-2ed800
NOVERAIENT;undo;2026-09-18T09:00:58+00:00;20260918090048-2ed800
NOVE;delete;2026-09-18T09:01:00+00:00;20260918090100-157f0e
NOVAT;delete;2026-09-18T09:01:04+00:00;20260918090104-991f3e
NOVEE;delete;2026-09-18T09:01:05+00:00;20260918090105-b65c81
NOVES;delete;2026-09-18T09:01:05+00:00;20260918090105-7578bf
NOVEZ;delete;2026-09-18T09:01:06+00:00;20260918090106-a20e47
NOVER;delete;2026-09-18T09:01:06+00:00;20260918090106-43f332
NOVAIT;delete;2026-09-18T09:01:07+00:00;20260918090107-1c467b
NOVANT;delete;2026-09-18T09:01:07+00:00;20260918090107-2a33bc
NOVEES;delete;2026-09-18T09:01:08+00:00;20260918090108-186e36
NOVENT;delete;2026-09-18T09:01:08+00:00;20260918090108-835b65
NOVERA;delete;2026-09-18T09:01:09+00:00;20260918090109-2f1086
NOVIEZ;delete;2026-09-18T09:01:10+00:00;20260918090110-78b3fb
NOVONS;delete;2026-09-18T09:01:10+00:00;20260918090110-f3e9a4
NOVAIS;delete;2026-09-18T09:01:11+00:00;20260918090111-dd58d9
NOVAMES;delete;2026-09-18T09:01:12+00:00;20260918090112-027e95
NOVASSE;delete;2026-09-18T09:01:12+00:00;20260918090112-7ef88b
NOVATES;delete;2026-09-18T09:01:13+00:00;20260918090113-777f5c
NOVERAI;delete;2026-09-18T09:01:14+00:00;20260918090114-7e5289
NOVERAS;delete;2026-09-18T09:01:14+00:00;20260918090114-16dcbf
NOVEREZ;delete;2026-09-18T09:01:15+00:00;20260918090115-8ddb3c
NOVIONS;delete;2026-09-18T09:01:16+00:00;20260918090116-20cdc4
NOVAIENT;delete;2026-09-18T09:01:16+00:00;20260918090116-fa76cc
NOVASSES;delete;2026-09-18T09:01:17+00:00;20260918090117-fb5771
NOVERAIS;delete;2026-09-18T09:01:18+00:00;20260918090118-8c090b
NOVERAIT;delete;2026-09-18T09:01:18+00:00;20260918090118-bad399
NOVERENT;delete;2026-09-18T09:01:18+00:00;20260918090118-1457c4
NOVERIEZ;delete;2026-09-18T09:01:19+00:00;20260918090119-d5a97a
NOVERONS;delete;2026-09-18T09:01:19+00:00;20260918090119-85f2ee
NOVERONT;delete;2026-09-18T09:01:19+00:00;20260918090119-185f08
NOVASSENT;delete;2026-09-18T09:01:20+00:00;20260918090120-06b87e
NOVASSIEZ;delete;2026-09-18T09:01:20+00:00;20260918090120-887119
NOVERIONS;delete;2026-09-18T09:01:20+00:00;20260918090120-1fe813
NOVASSIONS;delete;2026-09-18T09:01:21+00:00;20260918090121-731582
NOVERAIENT;delete;2026-09-18T09:01:21+00:00;20260918090121-90f155
NOYAI;delete;2026-09-18T09:01:21+00:00;20260918090121-8f509b
NOYAS;delete;2026-09-18T09:01:21+00:00;20260918090121-a33c47
NOYAS;undo;2026-09-18T09:01:26+00:00;20260918090121-a33c47
NOYAS;delete;2026-09-18T09:01:27+00:00;20260918090127-9564a3
NUAIS;keep;2026-09-18T09:01:28+00:00;20260918090128-945799
NUAIT;keep;2026-09-18T09:01:28+00:00;20260918090128-672cef
NUANT;keep;2026-09-18T09:01:29+00:00;20260918090129-cc4917
NUENT;keep;2026-09-18T09:01:30+00:00;20260918090130-c6a580
NUERA;keep;2026-09-18T09:01:30+00:00;20260918090130-d1dc3f
NUIEZ;keep;2026-09-18T09:01:33+00:00;20260918090133-f9e838
NUITA;keep;2026-09-18T09:01:59+00:00;20260918090159-721066
NUITE;keep;2026-09-18T09:02:00+00:00;20260918090200-1fbe34
NUONS;delete;2026-09-18T09:02:53+00:00;20260918090253-5dee0b
NUPLA;delete;2026-09-18T09:02:53+00:00;20260918090253-771573
OBELS;delete;2026-09-18T09:02:54+00:00;20260918090254-3ae184
OBERA;delete;2026-09-18T09:02:55+00:00;20260918090255-a28eea
OBITS;delete;2026-09-18T09:02:55+00:00;20260918090255-42046f
OBVIA;delete;2026-09-18T09:02:56+00:00;20260918090256-5b02d2
OCCIT;delete;2026-09-18T09:02:56+00:00;20260918090256-44de0f
OCNUS;delete;2026-09-18T09:02:57+00:00;20260918090257-36c361
OCRAI;keep;2026-09-18T09:02:58+00:00;20260918090258-a2fe66
OCRAS;keep;2026-09-18T09:02:59+00:00;20260918090259-6bc4ee
OCRAT;keep;2026-09-18T09:02:59+00:00;20260918090259-93269a
OCREZ;keep;2026-09-18T09:03:00+00:00;20260918090300-4b9a56
OCULO;delete;2026-09-18T09:03:01+00:00;20260918090301-286be4
ODORA;keep;2026-09-18T09:03:07+00:00;20260918090307-d47fad
ODORE;keep;2026-09-18T09:03:07+00:00;20260918090307-f371ae
OEDAS;delete;2026-09-18T09:03:08+00:00;20260918090308-f4f711
OGACS;delete;2026-09-18T09:03:09+00:00;20260918090309-55f02d
OIENT;delete;2026-09-18T09:03:10+00:00;20260918090310-346e83
OINGS;delete;2026-09-18T09:03:10+00:00;20260918090310-c4beb8
OLIDE;delete;2026-09-18T09:03:10+00:00;20260918090310-b8601e
OLIGO;delete;2026-09-18T09:03:11+00:00;20260918090311-cab570
OLIOS;delete;2026-09-18T09:03:11+00:00;20260918090311-97c13a
OLIVA;delete;2026-09-18T09:03:15+00:00;20260918090315-1ef420
OLIVO;delete;2026-09-18T09:03:15+00:00;20260918090315-72a8ea
OLOFA;delete;2026-09-18T09:03:24+00:00;20260918090324-91806d
OLOFE;delete;2026-09-18T09:03:26+00:00;20260918090326-c0647c
OMANE;delete;2026-09-18T09:03:27+00:00;20260918090327-f03901
OMANS;delete;2026-09-18T09:03:27+00:00;20260918090327-508012
ONDAI;delete;2026-09-18T09:03:28+00:00;20260918090328-59755e
ONDAI;undo;2026-09-18T09:03:29+00:00;20260918090328-59755e
ONDAI;keep;2026-09-18T09:03:30+00:00;20260918090330-f160b2
ONDAS;keep;2026-09-18T09:03:30+00:00;20260918090330-8d0024
ONDAT;keep;2026-09-18T09:03:31+00:00;20260918090331-f7dd5e
ONDEZ;keep;2026-09-18T09:03:31+00:00;20260918090331-b10af8
ONIRO;delete;2026-09-18T09:03:32+00:00;20260918090332-37713d
OODES;delete;2026-09-18T09:03:33+00:00;20260918090333-714690
OPAHS;delete;2026-09-18T09:03:33+00:00;20260918090333-d58344
OPENS;delete;2026-09-18T09:03:34+00:00;20260918090334-7c9730
OPILO;delete;2026-09-18T09:03:35+00:00;20260918090335-893d8d
OPIUS;delete;2026-09-18T09:03:35+00:00;20260918090335-c508f0
OPTAS;keep;2026-09-18T09:03:36+00:00;20260918090336-9947f3
OPTEZ;keep;2026-09-18T09:03:37+00:00;20260918090337-fcb5b7
ORANG;delete;2026-09-18T09:03:37+00:00;20260918090337-a821e6
ORDIS;delete;2026-09-18T09:03:38+00:00;20260918090338-39f9c7
ORDIS;undo;2026-09-18T09:03:39+00:00;20260918090338-39f9c7
ORDIS;keep;2026-09-18T09:03:40+00:00;20260918090340-fd057b
OREES;delete;2026-09-18T09:03:42+00:00;20260918090342-b12d04
ORFIN;delete;2026-09-18T09:03:45+00:00;20260918090345-a529eb
ORIAS;delete;2026-09-18T09:03:45+00:00;20260918090345-09999e
ORINS;delete;2026-09-18T09:03:46+00:00;20260918090346-874c4c
ORLES;delete;2026-09-18T09:03:47+00:00;20260918090347-330c02
ORMOU;delete;2026-09-18T09:03:47+00:00;20260918090347-1189c1
ORNAI;keep;2026-09-18T09:04:02+00:00;20260918090402-f665a7
ORNAS;keep;2026-09-18T09:04:02+00:00;20260918090402-48f150
ORNIX;delete;2026-09-18T09:04:03+00:00;20260918090403-e2e210
ORPUR;delete;2026-09-18T09:04:04+00:00;20260918090404-0e369b
ORRAI;delete;2026-09-18T09:04:08+00:00;20260918090408-c04aae
ORRAS;delete;2026-09-18T09:04:08+00:00;20260918090408-dafe3f
ORREZ;delete;2026-09-18T09:04:09+00:00;20260918090409-a8c457
ORTIA;delete;2026-09-18T09:04:09+00:00;20260918090409-70ddaf
OSONE;delete;2026-09-18T09:04:10+00:00;20260918090410-50c5a9
OSSUS;delete;2026-09-18T09:04:10+00:00;20260918090410-47c3a1
OTALA;delete;2026-09-18T09:04:11+00:00;20260918090411-855028
OUIRA;delete;2026-09-18T09:04:12+00:00;20260918090412-5123e6
OURLA;delete;2026-09-18T09:04:12+00:00;20260918090412-3e2107
OUTAI;delete;2026-09-18T09:04:13+00:00;20260918090413-aa8d33
OUTAS;delete;2026-09-18T09:04:13+00:00;20260918090413-f9bb06
OUTAT;delete;2026-09-18T09:04:14+00:00;20260918090414-62874c
OUTEE;delete;2026-09-18T09:04:14+00:00;20260918090414-68b77e
OUTES;delete;2026-09-18T09:04:15+00:00;20260918090415-6e075f
OUTEZ;delete;2026-09-18T09:04:16+00:00;20260918090416-f0b71f
OUTRA;delete;2026-09-18T09:04:17+00:00;20260918090417-c41380
OUVRA;delete;2026-09-18T09:04:17+00:00;20260918090417-842a3c
OVALA;delete;2026-09-18T09:04:18+00:00;20260918090418-91e603
OVEES;delete;2026-09-18T09:04:18+00:00;20260918090418-d9ab92
OVINE;delete;2026-09-18T09:04:19+00:00;20260918090419-b8bad7
OVULA;delete;2026-09-18T09:04:21+00:00;20260918090421-74404f
OXALO;delete;2026-09-18T09:04:21+00:00;20260918090421-0bfdfb
OXYDA;delete;2026-09-18T09:04:22+00:00;20260918090422-227333
OXYDO;delete;2026-09-18T09:04:23+00:00;20260918090423-a49d3f
OXYNA;delete;2026-09-18T09:04:23+00:00;20260918090423-90ee87
OYAIS;delete;2026-09-18T09:04:23+00:00;20260918090423-f6f767
OYAIT;delete;2026-09-18T09:04:24+00:00;20260918090424-e61311
OYIEZ;delete;2026-09-18T09:04:24+00:00;20260918090424-97e38a
OZONA;delete;2026-09-18T09:04:25+00:00;20260918090425-9750a1
PACHY;delete;2026-09-18T09:04:25+00:00;20260918090425-3f287f
PACKA;delete;2026-09-18T09:04:26+00:00;20260918090426-e7dcdf
PACKE;delete;2026-09-18T09:04:26+00:00;20260918090426-2ed105
PACOS;delete;2026-09-18T09:04:27+00:00;20260918090427-a13ec8
PACSA;delete;2026-09-18T09:04:28+00:00;20260918090428-9128b0
PACSA;undo;2026-09-18T09:04:28+00:00;20260918090428-9128b0
PACSA;keep;2026-09-18T09:04:28+00:00;20260918090428-6b8bd3
PACSE;keep;2026-09-18T09:04:29+00:00;20260918090429-ebd61d
PADDA;delete;2026-09-18T09:04:30+00:00;20260918090430-4d0a87
PAGEA;delete;2026-09-18T09:04:31+00:00;20260918090431-a73d0e
PAGEZ;delete;2026-09-18T09:04:31+00:00;20260918090431-fb5cab
PALAS;delete;2026-09-18T09:04:32+00:00;20260918090432-6b1a28
PALMA;keep;2026-09-18T09:04:33+00:00;20260918090433-714b9c
PAMAI;delete;2026-09-18T09:04:36+00:00;20260918090436-73fda8
PAMA;delete;2026-09-18T09:04:39+00:00;20260918090439-1467da
PAME;delete;2026-09-18T09:04:39+00:00;20260918090439-1467da
PAMAS;delete;2026-09-18T09:04:39+00:00;20260918090439-1467da
PAMAT;delete;2026-09-18T09:04:39+00:00;20260918090439-1467da
PAMES;delete;2026-09-18T09:04:39+00:00;20260918090439-1467da
PAMEZ;delete;2026-09-18T09:04:39+00:00;20260918090439-1467da
PAMEE;delete;2026-09-18T09:04:39+00:00;20260918090439-1467da
PAMER;delete;2026-09-18T09:04:39+00:00;20260918090439-1467da
PAMAIS;delete;2026-09-18T09:04:39+00:00;20260918090439-1467da
PAMERA;delete;2026-09-18T09:04:39+00:00;20260918090439-1467da
PAMIEZ;delete;2026-09-18T09:04:39+00:00;20260918090439-1467da
PAMONS;delete;2026-09-18T09:04:39+00:00;20260918090439-1467da
PAMENT;delete;2026-09-18T09:04:39+00:00;20260918090439-1467da
PAMEES;delete;2026-09-18T09:04:39+00:00;20260918090439-1467da
PAMANT;delete;2026-09-18T09:04:39+00:00;20260918090439-1467da
PAMAIT;delete;2026-09-18T09:04:39+00:00;20260918090439-1467da
PAMAMES;delete;2026-09-18T09:04:39+00:00;20260918090439-1467da
PAMASSE;delete;2026-09-18T09:04:39+00:00;20260918090439-1467da
PAMATES;delete;2026-09-18T09:04:39+00:00;20260918090439-1467da
PAMERAI;delete;2026-09-18T09:04:39+00:00;20260918090439-1467da
PAMERAS;delete;2026-09-18T09:04:39+00:00;20260918090439-1467da
PAMEREZ;delete;2026-09-18T09:04:39+00:00;20260918090439-1467da
PAMIONS;delete;2026-09-18T09:04:39+00:00;20260918090439-1467da
PAMASSES;delete;2026-09-18T09:04:39+00:00;20260918090439-1467da
PAMERIEZ;delete;2026-09-18T09:04:39+00:00;20260918090439-1467da
PAMERONS;delete;2026-09-18T09:04:39+00:00;20260918090439-1467da
PAMERAIT;delete;2026-09-18T09:04:39+00:00;20260918090439-1467da
PAMERONT;delete;2026-09-18T09:04:39+00:00;20260918090439-1467da
PAMERAIS;delete;2026-09-18T09:04:39+00:00;20260918090439-1467da
PAMERENT;delete;2026-09-18T09:04:39+00:00;20260918090439-1467da
PAMAIENT;delete;2026-09-18T09:04:39+00:00;20260918090439-1467da
PAMASSENT;delete;2026-09-18T09:04:39+00:00;20260918090439-1467da
PAMASSIEZ;delete;2026-09-18T09:04:39+00:00;20260918090439-1467da
PAMERIONS;delete;2026-09-18T09:04:39+00:00;20260918090439-1467da
PAMASSIONS;delete;2026-09-18T09:04:39+00:00;20260918090439-1467da
PAMERAIENT;delete;2026-09-18T09:04:39+00:00;20260918090439-1467da
PANAI;keep;2026-09-18T09:04:45+00:00;20260918090445-4a306c
PANAS;keep;2026-09-18T09:04:45+00:00;20260918090445-2f598c
PANAT;keep;2026-09-18T09:04:47+00:00;20260918090447-489f71
PANDE;delete;2026-09-18T09:04:48+00:00;20260918090448-033d81
PANEZ;keep;2026-09-18T09:04:58+00:00;20260918090458-8aa835
PAONA;delete;2026-09-18T09:05:00+00:00;20260918090500-cd332c
PAONE;delete;2026-09-18T09:05:01+00:00;20260918090501-686ecc
PAQUA;delete;2026-09-18T09:05:03+00:00;20260918090503-1f5bf4
PARAT;keep;2026-09-18T09:05:11+00:00;20260918090511-1828c2
PARRS;delete;2026-09-18T09:05:12+00:00;20260918090512-49dcfb
PASDU;delete;2026-09-18T09:05:12+00:00;20260918090512-a36d18
PATAI;keep;2026-09-18T09:05:19+00:00;20260918090519-37e707
PATAT;keep;2026-09-18T09:05:19+00:00;20260918090519-089055
PATEZ;keep;2026-09-18T09:05:20+00:00;20260918090520-e88b31
PATHO;delete;2026-09-18T09:05:21+00:00;20260918090521-f8f428
PATTA;delete;2026-09-18T09:05:25+00:00;20260918090525-53c355
PAUCI;delete;2026-09-18T09:05:26+00:00;20260918090526-cf98b7
PAUSA;keep;2026-09-18T09:05:29+00:00;20260918090529-ba712a
PAVAI;keep;2026-09-18T09:05:46+00:00;20260918090546-bd83d0
PAVAS;delete;2026-09-18T09:06:22+00:00;20260918090622-b75848
PAVAS;undo;2026-09-18T09:06:24+00:00;20260918090622-b75848
PAVAS;keep;2026-09-18T09:06:24+00:00;20260918090624-262a46
PAVAT;keep;2026-09-18T09:06:24+00:00;20260918090624-3af54f
PAVOR;delete;2026-09-18T09:06:25+00:00;20260918090625-c8fd27
PAYAS;keep;2026-09-18T09:06:26+00:00;20260918090626-ef4941
PAYET;delete;2026-09-18T09:06:28+00:00;20260918090628-28c50a
PEANS;delete;2026-09-18T09:06:29+00:00;20260918090629-7b90b4
PEARL;delete;2026-09-18T09:06:30+00:00;20260918090630-5c9b05
PECKS;delete;2026-09-18T09:06:30+00:00;20260918090630-8ad968
PELAI;keep;2026-09-18T09:06:32+00:00;20260918090632-fe8150
PELAS;keep;2026-09-18T09:06:33+00:00;20260918090633-e79a57
PELAT;keep;2026-09-18T09:06:33+00:00;20260918090633-77dd13
PELEZ;keep;2026-09-18T09:06:34+00:00;20260918090634-95cb14
PELVI;delete;2026-09-18T09:06:35+00:00;20260918090635-622a6b
PENES;delete;2026-09-18T09:06:36+00:00;20260918090636-f3683e
PENNI;delete;2026-09-18T09:06:37+00:00;20260918090637-3c75f8
PENTA;keep;2026-09-18T09:06:39+00:00;20260918090639-f6933d
PERAY;delete;2026-09-18T09:06:39+00:00;20260918090639-bb93c9
PEREC;delete;2026-09-18T09:06:40+00:00;20260918090640-2c1178
PERFO;delete;2026-09-18T09:06:41+00:00;20260918090641-575210
PERFO;undo;2026-09-18T09:06:41+00:00;20260918090641-575210
PERFO;keep;2026-09-18T09:06:46+00:00;20260918090646-ac5584
PERMO;delete;2026-09-18T09:06:47+00:00;20260918090647-7f1032
PESAS;keep;2026-09-18T09:06:49+00:00;20260918090649-5f9493
PESVA;delete;2026-09-18T09:06:49+00:00;20260918090649-597588
PETAI;keep;2026-09-18T09:06:50+00:00;20260918090650-bb580b
PETAT;keep;2026-09-18T09:06:51+00:00;20260918090651-1deed7
PEULS;delete;2026-09-18T09:06:51+00:00;20260918090651-bacfe5
PEXAI;delete;2026-09-18T09:06:53+00:00;20260918090653-730b2d
PEXAS;delete;2026-09-18T09:06:54+00:00;20260918090654-5d4a74
PEXAT;delete;2026-09-18T09:06:54+00:00;20260918090654-61b68d
PEXES;delete;2026-09-18T09:06:55+00:00;20260918090655-9e6c50
PEXEZ;delete;2026-09-18T09:06:55+00:00;20260918090655-e35407
PEXIE;delete;2026-09-18T09:06:56+00:00;20260918090656-3c3be0
PHACO;delete;2026-09-18T09:06:56+00:00;20260918090656-c58d44
PHAKO;delete;2026-09-18T09:06:57+00:00;20260918090657-095f23
PHENO;delete;2026-09-18T09:06:57+00:00;20260918090657-2e903c
PHOTS;delete;2026-09-18T09:06:58+00:00;20260918090658-1297b7
PICAS;delete;2026-09-18T09:07:00+00:00;20260918090700-eefb10
PICTA;delete;2026-09-18T09:07:01+00:00;20260918090701-972a4f
PIEZO;delete;2026-09-18T09:07:01+00:00;20260918090701-d41311
PIFAI;delete;2026-09-18T09:07:02+00:00;20260918090702-8070ad
PIFAS;delete;2026-09-18T09:07:02+00:00;20260918090702-d40f59
PIFAS;undo;2026-09-18T09:07:03+00:00;20260918090702-d40f59
PIFAI;undo;2026-09-18T09:07:03+00:00;20260918090702-8070ad
PIEZO;undo;2026-09-18T09:07:03+00:00;20260918090701-d41311
PIEZO;keep;2026-09-18T09:07:04+00:00;20260918090704-511091
PIFAI;delete;2026-09-18T09:07:05+00:00;20260918090705-cd6903
PIFAS;delete;2026-09-18T09:07:05+00:00;20260918090705-b0d52d
PIFAT;delete;2026-09-18T09:07:05+00:00;20260918090705-3b655e
PIFEE;delete;2026-09-18T09:07:06+00:00;20260918090706-d4609b
PIFES;delete;2026-09-18T09:07:07+00:00;20260918090707-9d02eb
PIFEZ;delete;2026-09-18T09:07:08+00:00;20260918090708-3a7f7b
PIFFA;delete;2026-09-18T09:07:12+00:00;20260918090712-a98dbe
PIGEA;keep;2026-09-18T09:07:13+00:00;20260918090713-bf1cdc
PIGEE;keep;2026-09-18T09:07:13+00:00;20260918090713-f4a173
PIGMY;delete;2026-09-18T09:07:14+00:00;20260918090714-a47b5f
PIGNA;delete;2026-09-18T09:07:16+00:00;20260918090716-2bf9b1
PIKAS;delete;2026-09-18T09:07:16+00:00;20260918090716-46b992
PILAI;keep;2026-09-18T09:07:17+00:00;20260918090717-d10555
PILAS;keep;2026-09-18T09:07:18+00:00;20260918090718-7c4608
PILAT;keep;2026-09-18T09:07:18+00:00;20260918090718-148062
PILEZ;keep;2026-09-18T09:07:19+00:00;20260918090719-b9029e
PINDA;delete;2026-09-18T09:07:19+00:00;20260918090719-67dc44
PIPAS;delete;2026-09-18T09:07:20+00:00;20260918090720-39d073
PIPAS;undo;2026-09-18T09:07:21+00:00;20260918090720-39d073
PIPAS;keep;2026-09-18T09:07:22+00:00;20260918090722-928785
PIPAT;keep;2026-09-18T09:07:23+00:00;20260918090723-3580ca
PIPEZ;keep;2026-09-18T09:07:23+00:00;20260918090723-69141f
PIPOS;delete;2026-09-18T09:07:24+00:00;20260918090724-c2e90b
PISAI;delete;2026-09-18T09:07:56+00:00;20260918090756-4fbb49
PISAS;delete;2026-09-18T09:07:56+00:00;20260918090756-47d439
PISAT;delete;2026-09-18T09:07:57+00:00;20260918090757-fc7eb8
PISEE;delete;2026-09-18T09:07:57+00:00;20260918090757-a110c1
PISES;delete;2026-09-18T09:07:57+00:00;20260918090757-5cfca1
PISEZ;delete;2026-09-18T09:08:02+00:00;20260918090802-fca6d4
PISEZ;undo;2026-09-18T09:08:05+00:00;20260918090802-fca6d4
PISES;undo;2026-09-18T09:08:05+00:00;20260918090757-5cfca1
PISEE;undo;2026-09-18T09:08:05+00:00;20260918090757-a110c1
PISAT;undo;2026-09-18T09:08:06+00:00;20260918090757-fc7eb8
PISAT;delete;2026-09-18T09:08:07+00:00;20260918090807-ef4f1a
PISEE;delete;2026-09-18T09:08:07+00:00;20260918090807-4a896f
PISES;delete;2026-09-18T09:08:07+00:00;20260918090807-6e9914
PISEZ;delete;2026-09-18T09:08:08+00:00;20260918090808-30d2e4
PITAI;delete;2026-09-18T09:08:09+00:00;20260918090809-c86c92
PITAT;delete;2026-09-18T09:08:09+00:00;20260918090809-47c069
PITEE;delete;2026-09-18T09:08:10+00:00;20260918090810-61d2c2
PITES;delete;2026-09-18T09:08:10+00:00;20260918090810-7a068c
PITE;delete;2026-09-18T09:08:13+00:00;20260918090813-9c963c
PITEZ;delete;2026-09-18T09:08:13+00:00;20260918090813-9c963c
PITER;delete;2026-09-18T09:08:13+00:00;20260918090813-9c963c
PITAIS;delete;2026-09-18T09:08:13+00:00;20260918090813-9c963c
PITAIT;delete;2026-09-18T09:08:13+00:00;20260918090813-9c963c
PITANT;delete;2026-09-18T09:08:13+00:00;20260918090813-9c963c
PITENT;delete;2026-09-18T09:08:13+00:00;20260918090813-9c963c
PITERA;delete;2026-09-18T09:08:13+00:00;20260918090813-9c963c
PITIEZ;delete;2026-09-18T09:08:13+00:00;20260918090813-9c963c
PITAMES;delete;2026-09-18T09:08:13+00:00;20260918090813-9c963c
PITASSE;delete;2026-09-18T09:08:13+00:00;20260918090813-9c963c
PITATES;delete;2026-09-18T09:08:13+00:00;20260918090813-9c963c
PITERAI;delete;2026-09-18T09:08:13+00:00;20260918090813-9c963c
PITERAS;delete;2026-09-18T09:08:13+00:00;20260918090813-9c963c
PITEREZ;delete;2026-09-18T09:08:13+00:00;20260918090813-9c963c
PITIONS;delete;2026-09-18T09:08:13+00:00;20260918090813-9c963c
PITAIENT;delete;2026-09-18T09:08:13+00:00;20260918090813-9c963c
PITASSES;delete;2026-09-18T09:08:13+00:00;20260918090813-9c963c
PITERAIS;delete;2026-09-18T09:08:13+00:00;20260918090813-9c963c
PITERAIT;delete;2026-09-18T09:08:13+00:00;20260918090813-9c963c
PITERENT;delete;2026-09-18T09:08:13+00:00;20260918090813-9c963c
PITERIEZ;delete;2026-09-18T09:08:13+00:00;20260918090813-9c963c
PITERONS;delete;2026-09-18T09:08:13+00:00;20260918090813-9c963c
PITERONT;delete;2026-09-18T09:08:13+00:00;20260918090813-9c963c
PITASSENT;delete;2026-09-18T09:08:13+00:00;20260918090813-9c963c
PITASSIEZ;delete;2026-09-18T09:08:13+00:00;20260918090813-9c963c
PITERIONS;delete;2026-09-18T09:08:13+00:00;20260918090813-9c963c
PITASSIONS;delete;2026-09-18T09:08:13+00:00;20260918090813-9c963c
PITERAIENT;delete;2026-09-18T09:08:13+00:00;20260918090813-9c963c
PITOS;delete;2026-09-18T09:08:14+00:00;20260918090814-93d837
PLAMA;delete;2026-09-18T09:08:15+00:00;20260918090815-efdb14
PLAME;delete;2026-09-18T09:08:18+00:00;20260918090818-3e2073
PLIAS;delete;2026-09-18T09:08:19+00:00;20260918090819-ab6088
PLICA;delete;2026-09-18T09:08:20+00:00;20260918090820-f6b5bb
PLOFS;delete;2026-09-18T09:10:18+00:00;20260918091018-c6a2db
PLUES;delete;2026-09-18T09:10:19+00:00;20260918091019-27b6f5
PLURI;delete;2026-09-18T09:10:20+00:00;20260918091020-f10a5f
POELA;keep;2026-09-18T09:10:21+00:00;20260918091021-003cc5
POILA;keep;2026-09-18T09:10:21+00:00;20260918091021-1c4e2b
POIRA;delete;2026-09-18T09:10:22+00:00;20260918091022-e9b533
POLIA;delete;2026-09-18T09:10:23+00:00;20260918091023-a31e44
POLKE;delete;2026-09-18T09:10:24+00:00;20260918091024-a4d0b9
POMMA;delete;2026-09-18T09:10:25+00:00;20260918091025-405ad1
POMPA;delete;2026-09-18T09:10:26+00:00;20260918091026-474e41
PONCA;keep;2026-09-18T09:10:27+00:00;20260918091027-3ebb42
PONGA;delete;2026-09-18T09:10:28+00:00;20260918091028-a234d6
PONTA;keep;2026-09-18T09:10:28+00:00;20260918091028-6a9d19
PONTO;delete;2026-09-18T09:10:29+00:00;20260918091029-e02c44
POOLS;delete;2026-09-18T09:10:30+00:00;20260918091030-315230
POQUA;delete;2026-09-18T09:10:31+00:00;20260918091031-67c184
PORAI;keep;2026-09-18T09:10:31+00:00;20260918091031-4f545a
PORAS;keep;2026-09-18T09:10:32+00:00;20260918091032-ff38ee
PORAS;undo;2026-09-18T09:10:33+00:00;20260918091032-ff38ee
PORAI;undo;2026-09-18T09:10:33+00:00;20260918091031-4f545a
PORAI;delete;2026-09-18T09:10:34+00:00;20260918091034-ee6243
PORAS;delete;2026-09-18T09:10:34+00:00;20260918091034-b1454d
PORAT;delete;2026-09-18T09:10:35+00:00;20260918091035-e43f95
PORER;delete;2026-09-18T09:10:36+00:00;20260918091036-ec206b
POREZ;delete;2026-09-18T09:10:37+00:00;20260918091037-0f6632
POTAI;delete;2026-09-18T09:10:46+00:00;20260918091046-ea5c68
POTAS;delete;2026-09-18T09:10:47+00:00;20260918091047-a583d6
POTAT;delete;2026-09-18T09:10:47+00:00;20260918091047-915acb
POTDE;delete;2026-09-18T09:10:48+00:00;20260918091048-18010e
POTEZ;delete;2026-09-18T09:10:48+00:00;20260918091048-3f2efe
POWER;delete;2026-09-18T09:10:49+00:00;20260918091049-d71654
PRAOS;delete;2026-09-18T09:10:49+00:00;20260918091049-a7ec69
PRAYS;delete;2026-09-18T09:10:50+00:00;20260918091050-1e1d33
PRELU;delete;2026-09-18T09:10:50+00:00;20260918091050-6b0419
PRESD;delete;2026-09-18T09:10:51+00:00;20260918091051-4ec348
PRIAS;keep;2026-09-18T09:10:52+00:00;20260918091052-b81030
PRICK;delete;2026-09-18T09:10:52+00:00;20260918091052-24d2d5
PRONA;keep;2026-09-18T09:10:54+00:00;20260918091054-7b1e6a
PROOF;delete;2026-09-18T09:10:55+00:00;20260918091055-dc2268
PROTI;delete;2026-09-18T09:10:57+00:00;20260918091057-630008
PRUNA;delete;2026-09-18T09:11:05+00:00;20260918091105-743373
PSDEL;delete;2026-09-18T09:11:06+00:00;20260918091106-ad00d3
PSENS;delete;2026-09-18T09:11:08+00:00;20260918091108-e1bd44
PSILE;delete;2026-09-18T09:11:09+00:00;20260918091109-02eec9
PUCHA;delete;2026-09-18T09:11:10+00:00;20260918091110-a55631
PUIEZ;delete;2026-09-18T09:11:11+00:00;20260918091111-0b63f2
PULAS;delete;2026-09-18T09:11:25+00:00;20260918091125-fe5ca6
PULEX;delete;2026-09-18T09:11:26+00:00;20260918091126-85629d
PULIS;delete;2026-09-18T09:11:27+00:00;20260918091127-6e4d63
PULPA;delete;2026-09-18T09:11:28+00:00;20260918091128-94fe49
PULSA;delete;2026-09-18T09:11:28+00:00;20260918091128-11dc29
PUNAS;delete;2026-09-18T09:11:29+00:00;20260918091129-e4cace
PUONS;keep;2026-09-18T09:11:31+00:00;20260918091131-686948
PUPES;delete;2026-09-18T09:11:32+00:00;20260918091132-7dd9a7
PUTAI;delete;2026-09-18T09:11:34+00:00;20260918091134-138025
PUTAS;delete;2026-09-18T09:11:34+00:00;20260918091134-aaec42
PUTAT;delete;2026-09-18T09:11:35+00:00;20260918091135-d09b45
PUTEE;delete;2026-09-18T09:11:35+00:00;20260918091135-85ad00
PUTEZ;delete;2026-09-18T09:11:38+00:00;20260918091138-1ad801
PUTTA;delete;2026-09-18T09:11:39+00:00;20260918091139-471aec
PUTTE;delete;2026-09-18T09:11:40+00:00;20260918091140-f6a9df
PUTTS;delete;2026-09-18T09:11:41+00:00;20260918091141-502acd
PYELO;delete;2026-09-18T09:11:41+00:00;20260918091141-ebc039
QUECA;delete;2026-09-18T09:11:42+00:00;20260918091142-49f33b
QUEEN;delete;2026-09-18T09:11:42+00:00;20260918091142-7c5522
QUELE;delete;2026-09-18T09:11:43+00:00;20260918091143-90644b
QUOTE;keep;2026-09-18T09:12:03+00:00;20260918091203-136c8e
RACHA;delete;2026-09-18T09:12:10+00:00;20260918091210-1d28dc
RACKS;delete;2026-09-18T09:12:11+00:00;20260918091211-c92d2c
RADAI;delete;2026-09-18T09:12:14+00:00;20260918091214-eb3ab8
RADAS;delete;2026-09-18T09:12:15+00:00;20260918091215-4b9c89
RADAT;delete;2026-09-18T09:12:16+00:00;20260918091216-82c33f
RADEZ;delete;2026-09-18T09:12:17+00:00;20260918091217-65913a
RADIX;delete;2026-09-18T09:12:18+00:00;20260918091218-6607b5
RAGUA;delete;2026-09-18T09:12:19+00:00;20260918091219-956e34
RAIAS;delete;2026-09-18T09:12:23+00:00;20260918091223-6d902c
RAINA;delete;2026-09-18T09:12:25+00:00;20260918091225-d3b0b6
RAIRA;delete;2026-09-18T09:12:26+00:00;20260918091226-36ebe8
RAITE;delete;2026-09-18T09:12:26+00:00;20260918091226-33bb74
RAITS;delete;2026-09-18T09:12:27+00:00;20260918091227-446e8a
RAJAS;delete;2026-09-18T09:12:28+00:00;20260918091228-58504b
RAKIS;delete;2026-09-18T09:12:28+00:00;20260918091228-ca2d86
RALAS;delete;2026-09-18T09:12:29+00:00;20260918091229-39d748
RALAT;delete;2026-09-18T09:12:29+00:00;20260918091229-c82f52
RAMSA;delete;2026-09-18T09:12:30+00:00;20260918091230-bfe31e
RAMSE;delete;2026-09-18T09:12:31+00:00;20260918091231-ec2faf
RANCA;delete;2026-09-18T09:12:31+00:00;20260918091231-05c1f9
RANDS;delete;2026-09-18T09:12:32+00:00;20260918091232-2b70e4
RANIS;delete;2026-09-18T09:12:33+00:00;20260918091233-d87460
RAPAI;keep;2026-09-18T09:12:35+00:00;20260918091235-48a0b8
RAPAS;keep;2026-09-18T09:12:36+00:00;20260918091236-b43187
RAPAT;keep;2026-09-18T09:12:36+00:00;20260918091236-d02766
RAPEZ;keep;2026-09-18T09:12:37+00:00;20260918091237-0cb52c
RAPPA;delete;2026-09-18T09:12:39+00:00;20260918091239-c9b2c3
RAQUA;delete;2026-09-18T09:12:40+00:00;20260918091240-91ff28
RARAS;delete;2026-09-18T09:12:44+00:00;20260918091244-65fe8f
RASAT;delete;2026-09-18T09:12:45+00:00;20260918091245-8be630
RASHS;delete;2026-09-18T09:12:45+00:00;20260918091245-e0106c
RASSI;delete;2026-09-18T09:12:46+00:00;20260918091246-9b4170
RATAS;delete;2026-09-18T09:12:47+00:00;20260918091247-10ab20
RATAT;delete;2026-09-18T09:12:47+00:00;20260918091247-e8bb45
RATUS;delete;2026-09-18T09:12:48+00:00;20260918091248-90f7d4
RAVEL;delete;2026-09-18T09:12:49+00:00;20260918091249-fac9e1
RAYAI;delete;2026-09-18T09:12:49+00:00;20260918091249-61cf96
RAYAS;keep;2026-09-18T09:12:51+00:00;20260918091251-c0ae1a
RAZES;delete;2026-09-18T09:12:51+00:00;20260918091251-570dce
REAIS;delete;2026-09-18T09:12:53+00:00;20260918091253-4405fc
REANT;delete;2026-09-18T09:12:54+00:00;20260918091254-c78dcc
REBUE;delete;2026-09-18T09:12:55+00:00;20260918091255-0e5fea
RECON;delete;2026-09-18T09:12:55+00:00;20260918091255-0d99e3
REDUE;delete;2026-09-18T09:12:56+00:00;20260918091256-c3549e
REDUE;undo;2026-09-18T09:12:58+00:00;20260918091256-c3549e
REDUE;keep;2026-09-18T09:13:00+00:00;20260918091300-d2d3ac
REDUS;keep;2026-09-18T09:13:01+00:00;20260918091301-d9b37c
REDUT;keep;2026-09-18T09:13:02+00:00;20260918091302-37b887
REDUX;delete;2026-09-18T09:13:03+00:00;20260918091303-6f8ca5
REEES;delete;2026-09-18T09:13:04+00:00;20260918091304-f353b5
REENT;keep;2026-09-18T09:13:06+00:00;20260918091306-86946b
REERA;keep;2026-09-18T09:13:07+00:00;20260918091307-8c12aa
ABECHA;delete;2026-09-18T10:11:37+00:00;20260918101137-revision.632589
ABECHE;delete;2026-09-18T10:11:43+00:00;20260918101143-revision.39f004
BAB;delete;2026-09-18T10:11:52+00:00;20260918101152-revision.2b1b1f
BABS;keep;2026-09-18T10:11:54+00:00;20260918101154-revision.5b99b0
FUSSE;keep;2026-09-18T10:12:42+00:00;20260918101242-ba4b42
FUSSES;keep;2026-09-18T10:12:42+00:00;20260918101242-ba4b42
FUSSIEZ;keep;2026-09-18T10:12:42+00:00;20260918101242-ba4b42
FUSSIONS;keep;2026-09-18T10:12:42+00:00;20260918101242-ba4b42
RUS;keep;2026-09-18T10:12:53+00:00;20260918101253-8cdec1
MUS;keep;2026-09-18T10:13:01+00:00;20260918101301-f766a3
MEUS;keep;2026-09-18T10:13:01+00:00;20260918101301-f766a3
MEUT;keep;2026-09-18T10:13:01+00:00;20260918101301-f766a3
MEUVES;keep;2026-09-18T10:13:01+00:00;20260918101301-f766a3
MOUVEZ;keep;2026-09-18T10:13:01+00:00;20260918101301-f766a3
MOUVRA;keep;2026-09-18T10:13:01+00:00;20260918101301-f766a3
MURENT;keep;2026-09-18T10:13:01+00:00;20260918101301-f766a3
MOUVIEZ;keep;2026-09-18T10:13:01+00:00;20260918101301-f766a3
MOUVONS;keep;2026-09-18T10:13:01+00:00;20260918101301-f766a3
MOUVRAI;keep;2026-09-18T10:13:01+00:00;20260918101301-f766a3
MOUVRAS;keep;2026-09-18T10:13:01+00:00;20260918101301-f766a3
MOUVREZ;keep;2026-09-18T10:13:01+00:00;20260918101301-f766a3
MUSSIEZ;keep;2026-09-18T10:13:01+00:00;20260918101301-f766a3
MOUVAIS;keep;2026-09-18T10:13:01+00:00;20260918101301-f766a3
MEUVENT;keep;2026-09-18T10:13:01+00:00;20260918101301-f766a3
MOUVAIT;keep;2026-09-18T10:13:01+00:00;20260918101301-f766a3
MOUVOIR;keep;2026-09-18T10:13:01+00:00;20260918101301-f766a3
MOUVIONS;keep;2026-09-18T10:13:01+00:00;20260918101301-f766a3
MOUVRAIS;keep;2026-09-18T10:13:01+00:00;20260918101301-f766a3
MOUVRAIT;keep;2026-09-18T10:13:01+00:00;20260918101301-f766a3
MOUVRIEZ;keep;2026-09-18T10:13:01+00:00;20260918101301-f766a3
MOUVRONS;keep;2026-09-18T10:13:01+00:00;20260918101301-f766a3
MOUVRONT;keep;2026-09-18T10:13:01+00:00;20260918101301-f766a3
MUSSIONS;keep;2026-09-18T10:13:01+00:00;20260918101301-f766a3
MOUVRIONS;keep;2026-09-18T10:13:01+00:00;20260918101301-f766a3
MOUVAIENT;keep;2026-09-18T10:13:01+00:00;20260918101301-f766a3
MOUVRAIENT;keep;2026-09-18T10:13:01+00:00;20260918101301-f766a3
NUER;delete;2026-09-18T10:13:07+00:00;20260918101307-bd8706
NUAS;delete;2026-09-18T10:13:07+00:00;20260918101307-bd8706
NUAMES;delete;2026-09-18T10:13:07+00:00;20260918101307-bd8706
NUASSE;delete;2026-09-18T10:13:07+00:00;20260918101307-bd8706
NUATES;delete;2026-09-18T10:13:07+00:00;20260918101307-bd8706
NUERAI;delete;2026-09-18T10:13:07+00:00;20260918101307-bd8706
NUERAS;delete;2026-09-18T10:13:07+00:00;20260918101307-bd8706
NUEREZ;delete;2026-09-18T10:13:07+00:00;20260918101307-bd8706
NUIONS;delete;2026-09-18T10:13:07+00:00;20260918101307-bd8706
NUAIENT;delete;2026-09-18T10:13:07+00:00;20260918101307-bd8706
NUASSES;delete;2026-09-18T10:13:07+00:00;20260918101307-bd8706
NUERAIS;delete;2026-09-18T10:13:07+00:00;20260918101307-bd8706
NUERAIT;delete;2026-09-18T10:13:07+00:00;20260918101307-bd8706
NUERENT;delete;2026-09-18T10:13:07+00:00;20260918101307-bd8706
NUERIEZ;delete;2026-09-18T10:13:07+00:00;20260918101307-bd8706
NUERONS;delete;2026-09-18T10:13:07+00:00;20260918101307-bd8706
NUERONT;delete;2026-09-18T10:13:07+00:00;20260918101307-bd8706
NUASSENT;delete;2026-09-18T10:13:07+00:00;20260918101307-bd8706
NUASSIEZ;delete;2026-09-18T10:13:07+00:00;20260918101307-bd8706
NUERIONS;delete;2026-09-18T10:13:07+00:00;20260918101307-bd8706
NUASSIONS;delete;2026-09-18T10:13:07+00:00;20260918101307-bd8706
NUERAIENT;delete;2026-09-18T10:13:07+00:00;20260918101307-bd8706
REER;keep;2026-09-18T10:13:15+00:00;20260918101315-870a7f
REIEZ;keep;2026-09-18T10:13:15+00:00;20260918101315-870a7f
REONS;keep;2026-09-18T10:13:15+00:00;20260918101315-870a7f
REAIT;keep;2026-09-18T10:13:15+00:00;20260918101315-870a7f
REAMES;keep;2026-09-18T10:13:15+00:00;20260918101315-870a7f
REASSE;keep;2026-09-18T10:13:15+00:00;20260918101315-870a7f
REATES;keep;2026-09-18T10:13:15+00:00;20260918101315-870a7f
REERAI;keep;2026-09-18T10:13:15+00:00;20260918101315-870a7f
REERAS;keep;2026-09-18T10:13:15+00:00;20260918101315-870a7f
REEREZ;keep;2026-09-18T10:13:15+00:00;20260918101315-870a7f
REIONS;keep;2026-09-18T10:13:15+00:00;20260918101315-870a7f
REAIENT;keep;2026-09-18T10:13:15+00:00;20260918101315-870a7f
REASSES;keep;2026-09-18T10:13:15+00:00;20260918101315-870a7f
REERAIS;keep;2026-09-18T10:13:15+00:00;20260918101315-870a7f
REERAIT;keep;2026-09-18T10:13:15+00:00;20260918101315-870a7f
REERENT;keep;2026-09-18T10:13:15+00:00;20260918101315-870a7f
REERIEZ;keep;2026-09-18T10:13:15+00:00;20260918101315-870a7f
REERONS;keep;2026-09-18T10:13:15+00:00;20260918101315-870a7f
REERONT;keep;2026-09-18T10:13:15+00:00;20260918101315-870a7f
REASSENT;keep;2026-09-18T10:13:15+00:00;20260918101315-870a7f
REASSIEZ;keep;2026-09-18T10:13:15+00:00;20260918101315-870a7f
REERIONS;keep;2026-09-18T10:13:15+00:00;20260918101315-870a7f
REASSIONS;keep;2026-09-18T10:13:15+00:00;20260918101315-870a7f
REERAIENT;keep;2026-09-18T10:13:15+00:00;20260918101315-870a7f
AYUS;delete;2026-09-18T10:13:21+00:00;20260918101321-97cdeb
AYUS;undo;2026-09-18T10:43:02+00:00;20260918101321-97cdeb
REER;undo;2026-09-18T10:43:10+00:00;20260918101315-870a7f
REIEZ;undo;2026-09-18T10:43:10+00:00;20260918101315-870a7f
REONS;undo;2026-09-18T10:43:10+00:00;20260918101315-870a7f
REAIT;undo;2026-09-18T10:43:10+00:00;20260918101315-870a7f
REAMES;undo;2026-09-18T10:43:10+00:00;20260918101315-870a7f
REASSE;undo;2026-09-18T10:43:10+00:00;20260918101315-870a7f
REATES;undo;2026-09-18T10:43:10+00:00;20260918101315-870a7f
REERAI;undo;2026-09-18T10:43:10+00:00;20260918101315-870a7f
REERAS;undo;2026-09-18T10:43:10+00:00;20260918101315-870a7f
REEREZ;undo;2026-09-18T10:43:10+00:00;20260918101315-870a7f
REIONS;undo;2026-09-18T10:43:10+00:00;20260918101315-870a7f
REAIENT;undo;2026-09-18T10:43:10+00:00;20260918101315-870a7f
REASSES;undo;2026-09-18T10:43:10+00:00;20260918101315-870a7f
REERAIS;undo;2026-09-18T10:43:10+00:00;20260918101315-870a7f
REERAIT;undo;2026-09-18T10:43:10+00:00;20260918101315-870a7f
REERENT;undo;2026-09-18T10:43:10+00:00;20260918101315-870a7f
REERIEZ;undo;2026-09-18T10:43:10+00:00;20260918101315-870a7f
REERONS;undo;2026-09-18T10:43:10+00:00;20260918101315-870a7f
REERONT;undo;2026-09-18T10:43:10+00:00;20260918101315-870a7f
REASSENT;undo;2026-09-18T10:43:10+00:00;20260918101315-870a7f
REASSIEZ;undo;2026-09-18T10:43:10+00:00;20260918101315-870a7f
REERIONS;undo;2026-09-18T10:43:10+00:00;20260918101315-870a7f
REASSIONS;undo;2026-09-18T10:43:10+00:00;20260918101315-870a7f
REERAIENT;undo;2026-09-18T10:43:10+00:00;20260918101315-870a7f
AALENIEN;delete;2026-09-18T10:43:35+00:00;20260918104335-878ea4
AALENIENNE;delete;2026-09-18T10:43:35+00:00;20260918104335-878ea4
AALENIENNES;delete;2026-09-18T10:43:35+00:00;20260918104335-878ea4
ABAISSA;keep;2026-09-18T10:43:40+00:00;20260918104340-54a77f
ABAISSAS;keep;2026-09-18T10:43:40+00:00;20260918104340-54a77f
ABAISSAT;keep;2026-09-18T10:43:40+00:00;20260918104340-54a77f
ABAISSAI;keep;2026-09-18T10:43:40+00:00;20260918104340-54a77f
ABAISSEZ;keep;2026-09-18T10:43:40+00:00;20260918104340-54a77f
ABAISSEE;keep;2026-09-18T10:43:40+00:00;20260918104340-54a77f
ABAISSES;keep;2026-09-18T10:43:40+00:00;20260918104340-54a77f
ABAISSER;keep;2026-09-18T10:43:40+00:00;20260918104340-54a77f
ABAISSAIS;keep;2026-09-18T10:43:40+00:00;20260918104340-54a77f
ABAISSIEZ;keep;2026-09-18T10:43:40+00:00;20260918104340-54a77f
ABAISSONS;keep;2026-09-18T10:43:40+00:00;20260918104340-54a77f
ABAISSERA;keep;2026-09-18T10:43:40+00:00;20260918104340-54a77f
ABAISSENT;keep;2026-09-18T10:43:40+00:00;20260918104340-54a77f
ABAISSAIT;keep;2026-09-18T10:43:40+00:00;20260918104340-54a77f
ABAISSANT;keep;2026-09-18T10:43:40+00:00;20260918104340-54a77f
ABAISSAMES;keep;2026-09-18T10:43:40+00:00;20260918104340-54a77f
ABAISSASSE;keep;2026-09-18T10:43:40+00:00;20260918104340-54a77f
ABAISSATES;keep;2026-09-18T10:43:40+00:00;20260918104340-54a77f
ABAISSERAS;keep;2026-09-18T10:43:40+00:00;20260918104340-54a77f
ABAISSEREZ;keep;2026-09-18T10:43:40+00:00;20260918104340-54a77f
ABAISSIONS;keep;2026-09-18T10:43:40+00:00;20260918104340-54a77f
ABAISSERAI;keep;2026-09-18T10:43:40+00:00;20260918104340-54a77f
ABAISSASSES;keep;2026-09-18T10:43:40+00:00;20260918104340-54a77f
ABAISSERIEZ;keep;2026-09-18T10:43:40+00:00;20260918104340-54a77f
ABAISSERONS;keep;2026-09-18T10:43:40+00:00;20260918104340-54a77f
ABAISSERONT;keep;2026-09-18T10:43:40+00:00;20260918104340-54a77f
ABAISSERAIS;keep;2026-09-18T10:43:40+00:00;20260918104340-54a77f
ABAISSERAIT;keep;2026-09-18T10:43:40+00:00;20260918104340-54a77f
ABAISSAIENT;keep;2026-09-18T10:43:40+00:00;20260918104340-54a77f
ABAISSERENT;keep;2026-09-18T10:43:40+00:00;20260918104340-54a77f
ABAISSASSENT;keep;2026-09-18T10:43:40+00:00;20260918104340-54a77f
ABAISSASSIEZ;keep;2026-09-18T10:43:40+00:00;20260918104340-54a77f
ABAISSERIONS;keep;2026-09-18T10:43:40+00:00;20260918104340-54a77f
ABAISSASSIONS;keep;2026-09-18T10:43:40+00:00;20260918104340-54a77f
ABAISSERAIENT;keep;2026-09-18T10:43:40+00:00;20260918104340-54a77f
ABALOURDI;delete;2026-09-18T10:43:57+00:00;20260918104357-e06b0e
ABALOURDIE;delete;2026-09-18T10:43:57+00:00;20260918104357-e06b0e
ABALOURDIS;delete;2026-09-18T10:43:57+00:00;20260918104357-e06b0e
ABALOURDIT;delete;2026-09-18T10:43:57+00:00;20260918104357-e06b0e
ABALOURDIR;delete;2026-09-18T10:43:57+00:00;20260918104357-e06b0e
ABALOURDIES;delete;2026-09-18T10:43:57+00:00;20260918104357-e06b0e
ABALOURDIRA;delete;2026-09-18T10:43:57+00:00;20260918104357-e06b0e
ABALOURDIMES;delete;2026-09-18T10:43:57+00:00;20260918104357-e06b0e
ABALOURDIRAI;delete;2026-09-18T10:43:57+00:00;20260918104357-e06b0e
ABALOURDIRAS;delete;2026-09-18T10:43:57+00:00;20260918104357-e06b0e
ABALOURDIREZ;delete;2026-09-18T10:43:57+00:00;20260918104357-e06b0e
ABALOURDISSE;delete;2026-09-18T10:43:57+00:00;20260918104357-e06b0e
ABALOURDITES;delete;2026-09-18T10:43:57+00:00;20260918104357-e06b0e
ABALOURDIRAIS;delete;2026-09-18T10:43:57+00:00;20260918104357-e06b0e
ABALOURDIRAIT;delete;2026-09-18T10:43:57+00:00;20260918104357-e06b0e
ABALOURDIRENT;delete;2026-09-18T10:43:57+00:00;20260918104357-e06b0e
ABALOURDIRIEZ;delete;2026-09-18T10:43:57+00:00;20260918104357-e06b0e
ABALOURDIRONS;delete;2026-09-18T10:43:57+00:00;20260918104357-e06b0e
ABALOURDIRONT;delete;2026-09-18T10:43:57+00:00;20260918104357-e06b0e
ABALOURDISSES;delete;2026-09-18T10:43:57+00:00;20260918104357-e06b0e
ABALOURDISSEZ;delete;2026-09-18T10:43:57+00:00;20260918104357-e06b0e
ABALOURDIRIONS;delete;2026-09-18T10:43:57+00:00;20260918104357-e06b0e
ABALOURDISSAIS;delete;2026-09-18T10:43:57+00:00;20260918104357-e06b0e
ABALOURDISSAIT;delete;2026-09-18T10:43:57+00:00;20260918104357-e06b0e
ABALOURDISSANT;delete;2026-09-18T10:43:57+00:00;20260918104357-e06b0e
ABALOURDISSENT;delete;2026-09-18T10:43:57+00:00;20260918104357-e06b0e
ABALOURDISSIEZ;delete;2026-09-18T10:43:57+00:00;20260918104357-e06b0e
ABALOURDISSONS;delete;2026-09-18T10:43:57+00:00;20260918104357-e06b0e
ABALOURDIRAIENT;delete;2026-09-18T10:43:57+00:00;20260918104357-e06b0e
ABALOURDISSIONS;delete;2026-09-18T10:43:57+00:00;20260918104357-e06b0e
ABALOURDISSAIENT;delete;2026-09-18T10:43:57+00:00;20260918104357-e06b0e
ABATARDI;delete;2026-09-18T10:44:01+00:00;20260918104401-2e6094
ABATARDIS;delete;2026-09-18T10:44:01+00:00;20260918104401-2e6094
ABATARDIT;delete;2026-09-18T10:44:01+00:00;20260918104401-2e6094
ABATARDIR;delete;2026-09-18T10:44:01+00:00;20260918104401-2e6094
ABATARDIRA;delete;2026-09-18T10:44:01+00:00;20260918104401-2e6094
ABATARDIES;delete;2026-09-18T10:44:01+00:00;20260918104401-2e6094
ABATARDIMES;delete;2026-09-18T10:44:01+00:00;20260918104401-2e6094
ABATARDIRAS;delete;2026-09-18T10:44:01+00:00;20260918104401-2e6094
ABATARDIREZ;delete;2026-09-18T10:44:01+00:00;20260918104401-2e6094
ABATARDISSE;delete;2026-09-18T10:44:01+00:00;20260918104401-2e6094
ABATARDITES;delete;2026-09-18T10:44:01+00:00;20260918104401-2e6094
ABATARDIRAI;delete;2026-09-18T10:44:01+00:00;20260918104401-2e6094
ABATARDIRAIS;delete;2026-09-18T10:44:01+00:00;20260918104401-2e6094
ABATARDIRAIT;delete;2026-09-18T10:44:01+00:00;20260918104401-2e6094
ABATARDIRENT;delete;2026-09-18T10:44:01+00:00;20260918104401-2e6094
ABATARDIRIEZ;delete;2026-09-18T10:44:01+00:00;20260918104401-2e6094
ABATARDIRONS;delete;2026-09-18T10:44:01+00:00;20260918104401-2e6094
ABATARDIRONT;delete;2026-09-18T10:44:01+00:00;20260918104401-2e6094
ABATARDISSES;delete;2026-09-18T10:44:01+00:00;20260918104401-2e6094
ABATARDISSEZ;delete;2026-09-18T10:44:01+00:00;20260918104401-2e6094
ABATARDIRIONS;delete;2026-09-18T10:44:01+00:00;20260918104401-2e6094
ABATARDISSAIS;delete;2026-09-18T10:44:01+00:00;20260918104401-2e6094
ABATARDISSAIT;delete;2026-09-18T10:44:01+00:00;20260918104401-2e6094
ABATARDISSENT;delete;2026-09-18T10:44:01+00:00;20260918104401-2e6094
ABATARDISSIEZ;delete;2026-09-18T10:44:01+00:00;20260918104401-2e6094
ABATARDISSONS;delete;2026-09-18T10:44:01+00:00;20260918104401-2e6094
ABATARDISSANT;delete;2026-09-18T10:44:01+00:00;20260918104401-2e6094
ABATARDIRAIENT;delete;2026-09-18T10:44:01+00:00;20260918104401-2e6094
ABATARDISSIONS;delete;2026-09-18T10:44:01+00:00;20260918104401-2e6094
ABATARDISSAIENT;delete;2026-09-18T10:44:01+00:00;20260918104401-2e6094
ABATS;keep;2026-09-18T10:44:08+00:00;20260918104408-59d678
ABATTE;keep;2026-09-18T10:44:08+00:00;20260918104408-59d678
ABATTES;keep;2026-09-18T10:44:08+00:00;20260918104408-59d678
ABATTRA;keep;2026-09-18T10:44:08+00:00;20260918104408-59d678
ABATTEZ;keep;2026-09-18T10:44:08+00:00;20260918104408-59d678
ABATTIT;keep;2026-09-18T10:44:08+00:00;20260918104408-59d678
ABATTRAS;keep;2026-09-18T10:44:08+00:00;20260918104408-59d678
ABATTIEZ;keep;2026-09-18T10:44:08+00:00;20260918104408-59d678
ABATTREZ;keep;2026-09-18T10:44:08+00:00;20260918104408-59d678
ABATTAIS;keep;2026-09-18T10:44:08+00:00;20260918104408-59d678
ABATTONS;keep;2026-09-18T10:44:08+00:00;20260918104408-59d678
ABATTRAI;keep;2026-09-18T10:44:08+00:00;20260918104408-59d678
ABATTENT;keep;2026-09-18T10:44:08+00:00;20260918104408-59d678
ABATTANT;keep;2026-09-18T10:44:08+00:00;20260918104408-59d678
ABATTAIT;keep;2026-09-18T10:44:08+00:00;20260918104408-59d678
ABATTIMES;keep;2026-09-18T10:44:08+00:00;20260918104408-59d678
ABATTISSE;keep;2026-09-18T10:44:08+00:00;20260918104408-59d678
ABATTITES;keep;2026-09-18T10:44:08+00:00;20260918104408-59d678
ABATTRIEZ;keep;2026-09-18T10:44:08+00:00;20260918104408-59d678
ABATTIONS;keep;2026-09-18T10:44:08+00:00;20260918104408-59d678
ABATTRONS;keep;2026-09-18T10:44:08+00:00;20260918104408-59d678
ABATTRAIS;keep;2026-09-18T10:44:08+00:00;20260918104408-59d678
ABATTRONT;keep;2026-09-18T10:44:08+00:00;20260918104408-59d678
ABATTRAIT;keep;2026-09-18T10:44:08+00:00;20260918104408-59d678
ABATTISSES;keep;2026-09-18T10:44:08+00:00;20260918104408-59d678
ABATTRIONS;keep;2026-09-18T10:44:08+00:00;20260918104408-59d678
ABATTIRENT;keep;2026-09-18T10:44:08+00:00;20260918104408-59d678
ABATTAIENT;keep;2026-09-18T10:44:08+00:00;20260918104408-59d678
ABATTISSENT;keep;2026-09-18T10:44:08+00:00;20260918104408-59d678
ABATTISSIEZ;keep;2026-09-18T10:44:08+00:00;20260918104408-59d678
ABATTRAIENT;keep;2026-09-18T10:44:08+00:00;20260918104408-59d678
ABATTISSIONS;keep;2026-09-18T10:44:08+00:00;20260918104408-59d678
ABBATIAL;keep;2026-09-18T10:44:14+00:00;20260918104414-b6ffd6
ABBATIAUX;keep;2026-09-18T10:44:14+00:00;20260918104414-b6ffd6
ABBATIALE;keep;2026-09-18T10:44:14+00:00;20260918104414-b6ffd6
ABBATIALES;keep;2026-09-18T10:44:14+00:00;20260918104414-b6ffd6
ABCEDE;delete;2026-09-18T10:44:21+00:00;20260918104421-94cc30
ABCEDAI;delete;2026-09-18T10:44:21+00:00;20260918104421-94cc30
ABCEDAS;delete;2026-09-18T10:44:21+00:00;20260918104421-94cc30
ABCEDAT;delete;2026-09-18T10:44:21+00:00;20260918104421-94cc30
ABCEDES;delete;2026-09-18T10:44:21+00:00;20260918104421-94cc30
ABCEDEZ;delete;2026-09-18T10:44:21+00:00;20260918104421-94cc30
ABCEDER;delete;2026-09-18T10:44:21+00:00;20260918104421-94cc30
ABCEDAIS;delete;2026-09-18T10:44:21+00:00;20260918104421-94cc30
ABCEDAIT;delete;2026-09-18T10:44:21+00:00;20260918104421-94cc30
ABCEDANT;delete;2026-09-18T10:44:21+00:00;20260918104421-94cc30
ABCEDENT;delete;2026-09-18T10:44:21+00:00;20260918104421-94cc30
ABCEDERA;delete;2026-09-18T10:44:21+00:00;20260918104421-94cc30
ABCEDIEZ;delete;2026-09-18T10:44:21+00:00;20260918104421-94cc30
ABCEDONS;delete;2026-09-18T10:44:21+00:00;20260918104421-94cc30
ABCEDAMES;delete;2026-09-18T10:44:21+00:00;20260918104421-94cc30
ABCEDASSE;delete;2026-09-18T10:44:21+00:00;20260918104421-94cc30
ABCEDATES;delete;2026-09-18T10:44:21+00:00;20260918104421-94cc30
ABCEDERAI;delete;2026-09-18T10:44:21+00:00;20260918104421-94cc30
ABCEDERAS;delete;2026-09-18T10:44:21+00:00;20260918104421-94cc30
ABCEDEREZ;delete;2026-09-18T10:44:21+00:00;20260918104421-94cc30
ABCEDIONS;delete;2026-09-18T10:44:21+00:00;20260918104421-94cc30
ABCEDAIENT;delete;2026-09-18T10:44:21+00:00;20260918104421-94cc30
ABCEDASSES;delete;2026-09-18T10:44:21+00:00;20260918104421-94cc30
ABCEDERAIS;delete;2026-09-18T10:44:21+00:00;20260918104421-94cc30
ABCEDERAIT;delete;2026-09-18T10:44:21+00:00;20260918104421-94cc30
ABCEDERENT;delete;2026-09-18T10:44:21+00:00;20260918104421-94cc30
ABCEDERIEZ;delete;2026-09-18T10:44:21+00:00;20260918104421-94cc30
ABCEDERONS;delete;2026-09-18T10:44:21+00:00;20260918104421-94cc30
ABCEDERONT;delete;2026-09-18T10:44:21+00:00;20260918104421-94cc30
ABCEDASSENT;delete;2026-09-18T10:44:21+00:00;20260918104421-94cc30
ABCEDASSIEZ;delete;2026-09-18T10:44:21+00:00;20260918104421-94cc30
ABCEDERIONS;delete;2026-09-18T10:44:21+00:00;20260918104421-94cc30
ABCEDASSIONS;delete;2026-09-18T10:44:21+00:00;20260918104421-94cc30
ABCEDERAIENT;delete;2026-09-18T10:44:21+00:00;20260918104421-94cc30
ABDIQUA;keep;2026-09-18T10:44:23+00:00;20260918104423-de1b44
ABDIQUE;keep;2026-09-18T10:44:23+00:00;20260918104423-de1b44
ABDIQUAS;keep;2026-09-18T10:44:23+00:00;20260918104423-de1b44
ABDIQUAT;keep;2026-09-18T10:44:23+00:00;20260918104423-de1b44
ABDIQUES;keep;2026-09-18T10:44:23+00:00;20260918104423-de1b44
ABDIQUEZ;keep;2026-09-18T10:44:23+00:00;20260918104423-de1b44
ABDIQUAI;keep;2026-09-18T10:44:23+00:00;20260918104423-de1b44
ABDIQUEE;keep;2026-09-18T10:44:23+00:00;20260918104423-de1b44
ABDIQUER;keep;2026-09-18T10:44:23+00:00;20260918104423-de1b44
ABDIQUEES;keep;2026-09-18T10:44:23+00:00;20260918104423-de1b44
ABDIQUENT;keep;2026-09-18T10:44:23+00:00;20260918104423-de1b44
ABDIQUIEZ;keep;2026-09-18T10:44:23+00:00;20260918104423-de1b44
ABDIQUONS;keep;2026-09-18T10:44:23+00:00;20260918104423-de1b44
ABDIQUANT;keep;2026-09-18T10:44:23+00:00;20260918104423-de1b44
ABDIQUERA;keep;2026-09-18T10:44:23+00:00;20260918104423-de1b44
ABDIQUAIS;keep;2026-09-18T10:44:23+00:00;20260918104423-de1b44
ABDIQUAIT;keep;2026-09-18T10:44:23+00:00;20260918104423-de1b44
ABDIQUAMES;keep;2026-09-18T10:44:23+00:00;20260918104423-de1b44
ABDIQUASSE;keep;2026-09-18T10:44:23+00:00;20260918104423-de1b44
ABDIQUATES;keep;2026-09-18T10:44:23+00:00;20260918104423-de1b44
ABDIQUERAI;keep;2026-09-18T10:44:23+00:00;20260918104423-de1b44
ABDIQUERAS;keep;2026-09-18T10:44:23+00:00;20260918104423-de1b44
ABDIQUEREZ;keep;2026-09-18T10:44:23+00:00;20260918104423-de1b44
ABDIQUIONS;keep;2026-09-18T10:44:23+00:00;20260918104423-de1b44
ABDIQUASSES;keep;2026-09-18T10:44:23+00:00;20260918104423-de1b44
ABDIQUERENT;keep;2026-09-18T10:44:23+00:00;20260918104423-de1b44
ABDIQUERIEZ;keep;2026-09-18T10:44:23+00:00;20260918104423-de1b44
ABDIQUERONS;keep;2026-09-18T10:44:23+00:00;20260918104423-de1b44
ABDIQUERONT;keep;2026-09-18T10:44:23+00:00;20260918104423-de1b44
ABDIQUAIENT;keep;2026-09-18T10:44:23+00:00;20260918104423-de1b44
ABDIQUERAIS;keep;2026-09-18T10:44:23+00:00;20260918104423-de1b44
ABDIQUERAIT;keep;2026-09-18T10:44:23+00:00;20260918104423-de1b44
ABDIQUASSENT;keep;2026-09-18T10:44:23+00:00;20260918104423-de1b44
ABDIQUASSIEZ;keep;2026-09-18T10:44:23+00:00;20260918104423-de1b44
ABDIQUERIONS;keep;2026-09-18T10:44:23+00:00;20260918104423-de1b44
ABDIQUASSIONS;keep;2026-09-18T10:44:23+00:00;20260918104423-de1b44
ABDIQUERAIENT;keep;2026-09-18T10:44:23+00:00;20260918104423-de1b44
ABEAUSI;delete;2026-09-18T10:44:26+00:00;20260918104426-619577
ABEAUSIS;delete;2026-09-18T10:44:26+00:00;20260918104426-619577
ABEAUSIT;delete;2026-09-18T10:44:26+00:00;20260918104426-619577
ABEAUSIR;delete;2026-09-18T10:44:26+00:00;20260918104426-619577
ABEAUSIRA;delete;2026-09-18T10:44:26+00:00;20260918104426-619577
ABEAUSIMES;delete;2026-09-18T10:44:26+00:00;20260918104426-619577
ABEAUSIRAI;delete;2026-09-18T10:44:26+00:00;20260918104426-619577
ABEAUSIRAS;delete;2026-09-18T10:44:26+00:00;20260918104426-619577
ABEAUSIREZ;delete;2026-09-18T10:44:26+00:00;20260918104426-619577
ABEAUSISSE;delete;2026-09-18T10:44:26+00:00;20260918104426-619577
ABEAUSITES;delete;2026-09-18T10:44:26+00:00;20260918104426-619577
ABEAUSIRAIS;delete;2026-09-18T10:44:26+00:00;20260918104426-619577
ABEAUSIRAIT;delete;2026-09-18T10:44:26+00:00;20260918104426-619577
ABEAUSIRENT;delete;2026-09-18T10:44:26+00:00;20260918104426-619577
ABEAUSIRIEZ;delete;2026-09-18T10:44:26+00:00;20260918104426-619577
ABEAUSIRONS;delete;2026-09-18T10:44:26+00:00;20260918104426-619577
ABEAUSIRONT;delete;2026-09-18T10:44:26+00:00;20260918104426-619577
ABEAUSISSES;delete;2026-09-18T10:44:26+00:00;20260918104426-619577
ABEAUSISSEZ;delete;2026-09-18T10:44:26+00:00;20260918104426-619577
ABEAUSIRIONS;delete;2026-09-18T10:44:26+00:00;20260918104426-619577
ABEAUSISSAIS;delete;2026-09-18T10:44:26+00:00;20260918104426-619577
ABEAUSISSAIT;delete;2026-09-18T10:44:26+00:00;20260918104426-619577
ABEAUSISSANT;delete;2026-09-18T10:44:26+00:00;20260918104426-619577
ABEAUSISSENT;delete;2026-09-18T10:44:26+00:00;20260918104426-619577
ABEAUSISSIEZ;delete;2026-09-18T10:44:26+00:00;20260918104426-619577
ABEAUSISSONS;delete;2026-09-18T10:44:26+00:00;20260918104426-619577
ABEAUSIRAIENT;delete;2026-09-18T10:44:26+00:00;20260918104426-619577
ABEAUSISSIONS;delete;2026-09-18T10:44:26+00:00;20260918104426-619577
ABEAUSISSAIENT;delete;2026-09-18T10:44:26+00:00;20260918104426-619577
ABECHAI;delete;2026-09-18T10:47:58+00:00;20260918104758-060407
ABECHAS;delete;2026-09-18T10:47:58+00:00;20260918104758-060407
ABECHAT;delete;2026-09-18T10:47:58+00:00;20260918104758-060407
ABECHEE;delete;2026-09-18T10:47:58+00:00;20260918104758-060407
ABECHES;delete;2026-09-18T10:47:58+00:00;20260918104758-060407
ABECHEZ;delete;2026-09-18T10:47:58+00:00;20260918104758-060407
ABECHER;delete;2026-09-18T10:47:58+00:00;20260918104758-060407
ABECHAIS;delete;2026-09-18T10:47:58+00:00;20260918104758-060407
ABECHAIT;delete;2026-09-18T10:47:58+00:00;20260918104758-060407
ABECHANT;delete;2026-09-18T10:47:58+00:00;20260918104758-060407
ABECHEES;delete;2026-09-18T10:47:58+00:00;20260918104758-060407
ABECHENT;delete;2026-09-18T10:47:58+00:00;20260918104758-060407
ABECHERA;delete;2026-09-18T10:47:58+00:00;20260918104758-060407
ABECHIEZ;delete;2026-09-18T10:47:58+00:00;20260918104758-060407
ABECHONS;delete;2026-09-18T10:47:58+00:00;20260918104758-060407
ABECHAMES;delete;2026-09-18T10:47:58+00:00;20260918104758-060407
ABECHASSE;delete;2026-09-18T10:47:58+00:00;20260918104758-060407
ABECHATES;delete;2026-09-18T10:47:58+00:00;20260918104758-060407
ABECHERAI;delete;2026-09-18T10:47:58+00:00;20260918104758-060407
ABECHERAS;delete;2026-09-18T10:47:58+00:00;20260918104758-060407
ABECHEREZ;delete;2026-09-18T10:47:58+00:00;20260918104758-060407
ABECHIONS;delete;2026-09-18T10:47:58+00:00;20260918104758-060407
ABECHAIENT;delete;2026-09-18T10:47:58+00:00;20260918104758-060407
ABECHASSES;delete;2026-09-18T10:47:58+00:00;20260918104758-060407
ABECHERAIS;delete;2026-09-18T10:47:58+00:00;20260918104758-060407
ABECHERAIT;delete;2026-09-18T10:47:58+00:00;20260918104758-060407
ABECHERENT;delete;2026-09-18T10:47:58+00:00;20260918104758-060407
ABECHERIEZ;delete;2026-09-18T10:47:58+00:00;20260918104758-060407
ABECHERONS;delete;2026-09-18T10:47:58+00:00;20260918104758-060407
ABECHERONT;delete;2026-09-18T10:47:58+00:00;20260918104758-060407
ABECHASSENT;delete;2026-09-18T10:47:58+00:00;20260918104758-060407
ABECHASSIEZ;delete;2026-09-18T10:47:58+00:00;20260918104758-060407
ABECHERIONS;delete;2026-09-18T10:47:58+00:00;20260918104758-060407
ABECHASSIONS;delete;2026-09-18T10:47:58+00:00;20260918104758-060407
ABECHERAIENT;delete;2026-09-18T10:47:58+00:00;20260918104758-060407
ABECQUA;keep;2026-09-18T10:48:07+00:00;20260918104807-7edd5f
ABECQUE;keep;2026-09-18T10:48:07+00:00;20260918104807-7edd5f
ABECQUAI;keep;2026-09-18T10:48:07+00:00;20260918104807-7edd5f
ABECQUAS;keep;2026-09-18T10:48:07+00:00;20260918104807-7edd5f
ABECQUAT;keep;2026-09-18T10:48:07+00:00;20260918104807-7edd5f
ABECQUEE;keep;2026-09-18T10:48:07+00:00;20260918104807-7edd5f
ABECQUES;keep;2026-09-18T10:48:07+00:00;20260918104807-7edd5f
ABECQUEZ;keep;2026-09-18T10:48:07+00:00;20260918104807-7edd5f
ABECQUER;keep;2026-09-18T10:48:07+00:00;20260918104807-7edd5f
ABECQUAIS;keep;2026-09-18T10:48:07+00:00;20260918104807-7edd5f
ABECQUAIT;keep;2026-09-18T10:48:07+00:00;20260918104807-7edd5f
ABECQUANT;keep;2026-09-18T10:48:07+00:00;20260918104807-7edd5f
ABECQUEES;keep;2026-09-18T10:48:07+00:00;20260918104807-7edd5f
ABECQUENT;keep;2026-09-18T10:48:07+00:00;20260918104807-7edd5f
ABECQUERA;keep;2026-09-18T10:48:07+00:00;20260918104807-7edd5f
ABECQUIEZ;keep;2026-09-18T10:48:07+00:00;20260918104807-7edd5f
ABECQUONS;keep;2026-09-18T10:48:07+00:00;20260918104807-7edd5f
ABECQUAMES;keep;2026-09-18T10:48:07+00:00;20260918104807-7edd5f
ABECQUASSE;keep;2026-09-18T10:48:07+00:00;20260918104807-7edd5f
ABECQUATES;keep;2026-09-18T10:48:07+00:00;20260918104807-7edd5f
ABECQUERAI;keep;2026-09-18T10:48:07+00:00;20260918104807-7edd5f
ABECQUERAS;keep;2026-09-18T10:48:07+00:00;20260918104807-7edd5f
ABECQUEREZ;keep;2026-09-18T10:48:07+00:00;20260918104807-7edd5f
ABECQUIONS;keep;2026-09-18T10:48:07+00:00;20260918104807-7edd5f
ABECQUAIENT;keep;2026-09-18T10:48:07+00:00;20260918104807-7edd5f
ABECQUASSES;keep;2026-09-18T10:48:07+00:00;20260918104807-7edd5f
ABECQUERAIS;keep;2026-09-18T10:48:07+00:00;20260918104807-7edd5f
ABECQUERAIT;keep;2026-09-18T10:48:07+00:00;20260918104807-7edd5f
ABECQUERENT;keep;2026-09-18T10:48:07+00:00;20260918104807-7edd5f
ABECQUERIEZ;keep;2026-09-18T10:48:07+00:00;20260918104807-7edd5f
ABECQUERONS;keep;2026-09-18T10:48:07+00:00;20260918104807-7edd5f
ABECQUERONT;keep;2026-09-18T10:48:07+00:00;20260918104807-7edd5f
ABECQUASSENT;keep;2026-09-18T10:48:07+00:00;20260918104807-7edd5f
ABECQUASSIEZ;keep;2026-09-18T10:48:07+00:00;20260918104807-7edd5f
ABECQUERIONS;keep;2026-09-18T10:48:07+00:00;20260918104807-7edd5f
ABECQUASSIONS;keep;2026-09-18T10:48:07+00:00;20260918104807-7edd5f
ABECQUERAIENT;keep;2026-09-18T10:48:07+00:00;20260918104807-7edd5f
ABEILLER;delete;2026-09-18T10:48:12+00:00;20260918104812-6e50d9
ABEILLERE;delete;2026-09-18T10:48:12+00:00;20260918104812-6e50d9
ABEILLERS;delete;2026-09-18T10:48:12+00:00;20260918104812-6e50d9
ABEILLERES;delete;2026-09-18T10:48:12+00:00;20260918104812-6e50d9
ABELIEN;delete;2026-09-18T10:48:15+00:00;20260918104815-0fd3e4
ABELIENS;delete;2026-09-18T10:48:15+00:00;20260918104815-0fd3e4
ABELIENNE;delete;2026-09-18T10:48:15+00:00;20260918104815-0fd3e4
ABELIENNES;delete;2026-09-18T10:48:15+00:00;20260918104815-0fd3e4
ABELISA;delete;2026-09-18T10:48:22+00:00;20260918104822-0d8cd4
ABELISE;delete;2026-09-18T10:48:22+00:00;20260918104822-0d8cd4
ABELISAI;delete;2026-09-18T10:48:22+00:00;20260918104822-0d8cd4
ABELISAS;delete;2026-09-18T10:48:22+00:00;20260918104822-0d8cd4
ABELISAT;delete;2026-09-18T10:48:22+00:00;20260918104822-0d8cd4
ABELISEE;delete;2026-09-18T10:48:22+00:00;20260918104822-0d8cd4
ABELISES;delete;2026-09-18T10:48:22+00:00;20260918104822-0d8cd4
ABELISEZ;delete;2026-09-18T10:48:22+00:00;20260918104822-0d8cd4
ABELISER;delete;2026-09-18T10:48:22+00:00;20260918104822-0d8cd4
ABELISAIS;delete;2026-09-18T10:48:22+00:00;20260918104822-0d8cd4
ABELISAIT;delete;2026-09-18T10:48:22+00:00;20260918104822-0d8cd4
ABELISANT;delete;2026-09-18T10:48:22+00:00;20260918104822-0d8cd4
ABELISEES;delete;2026-09-18T10:48:22+00:00;20260918104822-0d8cd4
ABELISENT;delete;2026-09-18T10:48:22+00:00;20260918104822-0d8cd4
ABELISERA;delete;2026-09-18T10:48:22+00:00;20260918104822-0d8cd4
ABELISIEZ;delete;2026-09-18T10:48:22+00:00;20260918104822-0d8cd4
ABELISONS;delete;2026-09-18T10:48:22+00:00;20260918104822-0d8cd4
ABELISAMES;delete;2026-09-18T10:48:22+00:00;20260918104822-0d8cd4
ABELISASSE;delete;2026-09-18T10:48:22+00:00;20260918104822-0d8cd4
ABELISATES;delete;2026-09-18T10:48:22+00:00;20260918104822-0d8cd4
ABELISERAI;delete;2026-09-18T10:48:22+00:00;20260918104822-0d8cd4
ABELISERAS;delete;2026-09-18T10:48:22+00:00;20260918104822-0d8cd4
ABELISEREZ;delete;2026-09-18T10:48:22+00:00;20260918104822-0d8cd4
ABELISIONS;delete;2026-09-18T10:48:22+00:00;20260918104822-0d8cd4
ABELISAIENT;delete;2026-09-18T10:48:22+00:00;20260918104822-0d8cd4
ABELISASSES;delete;2026-09-18T10:48:22+00:00;20260918104822-0d8cd4
ABELISERAIS;delete;2026-09-18T10:48:22+00:00;20260918104822-0d8cd4
ABELISERAIT;delete;2026-09-18T10:48:22+00:00;20260918104822-0d8cd4
ABELISERENT;delete;2026-09-18T10:48:22+00:00;20260918104822-0d8cd4
ABELISERIEZ;delete;2026-09-18T10:48:22+00:00;20260918104822-0d8cd4
ABELISERONS;delete;2026-09-18T10:48:22+00:00;20260918104822-0d8cd4
ABELISERONT;delete;2026-09-18T10:48:22+00:00;20260918104822-0d8cd4
ABELISASSENT;delete;2026-09-18T10:48:22+00:00;20260918104822-0d8cd4
ABELISASSIEZ;delete;2026-09-18T10:48:22+00:00;20260918104822-0d8cd4
ABELISERIONS;delete;2026-09-18T10:48:22+00:00;20260918104822-0d8cd4
ABELISASSIONS;delete;2026-09-18T10:48:22+00:00;20260918104822-0d8cd4
ABELISERAIENT;delete;2026-09-18T10:48:22+00:00;20260918104822-0d8cd4
ABEQUAI;delete;2026-09-18T10:48:31+00:00;20260918104831-e83f07
ABEQUAS;delete;2026-09-18T10:48:31+00:00;20260918104831-e83f07
ABEQUAT;delete;2026-09-18T10:48:31+00:00;20260918104831-e83f07
ABEQUEE;delete;2026-09-18T10:48:31+00:00;20260918104831-e83f07
ABEQUES;delete;2026-09-18T10:48:31+00:00;20260918104831-e83f07
ABEQUEZ;delete;2026-09-18T10:48:31+00:00;20260918104831-e83f07
ABEQUER;delete;2026-09-18T10:48:31+00:00;20260918104831-e83f07
ABEQUAIS;delete;2026-09-18T10:48:31+00:00;20260918104831-e83f07
ABEQUAIT;delete;2026-09-18T10:48:31+00:00;20260918104831-e83f07
ABEQUANT;delete;2026-09-18T10:48:31+00:00;20260918104831-e83f07
ABEQUEES;delete;2026-09-18T10:48:31+00:00;20260918104831-e83f07
ABEQUENT;delete;2026-09-18T10:48:31+00:00;20260918104831-e83f07
ABEQUERA;delete;2026-09-18T10:48:31+00:00;20260918104831-e83f07
ABEQUIEZ;delete;2026-09-18T10:48:31+00:00;20260918104831-e83f07
ABEQUONS;delete;2026-09-18T10:48:31+00:00;20260918104831-e83f07
ABEQUAMES;delete;2026-09-18T10:48:31+00:00;20260918104831-e83f07
ABEQUASSE;delete;2026-09-18T10:48:31+00:00;20260918104831-e83f07
ABEQUATES;delete;2026-09-18T10:48:31+00:00;20260918104831-e83f07
ABEQUERAI;delete;2026-09-18T10:48:31+00:00;20260918104831-e83f07
ABEQUERAS;delete;2026-09-18T10:48:31+00:00;20260918104831-e83f07
ABEQUEREZ;delete;2026-09-18T10:48:31+00:00;20260918104831-e83f07
ABEQUIONS;delete;2026-09-18T10:48:31+00:00;20260918104831-e83f07
ABEQUAIENT;delete;2026-09-18T10:48:31+00:00;20260918104831-e83f07
ABEQUASSES;delete;2026-09-18T10:48:31+00:00;20260918104831-e83f07
ABEQUERAIS;delete;2026-09-18T10:48:31+00:00;20260918104831-e83f07
ABEQUERAIT;delete;2026-09-18T10:48:31+00:00;20260918104831-e83f07
ABEQUERENT;delete;2026-09-18T10:48:31+00:00;20260918104831-e83f07
ABEQUERIEZ;delete;2026-09-18T10:48:31+00:00;20260918104831-e83f07
ABEQUERONS;delete;2026-09-18T10:48:31+00:00;20260918104831-e83f07
ABEQUERONT;delete;2026-09-18T10:48:31+00:00;20260918104831-e83f07
ABEQUASSENT;delete;2026-09-18T10:48:31+00:00;20260918104831-e83f07
ABEQUASSIEZ;delete;2026-09-18T10:48:31+00:00;20260918104831-e83f07
ABEQUERIONS;delete;2026-09-18T10:48:31+00:00;20260918104831-e83f07
ABEQUASSIONS;delete;2026-09-18T10:48:31+00:00;20260918104831-e83f07
ABEQUERAIENT;delete;2026-09-18T10:48:31+00:00;20260918104831-e83f07
ABERRAI;delete;2026-09-18T10:48:34+00:00;20260918104834-21216f
ABERRAS;delete;2026-09-18T10:48:34+00:00;20260918104834-21216f
ABERRAT;delete;2026-09-18T10:48:34+00:00;20260918104834-21216f
ABERRES;delete;2026-09-18T10:48:34+00:00;20260918104834-21216f
ABERREZ;delete;2026-09-18T10:48:34+00:00;20260918104834-21216f
ABERRER;delete;2026-09-18T10:48:34+00:00;20260918104834-21216f
ABERRAIS;delete;2026-09-18T10:48:34+00:00;20260918104834-21216f
ABERRAIT;delete;2026-09-18T10:48:34+00:00;20260918104834-21216f
ABERRENT;delete;2026-09-18T10:48:34+00:00;20260918104834-21216f
ABERRERA;delete;2026-09-18T10:48:34+00:00;20260918104834-21216f
ABERRIEZ;delete;2026-09-18T10:48:34+00:00;20260918104834-21216f
ABERRONS;delete;2026-09-18T10:48:34+00:00;20260918104834-21216f
ABERRAMES;delete;2026-09-18T10:48:34+00:00;20260918104834-21216f
ABERRASSE;delete;2026-09-18T10:48:34+00:00;20260918104834-21216f
ABERRATES;delete;2026-09-18T10:48:34+00:00;20260918104834-21216f
ABERRERAI;delete;2026-09-18T10:48:34+00:00;20260918104834-21216f
ABERRERAS;delete;2026-09-18T10:48:34+00:00;20260918104834-21216f
ABERREREZ;delete;2026-09-18T10:48:34+00:00;20260918104834-21216f
ABERRIONS;delete;2026-09-18T10:48:34+00:00;20260918104834-21216f
ABERRAIENT;delete;2026-09-18T10:48:34+00:00;20260918104834-21216f
ABERRASSES;delete;2026-09-18T10:48:34+00:00;20260918104834-21216f
ABERRERAIS;delete;2026-09-18T10:48:34+00:00;20260918104834-21216f
ABERRERAIT;delete;2026-09-18T10:48:34+00:00;20260918104834-21216f
ABERRERENT;delete;2026-09-18T10:48:34+00:00;20260918104834-21216f
ABERRERIEZ;delete;2026-09-18T10:48:34+00:00;20260918104834-21216f
ABERRERONS;delete;2026-09-18T10:48:34+00:00;20260918104834-21216f
ABERRERONT;delete;2026-09-18T10:48:34+00:00;20260918104834-21216f
ABERRASSENT;delete;2026-09-18T10:48:34+00:00;20260918104834-21216f
ABERRASSIEZ;delete;2026-09-18T10:48:34+00:00;20260918104834-21216f
ABERRERIONS;delete;2026-09-18T10:48:34+00:00;20260918104834-21216f
ABERRASSIONS;delete;2026-09-18T10:48:34+00:00;20260918104834-21216f
ABERRERAIENT;delete;2026-09-18T10:48:34+00:00;20260918104834-21216f
ABETI;keep;2026-09-18T10:48:43+00:00;20260918104843-bc1540
ABETIT;keep;2026-09-18T10:48:43+00:00;20260918104843-bc1540
ABETIR;keep;2026-09-18T10:48:43+00:00;20260918104843-bc1540
ABETIRA;keep;2026-09-18T10:48:43+00:00;20260918104843-bc1540
ABETIMES;keep;2026-09-18T10:48:43+00:00;20260918104843-bc1540
ABETIRAI;keep;2026-09-18T10:48:43+00:00;20260918104843-bc1540
ABETIRAS;keep;2026-09-18T10:48:43+00:00;20260918104843-bc1540
ABETIREZ;keep;2026-09-18T10:48:43+00:00;20260918104843-bc1540
ABETISSE;keep;2026-09-18T10:48:43+00:00;20260918104843-bc1540
ABETITES;keep;2026-09-18T10:48:43+00:00;20260918104843-bc1540
ABETIRAIS;keep;2026-09-18T10:48:43+00:00;20260918104843-bc1540
ABETIRAIT;keep;2026-09-18T10:48:43+00:00;20260918104843-bc1540
ABETIRENT;keep;2026-09-18T10:48:43+00:00;20260918104843-bc1540
ABETIRIEZ;keep;2026-09-18T10:48:43+00:00;20260918104843-bc1540
ABETIRONS;keep;2026-09-18T10:48:43+00:00;20260918104843-bc1540
ABETIRONT;keep;2026-09-18T10:48:43+00:00;20260918104843-bc1540
ABETISSES;keep;2026-09-18T10:48:43+00:00;20260918104843-bc1540
ABETISSEZ;keep;2026-09-18T10:48:43+00:00;20260918104843-bc1540
ABETIRIONS;keep;2026-09-18T10:48:43+00:00;20260918104843-bc1540
ABETISSAIS;keep;2026-09-18T10:48:43+00:00;20260918104843-bc1540
ABETISSENT;keep;2026-09-18T10:48:43+00:00;20260918104843-bc1540
ABETISSIEZ;keep;2026-09-18T10:48:43+00:00;20260918104843-bc1540
ABETISSONS;keep;2026-09-18T10:48:43+00:00;20260918104843-bc1540
ABETISSANT;keep;2026-09-18T10:48:43+00:00;20260918104843-bc1540
ABETISSAIT;keep;2026-09-18T10:48:43+00:00;20260918104843-bc1540
ABETIRAIENT;keep;2026-09-18T10:48:43+00:00;20260918104843-bc1540
ABETISSIONS;keep;2026-09-18T10:48:43+00:00;20260918104843-bc1540
ABETISSAIENT;keep;2026-09-18T10:48:43+00:00;20260918104843-bc1540
ABHORRA;delete;2026-09-18T10:48:50+00:00;20260918104850-6d9903
ABHORRE;delete;2026-09-18T10:48:50+00:00;20260918104850-6d9903
ABHORRAI;delete;2026-09-18T10:48:50+00:00;20260918104850-6d9903
ABHORRAS;delete;2026-09-18T10:48:50+00:00;20260918104850-6d9903
ABHORRAT;delete;2026-09-18T10:48:50+00:00;20260918104850-6d9903
ABHORREZ;delete;2026-09-18T10:48:50+00:00;20260918104850-6d9903
ABHORRES;delete;2026-09-18T10:48:50+00:00;20260918104850-6d9903
ABHORRER;delete;2026-09-18T10:48:50+00:00;20260918104850-6d9903
ABHORREE;delete;2026-09-18T10:48:50+00:00;20260918104850-6d9903
ABHORREES;delete;2026-09-18T10:48:50+00:00;20260918104850-6d9903
ABHORRENT;delete;2026-09-18T10:48:50+00:00;20260918104850-6d9903
ABHORRERA;delete;2026-09-18T10:48:50+00:00;20260918104850-6d9903
ABHORRIEZ;delete;2026-09-18T10:48:50+00:00;20260918104850-6d9903
ABHORRONS;delete;2026-09-18T10:48:50+00:00;20260918104850-6d9903
ABHORRAIS;delete;2026-09-18T10:48:50+00:00;20260918104850-6d9903
ABHORRANT;delete;2026-09-18T10:48:50+00:00;20260918104850-6d9903
ABHORRAIT;delete;2026-09-18T10:48:50+00:00;20260918104850-6d9903
ABHORRAMES;delete;2026-09-18T10:48:50+00:00;20260918104850-6d9903
ABHORRASSE;delete;2026-09-18T10:48:50+00:00;20260918104850-6d9903
ABHORRATES;delete;2026-09-18T10:48:50+00:00;20260918104850-6d9903
ABHORRERAI;delete;2026-09-18T10:48:50+00:00;20260918104850-6d9903
ABHORRERAS;delete;2026-09-18T10:48:50+00:00;20260918104850-6d9903
ABHORREREZ;delete;2026-09-18T10:48:50+00:00;20260918104850-6d9903
ABHORRIONS;delete;2026-09-18T10:48:50+00:00;20260918104850-6d9903
ABHORRAIENT;delete;2026-09-18T10:48:50+00:00;20260918104850-6d9903
ABHORRASSES;delete;2026-09-18T10:48:50+00:00;20260918104850-6d9903
ABHORRERAIS;delete;2026-09-18T10:48:50+00:00;20260918104850-6d9903
ABHORRERAIT;delete;2026-09-18T10:48:50+00:00;20260918104850-6d9903
ABHORRERENT;delete;2026-09-18T10:48:50+00:00;20260918104850-6d9903
ABHORRERIEZ;delete;2026-09-18T10:48:50+00:00;20260918104850-6d9903
ABHORRERONS;delete;2026-09-18T10:48:50+00:00;20260918104850-6d9903
ABHORRERONT;delete;2026-09-18T10:48:50+00:00;20260918104850-6d9903
ABHORRASSENT;delete;2026-09-18T10:48:50+00:00;20260918104850-6d9903
ABHORRASSIEZ;delete;2026-09-18T10:48:50+00:00;20260918104850-6d9903
ABHORRERIONS;delete;2026-09-18T10:48:50+00:00;20260918104850-6d9903
ABHORRASSIONS;delete;2026-09-18T10:48:50+00:00;20260918104850-6d9903
ABHORRERAIENT;delete;2026-09-18T10:48:50+00:00;20260918104850-6d9903
ABIETIN;delete;2026-09-18T10:49:11+00:00;20260918104911-31e82a
ABIETINS;delete;2026-09-18T10:49:11+00:00;20260918104911-31e82a
ABIETINE;delete;2026-09-18T10:49:11+00:00;20260918104911-31e82a
ABIETINES;delete;2026-09-18T10:49:11+00:00;20260918104911-31e82a
ABIMA;keep;2026-09-18T10:49:14+00:00;20260918104914-dab9ab
ABIMAI;keep;2026-09-18T10:49:14+00:00;20260918104914-dab9ab
ABIMEZ;keep;2026-09-18T10:49:14+00:00;20260918104914-dab9ab
ABIMEE;keep;2026-09-18T10:49:14+00:00;20260918104914-dab9ab
ABIMAIS;keep;2026-09-18T10:49:14+00:00;20260918104914-dab9ab
ABIMIEZ;keep;2026-09-18T10:49:14+00:00;20260918104914-dab9ab
ABIMONS;keep;2026-09-18T10:49:14+00:00;20260918104914-dab9ab
ABIMERA;keep;2026-09-18T10:49:14+00:00;20260918104914-dab9ab
ABIMANT;keep;2026-09-18T10:49:14+00:00;20260918104914-dab9ab
ABIMENT;keep;2026-09-18T10:49:14+00:00;20260918104914-dab9ab
ABIMAIT;keep;2026-09-18T10:49:14+00:00;20260918104914-dab9ab
ABIMEES;keep;2026-09-18T10:49:14+00:00;20260918104914-dab9ab
ABIMAMES;keep;2026-09-18T10:49:14+00:00;20260918104914-dab9ab
ABIMANTE;keep;2026-09-18T10:49:14+00:00;20260918104914-dab9ab
ABIMANTS;keep;2026-09-18T10:49:14+00:00;20260918104914-dab9ab
ABIMASSE;keep;2026-09-18T10:49:14+00:00;20260918104914-dab9ab
ABIMATES;keep;2026-09-18T10:49:14+00:00;20260918104914-dab9ab
ABIMERAI;keep;2026-09-18T10:49:14+00:00;20260918104914-dab9ab
ABIMEREZ;keep;2026-09-18T10:49:14+00:00;20260918104914-dab9ab
ABIMERAS;keep;2026-09-18T10:49:14+00:00;20260918104914-dab9ab
ABIMIONS;keep;2026-09-18T10:49:14+00:00;20260918104914-dab9ab
ABIMANTES;keep;2026-09-18T10:49:14+00:00;20260918104914-dab9ab
ABIMASSES;keep;2026-09-18T10:49:14+00:00;20260918104914-dab9ab
ABIMERENT;keep;2026-09-18T10:49:14+00:00;20260918104914-dab9ab
ABIMERIEZ;keep;2026-09-18T10:49:14+00:00;20260918104914-dab9ab
ABIMERONS;keep;2026-09-18T10:49:14+00:00;20260918104914-dab9ab
ABIMERAIS;keep;2026-09-18T10:49:14+00:00;20260918104914-dab9ab
ABIMERONT;keep;2026-09-18T10:49:14+00:00;20260918104914-dab9ab
ABIMERAIT;keep;2026-09-18T10:49:14+00:00;20260918104914-dab9ab
ABIMAIENT;keep;2026-09-18T10:49:14+00:00;20260918104914-dab9ab
ABIMASSENT;keep;2026-09-18T10:49:14+00:00;20260918104914-dab9ab
ABIMASSIEZ;keep;2026-09-18T10:49:14+00:00;20260918104914-dab9ab
ABIMERIONS;keep;2026-09-18T10:49:14+00:00;20260918104914-dab9ab
ABIMASSIONS;keep;2026-09-18T10:49:14+00:00;20260918104914-dab9ab
ABIMERAIENT;keep;2026-09-18T10:49:14+00:00;20260918104914-dab9ab
BEAI;delete;2026-09-18T10:49:57+00:00;20260918104957-revision.1c2fd3
BEAIS;delete;2026-09-18T10:50:00+00:00;20260918105000-revision.5fe0b6
BEAS;delete;2026-09-18T10:50:02+00:00;20260918105002-revision.d09f9f
BEERA;delete;2026-09-18T10:50:03+00:00;20260918105003-revision.92ab8a
BEEZ;delete;2026-09-18T10:50:03+00:00;20260918105003-revision.f85693
BEIEZ;delete;2026-09-18T10:50:03+00:00;20260918105003-revision.f673cd
BEONS;delete;2026-09-18T10:50:04+00:00;20260918105004-revision.d86cb0
BEONS;undo;2026-09-18T10:50:08+00:00;20260918105004-revision.d86cb0
BEQUA;keep;2026-09-18T10:50:16+00:00;20260918105016-revision.652dff
BEQUE;keep;2026-09-18T10:50:17+00:00;20260918105017-revision.e512a4
BITA;delete;2026-09-18T10:50:18+00:00;20260918105018-revision.4cac8d
BITAI;delete;2026-09-18T10:50:20+00:00;20260918105020-revision.f96c46
BITAI;undo;2026-09-18T10:50:26+00:00;20260918105020-revision.f96c46
BITAI;keep;2026-09-18T10:50:27+00:00;20260918105027-revision.d11393
BITAS;keep;2026-09-18T10:50:28+00:00;20260918105028-revision.7d045b
BITAT;keep;2026-09-18T10:50:29+00:00;20260918105029-revision.e59b32
BITEE;keep;2026-09-18T10:50:32+00:00;20260918105032-revision.bf9c33
BITEZ;keep;2026-09-18T10:50:33+00:00;20260918105033-revision.7faf6f
BOTES;delete;2026-09-18T10:50:38+00:00;20260918105038-revision.e826b1
BOTS;delete;2026-09-18T10:50:39+00:00;20260918105039-revision.03e21b
BOTS;undo;2026-09-18T10:50:40+00:00;20260918105039-revision.03e21b
DATAI;keep;2026-09-18T10:50:46+00:00;20260918105046-revision.01d4d5
DATAS;keep;2026-09-18T10:50:47+00:00;20260918105047-revision.babd12
DATAT;keep;2026-09-18T10:50:47+00:00;20260918105047-revision.445cf7
ABJURE;keep;2026-09-18T10:51:08+00:00;20260918105108-f48088
ABJURAI;keep;2026-09-18T10:51:08+00:00;20260918105108-f48088
ABJURAS;keep;2026-09-18T10:51:08+00:00;20260918105108-f48088
ABJURAT;keep;2026-09-18T10:51:08+00:00;20260918105108-f48088
ABJUREE;keep;2026-09-18T10:51:08+00:00;20260918105108-f48088
ABJURES;keep;2026-09-18T10:51:08+00:00;20260918105108-f48088
ABJUREZ;keep;2026-09-18T10:51:08+00:00;20260918105108-f48088
ABJURER;keep;2026-09-18T10:51:08+00:00;20260918105108-f48088
ABJURAIS;keep;2026-09-18T10:51:08+00:00;20260918105108-f48088
ABJURAIT;keep;2026-09-18T10:51:08+00:00;20260918105108-f48088
ABJUREES;keep;2026-09-18T10:51:08+00:00;20260918105108-f48088
ABJURENT;keep;2026-09-18T10:51:08+00:00;20260918105108-f48088
ABJURERA;keep;2026-09-18T10:51:08+00:00;20260918105108-f48088
ABJURIEZ;keep;2026-09-18T10:51:08+00:00;20260918105108-f48088
ABJURONS;keep;2026-09-18T10:51:08+00:00;20260918105108-f48088
ABJURANT;keep;2026-09-18T10:51:08+00:00;20260918105108-f48088
ABJURAMES;keep;2026-09-18T10:51:08+00:00;20260918105108-f48088
ABJURASSE;keep;2026-09-18T10:51:08+00:00;20260918105108-f48088
ABJURATES;keep;2026-09-18T10:51:08+00:00;20260918105108-f48088
ABJURERAI;keep;2026-09-18T10:51:08+00:00;20260918105108-f48088
ABJURERAS;keep;2026-09-18T10:51:08+00:00;20260918105108-f48088
ABJUREREZ;keep;2026-09-18T10:51:08+00:00;20260918105108-f48088
ABJURIONS;keep;2026-09-18T10:51:08+00:00;20260918105108-f48088
ABJURAIENT;keep;2026-09-18T10:51:08+00:00;20260918105108-f48088
ABJURASSES;keep;2026-09-18T10:51:08+00:00;20260918105108-f48088
ABJURERAIS;keep;2026-09-18T10:51:08+00:00;20260918105108-f48088
ABJURERAIT;keep;2026-09-18T10:51:08+00:00;20260918105108-f48088
ABJURERENT;keep;2026-09-18T10:51:08+00:00;20260918105108-f48088
ABJURERIEZ;keep;2026-09-18T10:51:08+00:00;20260918105108-f48088
ABJURERONS;keep;2026-09-18T10:51:08+00:00;20260918105108-f48088
ABJURERONT;keep;2026-09-18T10:51:08+00:00;20260918105108-f48088
ABJURASSENT;keep;2026-09-18T10:51:08+00:00;20260918105108-f48088
ABJURASSIEZ;keep;2026-09-18T10:51:08+00:00;20260918105108-f48088
ABJURERIONS;keep;2026-09-18T10:51:08+00:00;20260918105108-f48088
ABJURASSIONS;keep;2026-09-18T10:51:08+00:00;20260918105108-f48088
ABJURERAIENT;keep;2026-09-18T10:51:08+00:00;20260918105108-f48088
ABLATAI;delete;2026-09-18T10:51:15+00:00;20260918105115-965956
ABLATAS;delete;2026-09-18T10:51:15+00:00;20260918105115-965956
ABLATAT;delete;2026-09-18T10:51:15+00:00;20260918105115-965956
ABLATEE;delete;2026-09-18T10:51:15+00:00;20260918105115-965956
ABLATES;delete;2026-09-18T10:51:15+00:00;20260918105115-965956
ABLATEZ;delete;2026-09-18T10:51:15+00:00;20260918105115-965956
ABLATER;delete;2026-09-18T10:51:15+00:00;20260918105115-965956
ABLATAIS;delete;2026-09-18T10:51:15+00:00;20260918105115-965956
ABLATAIT;delete;2026-09-18T10:51:15+00:00;20260918105115-965956
ABLATANT;delete;2026-09-18T10:51:15+00:00;20260918105115-965956
ABLATEES;delete;2026-09-18T10:51:15+00:00;20260918105115-965956
ABLATENT;delete;2026-09-18T10:51:15+00:00;20260918105115-965956
ABLATERA;delete;2026-09-18T10:51:15+00:00;20260918105115-965956
ABLATIEZ;delete;2026-09-18T10:51:15+00:00;20260918105115-965956
ABLATONS;delete;2026-09-18T10:51:15+00:00;20260918105115-965956
ABLATAMES;delete;2026-09-18T10:51:15+00:00;20260918105115-965956
ABLATASSE;delete;2026-09-18T10:51:15+00:00;20260918105115-965956
ABLATATES;delete;2026-09-18T10:51:15+00:00;20260918105115-965956
ABLATERAI;delete;2026-09-18T10:51:15+00:00;20260918105115-965956
ABLATERAS;delete;2026-09-18T10:51:15+00:00;20260918105115-965956
ABLATEREZ;delete;2026-09-18T10:51:15+00:00;20260918105115-965956
ABLATAIENT;delete;2026-09-18T10:51:15+00:00;20260918105115-965956
ABLATASSES;delete;2026-09-18T10:51:15+00:00;20260918105115-965956
ABLATERAIS;delete;2026-09-18T10:51:15+00:00;20260918105115-965956
ABLATERAIT;delete;2026-09-18T10:51:15+00:00;20260918105115-965956
ABLATERENT;delete;2026-09-18T10:51:15+00:00;20260918105115-965956
ABLATERIEZ;delete;2026-09-18T10:51:15+00:00;20260918105115-965956
ABLATERONS;delete;2026-09-18T10:51:15+00:00;20260918105115-965956
ABLATERONT;delete;2026-09-18T10:51:15+00:00;20260918105115-965956
ABLATASSENT;delete;2026-09-18T10:51:15+00:00;20260918105115-965956
ABLATASSIEZ;delete;2026-09-18T10:51:15+00:00;20260918105115-965956
ABLATERIONS;delete;2026-09-18T10:51:15+00:00;20260918105115-965956
ABLATASSIONS;delete;2026-09-18T10:51:15+00:00;20260918105115-965956
ABLATERAIENT;delete;2026-09-18T10:51:15+00:00;20260918105115-965956
ABLATIF;delete;2026-09-18T10:51:18+00:00;20260918105118-709690
ABLATIFS;delete;2026-09-18T10:51:18+00:00;20260918105118-709690
ABLATIVE;delete;2026-09-18T10:51:18+00:00;20260918105118-709690
ABLATIVES;delete;2026-09-18T10:51:18+00:00;20260918105118-709690
ABLOQUA;delete;2026-09-18T10:51:21+00:00;20260918105121-27310e
ABLOQUE;delete;2026-09-18T10:51:21+00:00;20260918105121-27310e
ABLOQUAI;delete;2026-09-18T10:51:21+00:00;20260918105121-27310e
ABLOQUAS;delete;2026-09-18T10:51:21+00:00;20260918105121-27310e
ABLOQUAT;delete;2026-09-18T10:51:21+00:00;20260918105121-27310e
ABLOQUEE;delete;2026-09-18T10:51:21+00:00;20260918105121-27310e
ABLOQUES;delete;2026-09-18T10:51:21+00:00;20260918105121-27310e
ABLOQUEZ;delete;2026-09-18T10:51:21+00:00;20260918105121-27310e
ABLOQUER;delete;2026-09-18T10:51:21+00:00;20260918105121-27310e
ABLOQUAIS;delete;2026-09-18T10:51:21+00:00;20260918105121-27310e
ABLOQUAIT;delete;2026-09-18T10:51:21+00:00;20260918105121-27310e
ABLOQUANT;delete;2026-09-18T10:51:21+00:00;20260918105121-27310e
ABLOQUEES;delete;2026-09-18T10:51:21+00:00;20260918105121-27310e
ABLOQUENT;delete;2026-09-18T10:51:21+00:00;20260918105121-27310e
ABLOQUERA;delete;2026-09-18T10:51:21+00:00;20260918105121-27310e
ABLOQUONS;delete;2026-09-18T10:51:21+00:00;20260918105121-27310e
ABLOQUIEZ;delete;2026-09-18T10:51:21+00:00;20260918105121-27310e
ABLOQUAMES;delete;2026-09-18T10:51:21+00:00;20260918105121-27310e
ABLOQUASSE;delete;2026-09-18T10:51:21+00:00;20260918105121-27310e
ABLOQUATES;delete;2026-09-18T10:51:21+00:00;20260918105121-27310e
ABLOQUERAI;delete;2026-09-18T10:51:21+00:00;20260918105121-27310e
ABLOQUERAS;delete;2026-09-18T10:51:21+00:00;20260918105121-27310e
ABLOQUEREZ;delete;2026-09-18T10:51:21+00:00;20260918105121-27310e
ABLOQUIONS;delete;2026-09-18T10:51:21+00:00;20260918105121-27310e
ABLOQUAIENT;delete;2026-09-18T10:51:21+00:00;20260918105121-27310e
ABLOQUASSES;delete;2026-09-18T10:51:21+00:00;20260918105121-27310e
ABLOQUERAIS;delete;2026-09-18T10:51:21+00:00;20260918105121-27310e
ABLOQUERAIT;delete;2026-09-18T10:51:21+00:00;20260918105121-27310e
ABLOQUERENT;delete;2026-09-18T10:51:21+00:00;20260918105121-27310e
ABLOQUERIEZ;delete;2026-09-18T10:51:21+00:00;20260918105121-27310e
ABLOQUERONS;delete;2026-09-18T10:51:21+00:00;20260918105121-27310e
ABLOQUERONT;delete;2026-09-18T10:51:21+00:00;20260918105121-27310e
ABLOQUASSENT;delete;2026-09-18T10:51:21+00:00;20260918105121-27310e
ABLOQUASSIEZ;delete;2026-09-18T10:51:21+00:00;20260918105121-27310e
ABLOQUERIONS;delete;2026-09-18T10:51:21+00:00;20260918105121-27310e
ABLOQUASSIONS;delete;2026-09-18T10:51:21+00:00;20260918105121-27310e
ABLOQUERAIENT;delete;2026-09-18T10:51:21+00:00;20260918105121-27310e
ABLUAI;delete;2026-09-18T10:51:22+00:00;20260918105122-df3dc7
ABLUAS;delete;2026-09-18T10:51:22+00:00;20260918105122-df3dc7
ABLUAT;delete;2026-09-18T10:51:22+00:00;20260918105122-df3dc7
ABLUEE;delete;2026-09-18T10:51:22+00:00;20260918105122-df3dc7
ABLUES;delete;2026-09-18T10:51:22+00:00;20260918105122-df3dc7
ABLUEZ;delete;2026-09-18T10:51:22+00:00;20260918105122-df3dc7
ABLUER;delete;2026-09-18T10:51:22+00:00;20260918105122-df3dc7
ABLUAIS;delete;2026-09-18T10:51:22+00:00;20260918105122-df3dc7
ABLUAIT;delete;2026-09-18T10:51:22+00:00;20260918105122-df3dc7
ABLUEES;delete;2026-09-18T10:51:22+00:00;20260918105122-df3dc7
ABLUERA;delete;2026-09-18T10:51:22+00:00;20260918105122-df3dc7
ABLUIEZ;delete;2026-09-18T10:51:22+00:00;20260918105122-df3dc7
ABLUONS;delete;2026-09-18T10:51:22+00:00;20260918105122-df3dc7
ABLUANT;delete;2026-09-18T10:51:22+00:00;20260918105122-df3dc7
ABLUENT;delete;2026-09-18T10:51:22+00:00;20260918105122-df3dc7
ABLUAMES;delete;2026-09-18T10:51:22+00:00;20260918105122-df3dc7
ABLUASSE;delete;2026-09-18T10:51:22+00:00;20260918105122-df3dc7
ABLUATES;delete;2026-09-18T10:51:22+00:00;20260918105122-df3dc7
ABLUERAI;delete;2026-09-18T10:51:22+00:00;20260918105122-df3dc7
ABLUERAS;delete;2026-09-18T10:51:22+00:00;20260918105122-df3dc7
ABLUEREZ;delete;2026-09-18T10:51:22+00:00;20260918105122-df3dc7
ABLUIONS;delete;2026-09-18T10:51:22+00:00;20260918105122-df3dc7
ABLUAIENT;delete;2026-09-18T10:51:22+00:00;20260918105122-df3dc7
ABLUASSES;delete;2026-09-18T10:51:22+00:00;20260918105122-df3dc7
ABLUERAIS;delete;2026-09-18T10:51:22+00:00;20260918105122-df3dc7
ABLUERAIT;delete;2026-09-18T10:51:22+00:00;20260918105122-df3dc7
ABLUERENT;delete;2026-09-18T10:51:22+00:00;20260918105122-df3dc7
ABLUERIEZ;delete;2026-09-18T10:51:22+00:00;20260918105122-df3dc7
ABLUERONS;delete;2026-09-18T10:51:22+00:00;20260918105122-df3dc7
ABLUERONT;delete;2026-09-18T10:51:22+00:00;20260918105122-df3dc7
ABLUASSENT;delete;2026-09-18T10:51:22+00:00;20260918105122-df3dc7
ABLUASSIEZ;delete;2026-09-18T10:51:22+00:00;20260918105122-df3dc7
ABLUERIONS;delete;2026-09-18T10:51:22+00:00;20260918105122-df3dc7
ABLUASSIONS;delete;2026-09-18T10:51:22+00:00;20260918105122-df3dc7
ABLUERAIENT;delete;2026-09-18T10:51:22+00:00;20260918105122-df3dc7
ABOYE;keep;2026-09-18T10:51:24+00:00;20260918105124-a4c0e3
ABOYA;keep;2026-09-18T10:51:24+00:00;20260918105124-a4c0e3
ABOIE;keep;2026-09-18T10:51:24+00:00;20260918105124-a4c0e3
ABOYAI;keep;2026-09-18T10:51:24+00:00;20260918105124-a4c0e3
ABOYAS;keep;2026-09-18T10:51:24+00:00;20260918105124-a4c0e3
ABOYAT;keep;2026-09-18T10:51:24+00:00;20260918105124-a4c0e3
ABOYEE;keep;2026-09-18T10:51:24+00:00;20260918105124-a4c0e3
ABOYES;keep;2026-09-18T10:51:24+00:00;20260918105124-a4c0e3
ABOYEZ;keep;2026-09-18T10:51:24+00:00;20260918105124-a4c0e3
ABOIES;keep;2026-09-18T10:51:24+00:00;20260918105124-a4c0e3
ABOYER;keep;2026-09-18T10:51:24+00:00;20260918105124-a4c0e3
ABOYAIS;keep;2026-09-18T10:51:24+00:00;20260918105124-a4c0e3
ABOYEES;keep;2026-09-18T10:51:24+00:00;20260918105124-a4c0e3
ABOYIEZ;keep;2026-09-18T10:51:24+00:00;20260918105124-a4c0e3
ABOYONS;keep;2026-09-18T10:51:24+00:00;20260918105124-a4c0e3
ABOIERA;keep;2026-09-18T10:51:24+00:00;20260918105124-a4c0e3
ABOIENT;keep;2026-09-18T10:51:24+00:00;20260918105124-a4c0e3
ABOYANT;keep;2026-09-18T10:51:24+00:00;20260918105124-a4c0e3
ABOYAIT;keep;2026-09-18T10:51:24+00:00;20260918105124-a4c0e3
ABOIERAI;keep;2026-09-18T10:51:24+00:00;20260918105124-a4c0e3
ABOIERAS;keep;2026-09-18T10:51:24+00:00;20260918105124-a4c0e3
ABOIEREZ;keep;2026-09-18T10:51:24+00:00;20260918105124-a4c0e3
ABOYAMES;keep;2026-09-18T10:51:24+00:00;20260918105124-a4c0e3
ABOYASSE;keep;2026-09-18T10:51:24+00:00;20260918105124-a4c0e3
ABOYATES;keep;2026-09-18T10:51:24+00:00;20260918105124-a4c0e3
ABOYIONS;keep;2026-09-18T10:51:24+00:00;20260918105124-a4c0e3
ABOIERAIS;keep;2026-09-18T10:51:24+00:00;20260918105124-a4c0e3
ABOIERIEZ;keep;2026-09-18T10:51:24+00:00;20260918105124-a4c0e3
ABOIERONS;keep;2026-09-18T10:51:24+00:00;20260918105124-a4c0e3
ABOYASSES;keep;2026-09-18T10:51:24+00:00;20260918105124-a4c0e3
ABOIERAIT;keep;2026-09-18T10:51:24+00:00;20260918105124-a4c0e3
ABOIERONT;keep;2026-09-18T10:51:24+00:00;20260918105124-a4c0e3
ABOYERENT;keep;2026-09-18T10:51:24+00:00;20260918105124-a4c0e3
ABOYAIENT;keep;2026-09-18T10:51:24+00:00;20260918105124-a4c0e3
ABOIERIONS;keep;2026-09-18T10:51:24+00:00;20260918105124-a4c0e3
ABOYASSENT;keep;2026-09-18T10:51:24+00:00;20260918105124-a4c0e3
ABOYASSIEZ;keep;2026-09-18T10:51:24+00:00;20260918105124-a4c0e3
ABOIERAIENT;keep;2026-09-18T10:51:24+00:00;20260918105124-a4c0e3
ABOYASSIONS;keep;2026-09-18T10:51:24+00:00;20260918105124-a4c0e3
ABOLI;keep;2026-09-18T10:51:26+00:00;20260918105126-969dc1
ABOLIS;keep;2026-09-18T10:51:26+00:00;20260918105126-969dc1
ABOLIT;keep;2026-09-18T10:51:26+00:00;20260918105126-969dc1
ABOLIR;keep;2026-09-18T10:51:26+00:00;20260918105126-969dc1
ABOLIRA;keep;2026-09-18T10:51:26+00:00;20260918105126-969dc1
ABOLIES;keep;2026-09-18T10:51:26+00:00;20260918105126-969dc1
ABOLIMES;keep;2026-09-18T10:51:26+00:00;20260918105126-969dc1
ABOLIRAI;keep;2026-09-18T10:51:26+00:00;20260918105126-969dc1
ABOLIREZ;keep;2026-09-18T10:51:26+00:00;20260918105126-969dc1
ABOLISSE;keep;2026-09-18T10:51:26+00:00;20260918105126-969dc1
ABOLITES;keep;2026-09-18T10:51:26+00:00;20260918105126-969dc1
ABOLIRAS;keep;2026-09-18T10:51:26+00:00;20260918105126-969dc1
ABOLIRAIS;keep;2026-09-18T10:51:26+00:00;20260918105126-969dc1
ABOLIRENT;keep;2026-09-18T10:51:26+00:00;20260918105126-969dc1
ABOLIRIEZ;keep;2026-09-18T10:51:26+00:00;20260918105126-969dc1
ABOLIRONS;keep;2026-09-18T10:51:26+00:00;20260918105126-969dc1
ABOLIRONT;keep;2026-09-18T10:51:26+00:00;20260918105126-969dc1
ABOLISSES;keep;2026-09-18T10:51:26+00:00;20260918105126-969dc1
ABOLISSEZ;keep;2026-09-18T10:51:26+00:00;20260918105126-969dc1
ABOLIRAIT;keep;2026-09-18T10:51:26+00:00;20260918105126-969dc1
ABOLIRIONS;keep;2026-09-18T10:51:26+00:00;20260918105126-969dc1
ABOLISSIEZ;keep;2026-09-18T10:51:26+00:00;20260918105126-969dc1
ABOLISSONS;keep;2026-09-18T10:51:26+00:00;20260918105126-969dc1
ABOLISSAIS;keep;2026-09-18T10:51:26+00:00;20260918105126-969dc1
ABOLISSENT;keep;2026-09-18T10:51:26+00:00;20260918105126-969dc1
ABOLISSAIT;keep;2026-09-18T10:51:26+00:00;20260918105126-969dc1
ABOLISSANT;keep;2026-09-18T10:51:26+00:00;20260918105126-969dc1
ABOLIRAIENT;keep;2026-09-18T10:51:26+00:00;20260918105126-969dc1
ABOLISSIONS;keep;2026-09-18T10:51:26+00:00;20260918105126-969dc1
ABOLISSAIENT;keep;2026-09-18T10:51:26+00:00;20260918105126-969dc1
ABOMINA;keep;2026-09-18T10:51:31+00:00;20260918105131-2d2b58
ABOMINE;keep;2026-09-18T10:51:31+00:00;20260918105131-2d2b58
ABOMINAI;keep;2026-09-18T10:51:31+00:00;20260918105131-2d2b58
ABOMINAS;keep;2026-09-18T10:51:31+00:00;20260918105131-2d2b58
ABOMINAT;keep;2026-09-18T10:51:31+00:00;20260918105131-2d2b58
ABOMINEE;keep;2026-09-18T10:51:31+00:00;20260918105131-2d2b58
ABOMINES;keep;2026-09-18T10:51:31+00:00;20260918105131-2d2b58
ABOMINEZ;keep;2026-09-18T10:51:31+00:00;20260918105131-2d2b58
ABOMINER;keep;2026-09-18T10:51:31+00:00;20260918105131-2d2b58
ABOMINAIS;keep;2026-09-18T10:51:31+00:00;20260918105131-2d2b58
ABOMINAIT;keep;2026-09-18T10:51:31+00:00;20260918105131-2d2b58
ABOMINANT;keep;2026-09-18T10:51:31+00:00;20260918105131-2d2b58
ABOMINEES;keep;2026-09-18T10:51:31+00:00;20260918105131-2d2b58
ABOMINENT;keep;2026-09-18T10:51:31+00:00;20260918105131-2d2b58
ABOMINERA;keep;2026-09-18T10:51:31+00:00;20260918105131-2d2b58
ABOMINIEZ;keep;2026-09-18T10:51:31+00:00;20260918105131-2d2b58
ABOMINONS;keep;2026-09-18T10:51:31+00:00;20260918105131-2d2b58
ABOMINAMES;keep;2026-09-18T10:51:31+00:00;20260918105131-2d2b58
ABOMINASSE;keep;2026-09-18T10:51:31+00:00;20260918105131-2d2b58
ABOMINATES;keep;2026-09-18T10:51:31+00:00;20260918105131-2d2b58
ABOMINERAI;keep;2026-09-18T10:51:31+00:00;20260918105131-2d2b58
ABOMINERAS;keep;2026-09-18T10:51:31+00:00;20260918105131-2d2b58
ABOMINEREZ;keep;2026-09-18T10:51:31+00:00;20260918105131-2d2b58
ABOMINIONS;keep;2026-09-18T10:51:31+00:00;20260918105131-2d2b58
ABOMINASSES;keep;2026-09-18T10:51:31+00:00;20260918105131-2d2b58
ABOMINERAIS;keep;2026-09-18T10:51:31+00:00;20260918105131-2d2b58
ABOMINERAIT;keep;2026-09-18T10:51:31+00:00;20260918105131-2d2b58
ABOMINERENT;keep;2026-09-18T10:51:31+00:00;20260918105131-2d2b58
ABOMINERIEZ;keep;2026-09-18T10:51:31+00:00;20260918105131-2d2b58
ABOMINERONS;keep;2026-09-18T10:51:31+00:00;20260918105131-2d2b58
ABOMINERONT;keep;2026-09-18T10:51:31+00:00;20260918105131-2d2b58
ABOMINAIENT;keep;2026-09-18T10:51:31+00:00;20260918105131-2d2b58
ABOMINASSENT;keep;2026-09-18T10:51:31+00:00;20260918105131-2d2b58
ABOMINASSIEZ;keep;2026-09-18T10:51:31+00:00;20260918105131-2d2b58
ABOMINERIONS;keep;2026-09-18T10:51:31+00:00;20260918105131-2d2b58
ABOMINASSIONS;keep;2026-09-18T10:51:31+00:00;20260918105131-2d2b58
ABOMINERAIENT;keep;2026-09-18T10:51:31+00:00;20260918105131-2d2b58
ABONDA;keep;2026-09-18T10:51:32+00:00;20260918105132-f70b23
ABONDE;keep;2026-09-18T10:51:32+00:00;20260918105132-f70b23
ABONDAS;keep;2026-09-18T10:51:32+00:00;20260918105132-f70b23
ABONDAT;keep;2026-09-18T10:51:32+00:00;20260918105132-f70b23
ABONDES;keep;2026-09-18T10:51:32+00:00;20260918105132-f70b23
ABONDEZ;keep;2026-09-18T10:51:32+00:00;20260918105132-f70b23
ABONDAI;keep;2026-09-18T10:51:32+00:00;20260918105132-f70b23
ABONDER;keep;2026-09-18T10:51:32+00:00;20260918105132-f70b23
ABONDERA;keep;2026-09-18T10:51:32+00:00;20260918105132-f70b23
ABONDIEZ;keep;2026-09-18T10:51:32+00:00;20260918105132-f70b23
ABONDONS;keep;2026-09-18T10:51:32+00:00;20260918105132-f70b23
ABONDAIS;keep;2026-09-18T10:51:32+00:00;20260918105132-f70b23
ABONDAIT;keep;2026-09-18T10:51:32+00:00;20260918105132-f70b23
ABONDENT;keep;2026-09-18T10:51:32+00:00;20260918105132-f70b23
ABONDAMES;keep;2026-09-18T10:51:32+00:00;20260918105132-f70b23
ABONDASSE;keep;2026-09-18T10:51:32+00:00;20260918105132-f70b23
ABONDATES;keep;2026-09-18T10:51:32+00:00;20260918105132-f70b23
ABONDERAI;keep;2026-09-18T10:51:32+00:00;20260918105132-f70b23
ABONDERAS;keep;2026-09-18T10:51:32+00:00;20260918105132-f70b23
ABONDEREZ;keep;2026-09-18T10:51:32+00:00;20260918105132-f70b23
ABONDIONS;keep;2026-09-18T10:51:32+00:00;20260918105132-f70b23
ABONDASSES;keep;2026-09-18T10:51:32+00:00;20260918105132-f70b23
ABONDERAIS;keep;2026-09-18T10:51:32+00:00;20260918105132-f70b23
ABONDERAIT;keep;2026-09-18T10:51:32+00:00;20260918105132-f70b23
ABONDERENT;keep;2026-09-18T10:51:32+00:00;20260918105132-f70b23
ABONDERIEZ;keep;2026-09-18T10:51:32+00:00;20260918105132-f70b23
ABONDERONS;keep;2026-09-18T10:51:32+00:00;20260918105132-f70b23
ABONDERONT;keep;2026-09-18T10:51:32+00:00;20260918105132-f70b23
ABONDAIENT;keep;2026-09-18T10:51:32+00:00;20260918105132-f70b23
ABONDASSIEZ;keep;2026-09-18T10:51:32+00:00;20260918105132-f70b23
ABONDERIONS;keep;2026-09-18T10:51:32+00:00;20260918105132-f70b23
ABONDASSENT;keep;2026-09-18T10:51:32+00:00;20260918105132-f70b23
ABONDASSIONS;keep;2026-09-18T10:51:32+00:00;20260918105132-f70b23
ABONDERAIENT;keep;2026-09-18T10:51:32+00:00;20260918105132-f70b23
ABONNA;keep;2026-09-18T10:51:33+00:00;20260918105133-2caaa5
ABONNE;keep;2026-09-18T10:51:33+00:00;20260918105133-2caaa5
ABONNAS;keep;2026-09-18T10:51:33+00:00;20260918105133-2caaa5
ABONNAI;keep;2026-09-18T10:51:33+00:00;20260918105133-2caaa5
ABONNAT;keep;2026-09-18T10:51:33+00:00;20260918105133-2caaa5
ABONNEZ;keep;2026-09-18T10:51:33+00:00;20260918105133-2caaa5
ABONNER;keep;2026-09-18T10:51:33+00:00;20260918105133-2caaa5
ABONNEE;keep;2026-09-18T10:51:33+00:00;20260918105133-2caaa5
ABONNAIS;keep;2026-09-18T10:51:33+00:00;20260918105133-2caaa5
ABONNAIT;keep;2026-09-18T10:51:33+00:00;20260918105133-2caaa5
ABONNENT;keep;2026-09-18T10:51:33+00:00;20260918105133-2caaa5
ABONNERA;keep;2026-09-18T10:51:33+00:00;20260918105133-2caaa5
ABONNIEZ;keep;2026-09-18T10:51:33+00:00;20260918105133-2caaa5
ABONNONS;keep;2026-09-18T10:51:33+00:00;20260918105133-2caaa5
ABONNANT;keep;2026-09-18T10:51:33+00:00;20260918105133-2caaa5
ABONNAMES;keep;2026-09-18T10:51:33+00:00;20260918105133-2caaa5
ABONNASSE;keep;2026-09-18T10:51:33+00:00;20260918105133-2caaa5
ABONNATES;keep;2026-09-18T10:51:33+00:00;20260918105133-2caaa5
ABONNERAI;keep;2026-09-18T10:51:33+00:00;20260918105133-2caaa5
ABONNERAS;keep;2026-09-18T10:51:33+00:00;20260918105133-2caaa5
ABONNEREZ;keep;2026-09-18T10:51:33+00:00;20260918105133-2caaa5
ABONNIONS;keep;2026-09-18T10:51:33+00:00;20260918105133-2caaa5
ABONNAIENT;keep;2026-09-18T10:51:33+00:00;20260918105133-2caaa5
ABONNASSES;keep;2026-09-18T10:51:33+00:00;20260918105133-2caaa5
ABONNERAIS;keep;2026-09-18T10:51:33+00:00;20260918105133-2caaa5
ABONNERAIT;keep;2026-09-18T10:51:33+00:00;20260918105133-2caaa5
ABONNERENT;keep;2026-09-18T10:51:33+00:00;20260918105133-2caaa5
ABONNERIEZ;keep;2026-09-18T10:51:33+00:00;20260918105133-2caaa5
ABONNERONS;keep;2026-09-18T10:51:33+00:00;20260918105133-2caaa5
ABONNERONT;keep;2026-09-18T10:51:33+00:00;20260918105133-2caaa5
ABONNASSENT;keep;2026-09-18T10:51:33+00:00;20260918105133-2caaa5
ABONNASSIEZ;keep;2026-09-18T10:51:33+00:00;20260918105133-2caaa5
ABONNERIONS;keep;2026-09-18T10:51:33+00:00;20260918105133-2caaa5
ABONNASSIONS;keep;2026-09-18T10:51:33+00:00;20260918105133-2caaa5
ABONNERAIENT;keep;2026-09-18T10:51:33+00:00;20260918105133-2caaa5
ABONNI;delete;2026-09-18T10:51:35+00:00;20260918105135-bcc136
ABONNIE;delete;2026-09-18T10:51:35+00:00;20260918105135-bcc136
ABONNIS;delete;2026-09-18T10:51:35+00:00;20260918105135-bcc136
ABONNIT;delete;2026-09-18T10:51:35+00:00;20260918105135-bcc136
ABONNIR;delete;2026-09-18T10:51:35+00:00;20260918105135-bcc136
ABONNIES;delete;2026-09-18T10:51:35+00:00;20260918105135-bcc136
ABONNIRA;delete;2026-09-18T10:51:35+00:00;20260918105135-bcc136
ABONNIMES;delete;2026-09-18T10:51:35+00:00;20260918105135-bcc136
ABONNIRAI;delete;2026-09-18T10:51:35+00:00;20260918105135-bcc136
ABONNIRAS;delete;2026-09-18T10:51:35+00:00;20260918105135-bcc136
ABONNIREZ;delete;2026-09-18T10:51:35+00:00;20260918105135-bcc136
ABONNISSE;delete;2026-09-18T10:51:35+00:00;20260918105135-bcc136
ABONNITES;delete;2026-09-18T10:51:35+00:00;20260918105135-bcc136
ABONNIRAIS;delete;2026-09-18T10:51:35+00:00;20260918105135-bcc136
ABONNIRAIT;delete;2026-09-18T10:51:35+00:00;20260918105135-bcc136
ABONNIRENT;delete;2026-09-18T10:51:35+00:00;20260918105135-bcc136
ABONNIRIEZ;delete;2026-09-18T10:51:35+00:00;20260918105135-bcc136
ABONNIRONS;delete;2026-09-18T10:51:35+00:00;20260918105135-bcc136
ABONNIRONT;delete;2026-09-18T10:51:35+00:00;20260918105135-bcc136
ABONNISSES;delete;2026-09-18T10:51:35+00:00;20260918105135-bcc136
ABONNISSEZ;delete;2026-09-18T10:51:35+00:00;20260918105135-bcc136
ABONNIRIONS;delete;2026-09-18T10:51:35+00:00;20260918105135-bcc136
ABONNISSAIS;delete;2026-09-18T10:51:35+00:00;20260918105135-bcc136
ABONNISSAIT;delete;2026-09-18T10:51:35+00:00;20260918105135-bcc136
ABONNISSANT;delete;2026-09-18T10:51:35+00:00;20260918105135-bcc136
ABONNISSENT;delete;2026-09-18T10:51:35+00:00;20260918105135-bcc136
ABONNISSIEZ;delete;2026-09-18T10:51:35+00:00;20260918105135-bcc136
ABONNISSONS;delete;2026-09-18T10:51:35+00:00;20260918105135-bcc136
ABONNIRAIENT;delete;2026-09-18T10:51:35+00:00;20260918105135-bcc136
ABONNISSIONS;delete;2026-09-18T10:51:35+00:00;20260918105135-bcc136
ABONNISSAIENT;delete;2026-09-18T10:51:35+00:00;20260918105135-bcc136
ABORDA;keep;2026-09-18T10:51:36+00:00;20260918105136-a72cb2
ABORDAS;keep;2026-09-18T10:51:36+00:00;20260918105136-a72cb2
ABORDAT;keep;2026-09-18T10:51:36+00:00;20260918105136-a72cb2
ABORDAI;keep;2026-09-18T10:51:36+00:00;20260918105136-a72cb2
ABORDEZ;keep;2026-09-18T10:51:36+00:00;20260918105136-a72cb2
ABORDEE;keep;2026-09-18T10:51:36+00:00;20260918105136-a72cb2
ABORDES;keep;2026-09-18T10:51:36+00:00;20260918105136-a72cb2
ABORDIEZ;keep;2026-09-18T10:51:36+00:00;20260918105136-a72cb2
ABORDEES;keep;2026-09-18T10:51:36+00:00;20260918105136-a72cb2
ABORDAIS;keep;2026-09-18T10:51:36+00:00;20260918105136-a72cb2
ABORDERA;keep;2026-09-18T10:51:36+00:00;20260918105136-a72cb2
ABORDENT;keep;2026-09-18T10:51:36+00:00;20260918105136-a72cb2
ABORDONS;keep;2026-09-18T10:51:36+00:00;20260918105136-a72cb2
ABORDANT;keep;2026-09-18T10:51:36+00:00;20260918105136-a72cb2
ABORDAIT;keep;2026-09-18T10:51:36+00:00;20260918105136-a72cb2
ABORDASSE;keep;2026-09-18T10:51:36+00:00;20260918105136-a72cb2
ABORDATES;keep;2026-09-18T10:51:36+00:00;20260918105136-a72cb2
ABORDERAS;keep;2026-09-18T10:51:36+00:00;20260918105136-a72cb2
ABORDEREZ;keep;2026-09-18T10:51:36+00:00;20260918105136-a72cb2
ABORDERAI;keep;2026-09-18T10:51:36+00:00;20260918105136-a72cb2
ABORDAMES;keep;2026-09-18T10:51:36+00:00;20260918105136-a72cb2
ABORDIONS;keep;2026-09-18T10:51:36+00:00;20260918105136-a72cb2
ABORDASSES;keep;2026-09-18T10:51:36+00:00;20260918105136-a72cb2
ABORDERIEZ;keep;2026-09-18T10:51:36+00:00;20260918105136-a72cb2
ABORDERAIS;keep;2026-09-18T10:51:36+00:00;20260918105136-a72cb2
ABORDERAIT;keep;2026-09-18T10:51:36+00:00;20260918105136-a72cb2
ABORDERONS;keep;2026-09-18T10:51:36+00:00;20260918105136-a72cb2
ABORDERONT;keep;2026-09-18T10:51:36+00:00;20260918105136-a72cb2
ABORDERENT;keep;2026-09-18T10:51:36+00:00;20260918105136-a72cb2
ABORDAIENT;keep;2026-09-18T10:51:36+00:00;20260918105136-a72cb2
ABORDASSENT;keep;2026-09-18T10:51:36+00:00;20260918105136-a72cb2
ABORDASSIEZ;keep;2026-09-18T10:51:36+00:00;20260918105136-a72cb2
ABORDERIONS;keep;2026-09-18T10:51:36+00:00;20260918105136-a72cb2
ABORDASSIONS;keep;2026-09-18T10:51:36+00:00;20260918105136-a72cb2
ABORDERAIENT;keep;2026-09-18T10:51:36+00:00;20260918105136-a72cb2
ABORNA;delete;2026-09-18T10:52:09+00:00;20260918105209-1dd842
ABORNE;delete;2026-09-18T10:52:09+00:00;20260918105209-1dd842
ABORNAI;delete;2026-09-18T10:52:09+00:00;20260918105209-1dd842
ABORNAS;delete;2026-09-18T10:52:09+00:00;20260918105209-1dd842
ABORNAT;delete;2026-09-18T10:52:09+00:00;20260918105209-1dd842
ABORNEE;delete;2026-09-18T10:52:09+00:00;20260918105209-1dd842
ABORNES;delete;2026-09-18T10:52:09+00:00;20260918105209-1dd842
ABORNEZ;delete;2026-09-18T10:52:09+00:00;20260918105209-1dd842
ABORNER;delete;2026-09-18T10:52:09+00:00;20260918105209-1dd842
ABORNAIS;delete;2026-09-18T10:52:09+00:00;20260918105209-1dd842
ABORNAIT;delete;2026-09-18T10:52:09+00:00;20260918105209-1dd842
ABORNANT;delete;2026-09-18T10:52:09+00:00;20260918105209-1dd842
ABORNEES;delete;2026-09-18T10:52:09+00:00;20260918105209-1dd842
ABORNENT;delete;2026-09-18T10:52:09+00:00;20260918105209-1dd842
ABORNERA;delete;2026-09-18T10:52:09+00:00;20260918105209-1dd842
ABORNIEZ;delete;2026-09-18T10:52:09+00:00;20260918105209-1dd842
ABORNONS;delete;2026-09-18T10:52:09+00:00;20260918105209-1dd842
ABORNAMES;delete;2026-09-18T10:52:09+00:00;20260918105209-1dd842
ABORNASSE;delete;2026-09-18T10:52:09+00:00;20260918105209-1dd842
ABORNATES;delete;2026-09-18T10:52:09+00:00;20260918105209-1dd842
ABORNERAI;delete;2026-09-18T10:52:09+00:00;20260918105209-1dd842
ABORNERAS;delete;2026-09-18T10:52:09+00:00;20260918105209-1dd842
ABORNEREZ;delete;2026-09-18T10:52:09+00:00;20260918105209-1dd842
ABORNIONS;delete;2026-09-18T10:52:09+00:00;20260918105209-1dd842
ABORNAIENT;delete;2026-09-18T10:52:09+00:00;20260918105209-1dd842
ABORNASSES;delete;2026-09-18T10:52:09+00:00;20260918105209-1dd842
ABORNERAIS;delete;2026-09-18T10:52:09+00:00;20260918105209-1dd842
ABORNERAIT;delete;2026-09-18T10:52:09+00:00;20260918105209-1dd842
ABORNERENT;delete;2026-09-18T10:52:09+00:00;20260918105209-1dd842
ABORNERIEZ;delete;2026-09-18T10:52:09+00:00;20260918105209-1dd842
ABORNERONS;delete;2026-09-18T10:52:09+00:00;20260918105209-1dd842
ABORNERONT;delete;2026-09-18T10:52:09+00:00;20260918105209-1dd842
ABORNASSENT;delete;2026-09-18T10:52:09+00:00;20260918105209-1dd842
ABORNASSIEZ;delete;2026-09-18T10:52:09+00:00;20260918105209-1dd842
ABORNERIONS;delete;2026-09-18T10:52:09+00:00;20260918105209-1dd842
ABORNASSIONS;delete;2026-09-18T10:52:09+00:00;20260918105209-1dd842
ABORNERAIENT;delete;2026-09-18T10:52:09+00:00;20260918105209-1dd842
ABOUCHA;delete;2026-09-18T10:52:14+00:00;20260918105214-9f6101
ABOUCHE;delete;2026-09-18T10:52:14+00:00;20260918105214-9f6101
ABOUCHAI;delete;2026-09-18T10:52:14+00:00;20260918105214-9f6101
ABOUCHAS;delete;2026-09-18T10:52:14+00:00;20260918105214-9f6101
ABOUCHAT;delete;2026-09-18T10:52:14+00:00;20260918105214-9f6101
ABOUCHEZ;delete;2026-09-18T10:52:14+00:00;20260918105214-9f6101
ABOUCHEE;delete;2026-09-18T10:52:14+00:00;20260918105214-9f6101
ABOUCHES;delete;2026-09-18T10:52:14+00:00;20260918105214-9f6101
ABOUCHER;delete;2026-09-18T10:52:14+00:00;20260918105214-9f6101
ABOUCHEES;delete;2026-09-18T10:52:14+00:00;20260918105214-9f6101
ABOUCHENT;delete;2026-09-18T10:52:14+00:00;20260918105214-9f6101
ABOUCHERA;delete;2026-09-18T10:52:14+00:00;20260918105214-9f6101
ABOUCHIEZ;delete;2026-09-18T10:52:14+00:00;20260918105214-9f6101
ABOUCHONS;delete;2026-09-18T10:52:14+00:00;20260918105214-9f6101
ABOUCHAIS;delete;2026-09-18T10:52:14+00:00;20260918105214-9f6101
ABOUCHAIT;delete;2026-09-18T10:52:14+00:00;20260918105214-9f6101
ABOUCHANT;delete;2026-09-18T10:52:14+00:00;20260918105214-9f6101
ABOUCHAMES;delete;2026-09-18T10:52:14+00:00;20260918105214-9f6101
ABOUCHASSE;delete;2026-09-18T10:52:14+00:00;20260918105214-9f6101
ABOUCHATES;delete;2026-09-18T10:52:14+00:00;20260918105214-9f6101
ABOUCHERAI;delete;2026-09-18T10:52:14+00:00;20260918105214-9f6101
ABOUCHERAS;delete;2026-09-18T10:52:14+00:00;20260918105214-9f6101
ABOUCHEREZ;delete;2026-09-18T10:52:14+00:00;20260918105214-9f6101
ABOUCHIONS;delete;2026-09-18T10:52:14+00:00;20260918105214-9f6101
ABOUCHASSES;delete;2026-09-18T10:52:14+00:00;20260918105214-9f6101
ABOUCHERAIS;delete;2026-09-18T10:52:14+00:00;20260918105214-9f6101
ABOUCHERAIT;delete;2026-09-18T10:52:14+00:00;20260918105214-9f6101
ABOUCHERENT;delete;2026-09-18T10:52:14+00:00;20260918105214-9f6101
ABOUCHERIEZ;delete;2026-09-18T10:52:14+00:00;20260918105214-9f6101
ABOUCHERONS;delete;2026-09-18T10:52:14+00:00;20260918105214-9f6101
ABOUCHERONT;delete;2026-09-18T10:52:14+00:00;20260918105214-9f6101
ABOUCHAIENT;delete;2026-09-18T10:52:14+00:00;20260918105214-9f6101
ABOUCHASSENT;delete;2026-09-18T10:52:14+00:00;20260918105214-9f6101
ABOUCHASSIEZ;delete;2026-09-18T10:52:14+00:00;20260918105214-9f6101
ABOUCHERIONS;delete;2026-09-18T10:52:14+00:00;20260918105214-9f6101
ABOUCHASSIONS;delete;2026-09-18T10:52:14+00:00;20260918105214-9f6101
ABOUCHERAIENT;delete;2026-09-18T10:52:14+00:00;20260918105214-9f6101
ABOULA;delete;2026-09-18T10:52:16+00:00;20260918105216-019d2a
ABOULE;delete;2026-09-18T10:52:16+00:00;20260918105216-019d2a
ABOULAI;delete;2026-09-18T10:52:16+00:00;20260918105216-019d2a
ABOULAS;delete;2026-09-18T10:52:16+00:00;20260918105216-019d2a
ABOULAT;delete;2026-09-18T10:52:16+00:00;20260918105216-019d2a
ABOULEE;delete;2026-09-18T10:52:16+00:00;20260918105216-019d2a
ABOULES;delete;2026-09-18T10:52:16+00:00;20260918105216-019d2a
ABOULER;delete;2026-09-18T10:52:16+00:00;20260918105216-019d2a
ABOULEZ;delete;2026-09-18T10:52:16+00:00;20260918105216-019d2a
ABOULAIS;delete;2026-09-18T10:52:16+00:00;20260918105216-019d2a
ABOULAIT;delete;2026-09-18T10:52:16+00:00;20260918105216-019d2a
ABOULANT;delete;2026-09-18T10:52:16+00:00;20260918105216-019d2a
ABOULEES;delete;2026-09-18T10:52:16+00:00;20260918105216-019d2a
ABOULENT;delete;2026-09-18T10:52:16+00:00;20260918105216-019d2a
ABOULERA;delete;2026-09-18T10:52:16+00:00;20260918105216-019d2a
ABOULIEZ;delete;2026-09-18T10:52:16+00:00;20260918105216-019d2a
ABOULONS;delete;2026-09-18T10:52:16+00:00;20260918105216-019d2a
ABOULAMES;delete;2026-09-18T10:52:16+00:00;20260918105216-019d2a
ABOULASSE;delete;2026-09-18T10:52:16+00:00;20260918105216-019d2a
ABOULATES;delete;2026-09-18T10:52:16+00:00;20260918105216-019d2a
ABOULERAI;delete;2026-09-18T10:52:16+00:00;20260918105216-019d2a
ABOULERAS;delete;2026-09-18T10:52:16+00:00;20260918105216-019d2a
ABOULEREZ;delete;2026-09-18T10:52:16+00:00;20260918105216-019d2a
ABOULIONS;delete;2026-09-18T10:52:16+00:00;20260918105216-019d2a
ABOULAIENT;delete;2026-09-18T10:52:16+00:00;20260918105216-019d2a
ABOULASSES;delete;2026-09-18T10:52:16+00:00;20260918105216-019d2a
ABOULERAIS;delete;2026-09-18T10:52:16+00:00;20260918105216-019d2a
ABOULERAIT;delete;2026-09-18T10:52:16+00:00;20260918105216-019d2a
ABOULERENT;delete;2026-09-18T10:52:16+00:00;20260918105216-019d2a
ABOULERIEZ;delete;2026-09-18T10:52:16+00:00;20260918105216-019d2a
ABOULERONS;delete;2026-09-18T10:52:16+00:00;20260918105216-019d2a
ABOULERONT;delete;2026-09-18T10:52:16+00:00;20260918105216-019d2a
ABOULASSENT;delete;2026-09-18T10:52:16+00:00;20260918105216-019d2a
ABOULASSIEZ;delete;2026-09-18T10:52:16+00:00;20260918105216-019d2a
ABOULERIONS;delete;2026-09-18T10:52:16+00:00;20260918105216-019d2a
ABOULASSIONS;delete;2026-09-18T10:52:16+00:00;20260918105216-019d2a
ABOULERAIENT;delete;2026-09-18T10:52:16+00:00;20260918105216-019d2a
ABOUTA;delete;2026-09-18T10:52:19+00:00;20260918105219-a9a44e
ABOUTE;delete;2026-09-18T10:52:19+00:00;20260918105219-a9a44e
ABOUTAI;delete;2026-09-18T10:52:19+00:00;20260918105219-a9a44e
ABOUTAS;delete;2026-09-18T10:52:19+00:00;20260918105219-a9a44e
ABOUTAT;delete;2026-09-18T10:52:19+00:00;20260918105219-a9a44e
ABOUTEE;delete;2026-09-18T10:52:19+00:00;20260918105219-a9a44e
ABOUTES;delete;2026-09-18T10:52:19+00:00;20260918105219-a9a44e
ABOUTEZ;delete;2026-09-18T10:52:19+00:00;20260918105219-a9a44e
ABOUTER;delete;2026-09-18T10:52:19+00:00;20260918105219-a9a44e
ABOUTAIS;delete;2026-09-18T10:52:19+00:00;20260918105219-a9a44e
ABOUTANT;delete;2026-09-18T10:52:19+00:00;20260918105219-a9a44e
ABOUTEES;delete;2026-09-18T10:52:19+00:00;20260918105219-a9a44e
ABOUTENT;delete;2026-09-18T10:52:19+00:00;20260918105219-a9a44e
ABOUTERA;delete;2026-09-18T10:52:19+00:00;20260918105219-a9a44e
ABOUTIEZ;delete;2026-09-18T10:52:19+00:00;20260918105219-a9a44e
ABOUTAIT;delete;2026-09-18T10:52:19+00:00;20260918105219-a9a44e
ABOUTONS;delete;2026-09-18T10:52:19+00:00;20260918105219-a9a44e
ABOUTAMES;delete;2026-09-18T10:52:19+00:00;20260918105219-a9a44e
ABOUTASSE;delete;2026-09-18T10:52:19+00:00;20260918105219-a9a44e
ABOUTATES;delete;2026-09-18T10:52:19+00:00;20260918105219-a9a44e
ABOUTERAI;delete;2026-09-18T10:52:19+00:00;20260918105219-a9a44e
ABOUTERAS;delete;2026-09-18T10:52:19+00:00;20260918105219-a9a44e
ABOUTEREZ;delete;2026-09-18T10:52:19+00:00;20260918105219-a9a44e
ABOUTIONS;delete;2026-09-18T10:52:19+00:00;20260918105219-a9a44e
ABOUTAIENT;delete;2026-09-18T10:52:19+00:00;20260918105219-a9a44e
ABOUTASSES;delete;2026-09-18T10:52:19+00:00;20260918105219-a9a44e
ABOUTERAIS;delete;2026-09-18T10:52:19+00:00;20260918105219-a9a44e
ABOUTERAIT;delete;2026-09-18T10:52:19+00:00;20260918105219-a9a44e
ABOUTERENT;delete;2026-09-18T10:52:19+00:00;20260918105219-a9a44e
ABOUTERIEZ;delete;2026-09-18T10:52:19+00:00;20260918105219-a9a44e
ABOUTERONS;delete;2026-09-18T10:52:19+00:00;20260918105219-a9a44e
ABOUTERONT;delete;2026-09-18T10:52:19+00:00;20260918105219-a9a44e
ABOUTASSENT;delete;2026-09-18T10:52:19+00:00;20260918105219-a9a44e
ABOUTASSIEZ;delete;2026-09-18T10:52:19+00:00;20260918105219-a9a44e
ABOUTERIONS;delete;2026-09-18T10:52:19+00:00;20260918105219-a9a44e
ABOUTASSIONS;delete;2026-09-18T10:52:19+00:00;20260918105219-a9a44e
ABOUTERAIENT;delete;2026-09-18T10:52:19+00:00;20260918105219-a9a44e
ABOUTI;keep;2026-09-18T10:52:20+00:00;20260918105220-c13ed3
ABOUTIS;keep;2026-09-18T10:52:20+00:00;20260918105220-c13ed3
ABOUTIT;keep;2026-09-18T10:52:20+00:00;20260918105220-c13ed3
ABOUTIRA;keep;2026-09-18T10:52:20+00:00;20260918105220-c13ed3
ABOUTIREZ;keep;2026-09-18T10:52:20+00:00;20260918105220-c13ed3
ABOUTITES;keep;2026-09-18T10:52:20+00:00;20260918105220-c13ed3
ABOUTIRAI;keep;2026-09-18T10:52:20+00:00;20260918105220-c13ed3
ABOUTIRAS;keep;2026-09-18T10:52:20+00:00;20260918105220-c13ed3
ABOUTIMES;keep;2026-09-18T10:52:20+00:00;20260918105220-c13ed3
ABOUTISSE;keep;2026-09-18T10:52:20+00:00;20260918105220-c13ed3
ABOUTIRIEZ;keep;2026-09-18T10:52:20+00:00;20260918105220-c13ed3
ABOUTISSES;keep;2026-09-18T10:52:20+00:00;20260918105220-c13ed3
ABOUTIRONS;keep;2026-09-18T10:52:20+00:00;20260918105220-c13ed3
ABOUTISSEZ;keep;2026-09-18T10:52:20+00:00;20260918105220-c13ed3
ABOUTIRAIS;keep;2026-09-18T10:52:20+00:00;20260918105220-c13ed3
ABOUTIRONT;keep;2026-09-18T10:52:20+00:00;20260918105220-c13ed3
ABOUTIRAIT;keep;2026-09-18T10:52:20+00:00;20260918105220-c13ed3
ABOUTIRENT;keep;2026-09-18T10:52:20+00:00;20260918105220-c13ed3
ABOUTIRIONS;keep;2026-09-18T10:52:20+00:00;20260918105220-c13ed3
ABOUTISSAIS;keep;2026-09-18T10:52:20+00:00;20260918105220-c13ed3
ABOUTISSONS;keep;2026-09-18T10:52:20+00:00;20260918105220-c13ed3
ABOUTISSIEZ;keep;2026-09-18T10:52:20+00:00;20260918105220-c13ed3
ABOUTISSANT;keep;2026-09-18T10:52:20+00:00;20260918105220-c13ed3
ABOUTISSENT;keep;2026-09-18T10:52:20+00:00;20260918105220-c13ed3
ABOUTISSAIT;keep;2026-09-18T10:52:20+00:00;20260918105220-c13ed3
ABOUTISSIONS;keep;2026-09-18T10:52:20+00:00;20260918105220-c13ed3
ABOUTIRAIENT;keep;2026-09-18T10:52:20+00:00;20260918105220-c13ed3
ABOUTISSAIENT;keep;2026-09-18T10:52:20+00:00;20260918105220-c13ed3
ABOYEUR;keep;2026-09-18T10:52:25+00:00;20260918105225-4a9c3f
ABOYEUSE;keep;2026-09-18T10:52:25+00:00;20260918105225-4a9c3f
ABOYEURS;keep;2026-09-18T10:52:25+00:00;20260918105225-4a9c3f
ABOYEUSES;keep;2026-09-18T10:52:25+00:00;20260918105225-4a9c3f
ABRAQUA;delete;2026-09-18T10:52:32+00:00;20260918105232-a507ea
ABRAQUE;delete;2026-09-18T10:52:32+00:00;20260918105232-a507ea
ABRAQUAI;delete;2026-09-18T10:52:32+00:00;20260918105232-a507ea
ABRAQUAS;delete;2026-09-18T10:52:32+00:00;20260918105232-a507ea
ABRAQUAT;delete;2026-09-18T10:52:32+00:00;20260918105232-a507ea
ABRAQUEE;delete;2026-09-18T10:52:32+00:00;20260918105232-a507ea
ABRAQUES;delete;2026-09-18T10:52:32+00:00;20260918105232-a507ea
ABRAQUEZ;delete;2026-09-18T10:52:32+00:00;20260918105232-a507ea
ABRAQUER;delete;2026-09-18T10:52:32+00:00;20260918105232-a507ea
ABRAQUAIS;delete;2026-09-18T10:52:32+00:00;20260918105232-a507ea
ABRAQUAIT;delete;2026-09-18T10:52:32+00:00;20260918105232-a507ea
ABRAQUANT;delete;2026-09-18T10:52:32+00:00;20260918105232-a507ea
ABRAQUEES;delete;2026-09-18T10:52:32+00:00;20260918105232-a507ea
ABRAQUENT;delete;2026-09-18T10:52:32+00:00;20260918105232-a507ea
ABRAQUERA;delete;2026-09-18T10:52:32+00:00;20260918105232-a507ea
ABRAQUIEZ;delete;2026-09-18T10:52:32+00:00;20260918105232-a507ea
ABRAQUONS;delete;2026-09-18T10:52:32+00:00;20260918105232-a507ea
ABRAQUAMES;delete;2026-09-18T10:52:32+00:00;20260918105232-a507ea
ABRAQUASSE;delete;2026-09-18T10:52:32+00:00;20260918105232-a507ea
ABRAQUATES;delete;2026-09-18T10:52:32+00:00;20260918105232-a507ea
ABRAQUERAI;delete;2026-09-18T10:52:32+00:00;20260918105232-a507ea
ABRAQUERAS;delete;2026-09-18T10:52:32+00:00;20260918105232-a507ea
ABRAQUEREZ;delete;2026-09-18T10:52:32+00:00;20260918105232-a507ea
ABRAQUIONS;delete;2026-09-18T10:52:32+00:00;20260918105232-a507ea
ABRAQUAIENT;delete;2026-09-18T10:52:32+00:00;20260918105232-a507ea
ABRAQUASSES;delete;2026-09-18T10:52:32+00:00;20260918105232-a507ea
ABRAQUERAIS;delete;2026-09-18T10:52:32+00:00;20260918105232-a507ea
ABRAQUERAIT;delete;2026-09-18T10:52:32+00:00;20260918105232-a507ea
ABRAQUERENT;delete;2026-09-18T10:52:32+00:00;20260918105232-a507ea
ABRAQUERIEZ;delete;2026-09-18T10:52:32+00:00;20260918105232-a507ea
ABRAQUERONS;delete;2026-09-18T10:52:32+00:00;20260918105232-a507ea
ABRAQUERONT;delete;2026-09-18T10:52:32+00:00;20260918105232-a507ea
ABRAQUASSENT;delete;2026-09-18T10:52:32+00:00;20260918105232-a507ea
ABRAQUASSIEZ;delete;2026-09-18T10:52:32+00:00;20260918105232-a507ea
ABRAQUERIONS;delete;2026-09-18T10:52:32+00:00;20260918105232-a507ea
ABRAQUASSIONS;delete;2026-09-18T10:52:32+00:00;20260918105232-a507ea
ABRAQUERAIENT;delete;2026-09-18T10:52:32+00:00;20260918105232-a507ea
ABRASA;keep;2026-09-18T10:52:34+00:00;20260918105234-9970aa
ABRASE;keep;2026-09-18T10:52:34+00:00;20260918105234-9970aa
ABRASAI;keep;2026-09-18T10:52:34+00:00;20260918105234-9970aa
ABRASAS;keep;2026-09-18T10:52:34+00:00;20260918105234-9970aa
ABRASAT;keep;2026-09-18T10:52:34+00:00;20260918105234-9970aa
ABRASEE;keep;2026-09-18T10:52:34+00:00;20260918105234-9970aa
ABRASES;keep;2026-09-18T10:52:34+00:00;20260918105234-9970aa
ABRASEZ;keep;2026-09-18T10:52:34+00:00;20260918105234-9970aa
ABRASER;keep;2026-09-18T10:52:34+00:00;20260918105234-9970aa
ABRASAIS;keep;2026-09-18T10:52:34+00:00;20260918105234-9970aa
ABRASAIT;keep;2026-09-18T10:52:34+00:00;20260918105234-9970aa
ABRASANT;keep;2026-09-18T10:52:34+00:00;20260918105234-9970aa
ABRASEES;keep;2026-09-18T10:52:34+00:00;20260918105234-9970aa
ABRASENT;keep;2026-09-18T10:52:34+00:00;20260918105234-9970aa
ABRASERA;keep;2026-09-18T10:52:34+00:00;20260918105234-9970aa
ABRASIEZ;keep;2026-09-18T10:52:34+00:00;20260918105234-9970aa
ABRASONS;keep;2026-09-18T10:52:34+00:00;20260918105234-9970aa
ABRASAMES;keep;2026-09-18T10:52:34+00:00;20260918105234-9970aa
ABRASASSE;keep;2026-09-18T10:52:34+00:00;20260918105234-9970aa
ABRASATES;keep;2026-09-18T10:52:34+00:00;20260918105234-9970aa
ABRASERAI;keep;2026-09-18T10:52:34+00:00;20260918105234-9970aa
ABRASERAS;keep;2026-09-18T10:52:34+00:00;20260918105234-9970aa
ABRASEREZ;keep;2026-09-18T10:52:34+00:00;20260918105234-9970aa
ABRASAIENT;keep;2026-09-18T10:52:34+00:00;20260918105234-9970aa
ABRASASSES;keep;2026-09-18T10:52:34+00:00;20260918105234-9970aa
ABRASERAIS;keep;2026-09-18T10:52:34+00:00;20260918105234-9970aa
ABRASERAIT;keep;2026-09-18T10:52:34+00:00;20260918105234-9970aa
ABRASERENT;keep;2026-09-18T10:52:34+00:00;20260918105234-9970aa
ABRASERIEZ;keep;2026-09-18T10:52:34+00:00;20260918105234-9970aa
ABRASERONS;keep;2026-09-18T10:52:34+00:00;20260918105234-9970aa
ABRASERONT;keep;2026-09-18T10:52:34+00:00;20260918105234-9970aa
ABRASASSENT;keep;2026-09-18T10:52:34+00:00;20260918105234-9970aa
ABRASASSIEZ;keep;2026-09-18T10:52:34+00:00;20260918105234-9970aa
ABRASERIONS;keep;2026-09-18T10:52:34+00:00;20260918105234-9970aa
ABRASASSIONS;keep;2026-09-18T10:52:34+00:00;20260918105234-9970aa
ABRASERAIENT;keep;2026-09-18T10:52:34+00:00;20260918105234-9970aa
ABRASIF;keep;2026-09-18T10:52:34+00:00;20260918105234-6852c4
ABRASIVE;keep;2026-09-18T10:52:34+00:00;20260918105234-6852c4
ABRASIFS;keep;2026-09-18T10:52:34+00:00;20260918105234-6852c4
ABRASIVES;keep;2026-09-18T10:52:34+00:00;20260918105234-6852c4
ABREAGI;delete;2026-09-18T10:52:38+00:00;20260918105238-6c5d48
ABREAGIS;delete;2026-09-18T10:52:38+00:00;20260918105238-6c5d48
ABREAGIT;delete;2026-09-18T10:52:38+00:00;20260918105238-6c5d48
ABREAGIR;delete;2026-09-18T10:52:38+00:00;20260918105238-6c5d48
ABREAGIRA;delete;2026-09-18T10:52:38+00:00;20260918105238-6c5d48
ABREAGIMES;delete;2026-09-18T10:52:38+00:00;20260918105238-6c5d48
ABREAGIRAI;delete;2026-09-18T10:52:38+00:00;20260918105238-6c5d48
ABREAGIRAS;delete;2026-09-18T10:52:38+00:00;20260918105238-6c5d48
ABREAGIREZ;delete;2026-09-18T10:52:38+00:00;20260918105238-6c5d48
ABREAGISSE;delete;2026-09-18T10:52:38+00:00;20260918105238-6c5d48
ABREAGITES;delete;2026-09-18T10:52:38+00:00;20260918105238-6c5d48
ABREAGIRAIS;delete;2026-09-18T10:52:38+00:00;20260918105238-6c5d48
ABREAGIRAIT;delete;2026-09-18T10:52:38+00:00;20260918105238-6c5d48
ABREAGIRENT;delete;2026-09-18T10:52:38+00:00;20260918105238-6c5d48
ABREAGIRIEZ;delete;2026-09-18T10:52:38+00:00;20260918105238-6c5d48
ABREAGIRONS;delete;2026-09-18T10:52:38+00:00;20260918105238-6c5d48
ABREAGIRONT;delete;2026-09-18T10:52:38+00:00;20260918105238-6c5d48
ABREAGISSES;delete;2026-09-18T10:52:38+00:00;20260918105238-6c5d48
ABREAGISSEZ;delete;2026-09-18T10:52:38+00:00;20260918105238-6c5d48
ABREAGIRIONS;delete;2026-09-18T10:52:38+00:00;20260918105238-6c5d48
ABREAGISSAIS;delete;2026-09-18T10:52:38+00:00;20260918105238-6c5d48
ABREAGISSAIT;delete;2026-09-18T10:52:38+00:00;20260918105238-6c5d48
ABREAGISSANT;delete;2026-09-18T10:52:38+00:00;20260918105238-6c5d48
ABREAGISSENT;delete;2026-09-18T10:52:38+00:00;20260918105238-6c5d48
ABREAGISSIEZ;delete;2026-09-18T10:52:38+00:00;20260918105238-6c5d48
ABREAGISSONS;delete;2026-09-18T10:52:38+00:00;20260918105238-6c5d48
ABREAGIRAIENT;delete;2026-09-18T10:52:38+00:00;20260918105238-6c5d48
ABREAGISSIONS;delete;2026-09-18T10:52:38+00:00;20260918105238-6c5d48
ABREAGISSAIENT;delete;2026-09-18T10:52:38+00:00;20260918105238-6c5d48
ABREGE;keep;2026-09-18T10:52:39+00:00;20260918105239-a90cac
ABREGEA;keep;2026-09-18T10:52:39+00:00;20260918105239-a90cac
ABREGEZ;keep;2026-09-18T10:52:39+00:00;20260918105239-a90cac
ABREGER;keep;2026-09-18T10:52:39+00:00;20260918105239-a90cac
ABREGEAS;keep;2026-09-18T10:52:39+00:00;20260918105239-a90cac
ABREGEES;keep;2026-09-18T10:52:39+00:00;20260918105239-a90cac
ABREGIEZ;keep;2026-09-18T10:52:39+00:00;20260918105239-a90cac
ABREGERA;keep;2026-09-18T10:52:39+00:00;20260918105239-a90cac
ABREGEAI;keep;2026-09-18T10:52:39+00:00;20260918105239-a90cac
ABREGEAT;keep;2026-09-18T10:52:39+00:00;20260918105239-a90cac
ABREGENT;keep;2026-09-18T10:52:39+00:00;20260918105239-a90cac
ABREGEAIS;keep;2026-09-18T10:52:39+00:00;20260918105239-a90cac
ABREGERAS;keep;2026-09-18T10:52:39+00:00;20260918105239-a90cac
ABREGEREZ;keep;2026-09-18T10:52:39+00:00;20260918105239-a90cac
ABREGIONS;keep;2026-09-18T10:52:39+00:00;20260918105239-a90cac
ABREGERAI;keep;2026-09-18T10:52:39+00:00;20260918105239-a90cac
ABREGEANT;keep;2026-09-18T10:52:39+00:00;20260918105239-a90cac
ABREGEONS;keep;2026-09-18T10:52:39+00:00;20260918105239-a90cac
ABREGEAIT;keep;2026-09-18T10:52:39+00:00;20260918105239-a90cac
ABREGEAMES;keep;2026-09-18T10:52:39+00:00;20260918105239-a90cac
ABREGEASSE;keep;2026-09-18T10:52:39+00:00;20260918105239-a90cac
ABREGEATES;keep;2026-09-18T10:52:39+00:00;20260918105239-a90cac
ABREGERAIS;keep;2026-09-18T10:52:39+00:00;20260918105239-a90cac
ABREGERENT;keep;2026-09-18T10:52:39+00:00;20260918105239-a90cac
ABREGERIEZ;keep;2026-09-18T10:52:39+00:00;20260918105239-a90cac
ABREGERONS;keep;2026-09-18T10:52:39+00:00;20260918105239-a90cac
ABREGERONT;keep;2026-09-18T10:52:39+00:00;20260918105239-a90cac
ABREGERAIT;keep;2026-09-18T10:52:39+00:00;20260918105239-a90cac
ABREGEASSES;keep;2026-09-18T10:52:39+00:00;20260918105239-a90cac
ABREGERIONS;keep;2026-09-18T10:52:39+00:00;20260918105239-a90cac
ABREGEAIENT;keep;2026-09-18T10:52:39+00:00;20260918105239-a90cac
ABREGEASSENT;keep;2026-09-18T10:52:39+00:00;20260918105239-a90cac
ABREGEASSIEZ;keep;2026-09-18T10:52:39+00:00;20260918105239-a90cac
ABREGERAIENT;keep;2026-09-18T10:52:39+00:00;20260918105239-a90cac
ABREGEASSIONS;keep;2026-09-18T10:52:39+00:00;20260918105239-a90cac
ABREUVA;keep;2026-09-18T10:52:41+00:00;20260918105241-aa80e0
ABREUVE;keep;2026-09-18T10:52:41+00:00;20260918105241-aa80e0
ABREUVAI;keep;2026-09-18T10:52:41+00:00;20260918105241-aa80e0
ABREUVAS;keep;2026-09-18T10:52:41+00:00;20260918105241-aa80e0
ABREUVAT;keep;2026-09-18T10:52:41+00:00;20260918105241-aa80e0
ABREUVEZ;keep;2026-09-18T10:52:41+00:00;20260918105241-aa80e0
ABREUVES;keep;2026-09-18T10:52:41+00:00;20260918105241-aa80e0
ABREUVEE;keep;2026-09-18T10:52:41+00:00;20260918105241-aa80e0
ABREUVER;keep;2026-09-18T10:52:41+00:00;20260918105241-aa80e0
ABREUVAIS;keep;2026-09-18T10:52:41+00:00;20260918105241-aa80e0
ABREUVEES;keep;2026-09-18T10:52:41+00:00;20260918105241-aa80e0
ABREUVIEZ;keep;2026-09-18T10:52:41+00:00;20260918105241-aa80e0
ABREUVONS;keep;2026-09-18T10:52:41+00:00;20260918105241-aa80e0
ABREUVERA;keep;2026-09-18T10:52:41+00:00;20260918105241-aa80e0
ABREUVANT;keep;2026-09-18T10:52:41+00:00;20260918105241-aa80e0
ABREUVENT;keep;2026-09-18T10:52:41+00:00;20260918105241-aa80e0
ABREUVAIT;keep;2026-09-18T10:52:41+00:00;20260918105241-aa80e0
ABREUVAMES;keep;2026-09-18T10:52:41+00:00;20260918105241-aa80e0
ABREUVASSE;keep;2026-09-18T10:52:41+00:00;20260918105241-aa80e0
ABREUVATES;keep;2026-09-18T10:52:41+00:00;20260918105241-aa80e0
ABREUVERAI;keep;2026-09-18T10:52:41+00:00;20260918105241-aa80e0
ABREUVERAS;keep;2026-09-18T10:52:41+00:00;20260918105241-aa80e0
ABREUVEREZ;keep;2026-09-18T10:52:41+00:00;20260918105241-aa80e0
ABREUVIONS;keep;2026-09-18T10:52:41+00:00;20260918105241-aa80e0
ABREUVASSES;keep;2026-09-18T10:52:41+00:00;20260918105241-aa80e0
ABREUVERAIS;keep;2026-09-18T10:52:41+00:00;20260918105241-aa80e0
ABREUVERAIT;keep;2026-09-18T10:52:41+00:00;20260918105241-aa80e0
ABREUVERENT;keep;2026-09-18T10:52:41+00:00;20260918105241-aa80e0
ABREUVERIEZ;keep;2026-09-18T10:52:41+00:00;20260918105241-aa80e0
ABREUVERONS;keep;2026-09-18T10:52:41+00:00;20260918105241-aa80e0
ABREUVERONT;keep;2026-09-18T10:52:41+00:00;20260918105241-aa80e0
ABREUVAIENT;keep;2026-09-18T10:52:41+00:00;20260918105241-aa80e0
ABREUVASSENT;keep;2026-09-18T10:52:41+00:00;20260918105241-aa80e0
ABREUVASSIEZ;keep;2026-09-18T10:52:41+00:00;20260918105241-aa80e0
ABREUVERIONS;keep;2026-09-18T10:52:41+00:00;20260918105241-aa80e0
ABREUVASSIONS;keep;2026-09-18T10:52:41+00:00;20260918105241-aa80e0
ABREUVERAIENT;keep;2026-09-18T10:52:41+00:00;20260918105241-aa80e0
ABRICOTA;delete;2026-09-18T10:52:47+00:00;20260918105247-a5ef58
ABRICOTE;delete;2026-09-18T10:52:47+00:00;20260918105247-a5ef58
ABRICOTAI;delete;2026-09-18T10:52:47+00:00;20260918105247-a5ef58
ABRICOTAS;delete;2026-09-18T10:52:47+00:00;20260918105247-a5ef58
ABRICOTAT;delete;2026-09-18T10:52:47+00:00;20260918105247-a5ef58
ABRICOTEE;delete;2026-09-18T10:52:47+00:00;20260918105247-a5ef58
ABRICOTER;delete;2026-09-18T10:52:47+00:00;20260918105247-a5ef58
ABRICOTEZ;delete;2026-09-18T10:52:47+00:00;20260918105247-a5ef58
ABRICOTAIS;delete;2026-09-18T10:52:47+00:00;20260918105247-a5ef58
ABRICOTAIT;delete;2026-09-18T10:52:47+00:00;20260918105247-a5ef58
ABRICOTANT;delete;2026-09-18T10:52:47+00:00;20260918105247-a5ef58
ABRICOTEES;delete;2026-09-18T10:52:47+00:00;20260918105247-a5ef58
ABRICOTENT;delete;2026-09-18T10:52:47+00:00;20260918105247-a5ef58
ABRICOTERA;delete;2026-09-18T10:52:47+00:00;20260918105247-a5ef58
ABRICOTIEZ;delete;2026-09-18T10:52:47+00:00;20260918105247-a5ef58
ABRICOTONS;delete;2026-09-18T10:52:47+00:00;20260918105247-a5ef58
ABRICOTAMES;delete;2026-09-18T10:52:47+00:00;20260918105247-a5ef58
ABRICOTASSE;delete;2026-09-18T10:52:47+00:00;20260918105247-a5ef58
ABRICOTATES;delete;2026-09-18T10:52:47+00:00;20260918105247-a5ef58
ABRICOTERAI;delete;2026-09-18T10:52:47+00:00;20260918105247-a5ef58
ABRICOTERAS;delete;2026-09-18T10:52:47+00:00;20260918105247-a5ef58
ABRICOTEREZ;delete;2026-09-18T10:52:47+00:00;20260918105247-a5ef58
ABRICOTIONS;delete;2026-09-18T10:52:47+00:00;20260918105247-a5ef58
ABRICOTAIENT;delete;2026-09-18T10:52:47+00:00;20260918105247-a5ef58
ABRICOTASSES;delete;2026-09-18T10:52:47+00:00;20260918105247-a5ef58
ABRICOTERAIS;delete;2026-09-18T10:52:47+00:00;20260918105247-a5ef58
ABRICOTERAIT;delete;2026-09-18T10:52:47+00:00;20260918105247-a5ef58
ABRICOTERENT;delete;2026-09-18T10:52:47+00:00;20260918105247-a5ef58
ABRICOTERIEZ;delete;2026-09-18T10:52:47+00:00;20260918105247-a5ef58
ABRICOTERONS;delete;2026-09-18T10:52:47+00:00;20260918105247-a5ef58
ABRICOTERONT;delete;2026-09-18T10:52:47+00:00;20260918105247-a5ef58
ABRICOTASSENT;delete;2026-09-18T10:52:47+00:00;20260918105247-a5ef58
ABRICOTASSIEZ;delete;2026-09-18T10:52:47+00:00;20260918105247-a5ef58
ABRICOTERIONS;delete;2026-09-18T10:52:47+00:00;20260918105247-a5ef58
ABRICOTASSIONS;delete;2026-09-18T10:52:47+00:00;20260918105247-a5ef58
ABRICOTERAIENT;delete;2026-09-18T10:52:47+00:00;20260918105247-a5ef58
ABRITA;keep;2026-09-18T10:52:48+00:00;20260918105248-1ecce8
ABRITAS;keep;2026-09-18T10:52:48+00:00;20260918105248-1ecce8
ABRITAT;keep;2026-09-18T10:52:48+00:00;20260918105248-1ecce8
ABRITAI;keep;2026-09-18T10:52:48+00:00;20260918105248-1ecce8
ABRITEZ;keep;2026-09-18T10:52:48+00:00;20260918105248-1ecce8
ABRITES;keep;2026-09-18T10:52:48+00:00;20260918105248-1ecce8
ABRITEE;keep;2026-09-18T10:52:48+00:00;20260918105248-1ecce8
ABRITIEZ;keep;2026-09-18T10:52:48+00:00;20260918105248-1ecce8
ABRITAIS;keep;2026-09-18T10:52:48+00:00;20260918105248-1ecce8
ABRITERA;keep;2026-09-18T10:52:48+00:00;20260918105248-1ecce8
ABRITONS;keep;2026-09-18T10:52:48+00:00;20260918105248-1ecce8
ABRITEES;keep;2026-09-18T10:52:48+00:00;20260918105248-1ecce8
ABRITENT;keep;2026-09-18T10:52:48+00:00;20260918105248-1ecce8
ABRITANT;keep;2026-09-18T10:52:48+00:00;20260918105248-1ecce8
ABRITAIT;keep;2026-09-18T10:52:48+00:00;20260918105248-1ecce8
ABRITASSE;keep;2026-09-18T10:52:48+00:00;20260918105248-1ecce8
ABRITATES;keep;2026-09-18T10:52:48+00:00;20260918105248-1ecce8
ABRITERAI;keep;2026-09-18T10:52:48+00:00;20260918105248-1ecce8
ABRITERAS;keep;2026-09-18T10:52:48+00:00;20260918105248-1ecce8
ABRITEREZ;keep;2026-09-18T10:52:48+00:00;20260918105248-1ecce8
ABRITAMES;keep;2026-09-18T10:52:48+00:00;20260918105248-1ecce8
ABRITIONS;keep;2026-09-18T10:52:48+00:00;20260918105248-1ecce8
ABRITASSES;keep;2026-09-18T10:52:48+00:00;20260918105248-1ecce8
ABRITERAIS;keep;2026-09-18T10:52:48+00:00;20260918105248-1ecce8
ABRITERIEZ;keep;2026-09-18T10:52:48+00:00;20260918105248-1ecce8
ABRITERONS;keep;2026-09-18T10:52:48+00:00;20260918105248-1ecce8
ABRITERENT;keep;2026-09-18T10:52:48+00:00;20260918105248-1ecce8
ABRITERONT;keep;2026-09-18T10:52:48+00:00;20260918105248-1ecce8
ABRITERAIT;keep;2026-09-18T10:52:48+00:00;20260918105248-1ecce8
ABRITAIENT;keep;2026-09-18T10:52:48+00:00;20260918105248-1ecce8
ABRITASSENT;keep;2026-09-18T10:52:48+00:00;20260918105248-1ecce8
ABRITASSIEZ;keep;2026-09-18T10:52:48+00:00;20260918105248-1ecce8
ABRITERIONS;keep;2026-09-18T10:52:48+00:00;20260918105248-1ecce8
ABRITASSIONS;keep;2026-09-18T10:52:48+00:00;20260918105248-1ecce8
ABRITERAIENT;keep;2026-09-18T10:52:48+00:00;20260918105248-1ecce8
ABROGE;keep;2026-09-18T10:52:50+00:00;20260918105250-77b412
ABROGEA;keep;2026-09-18T10:52:50+00:00;20260918105250-77b412
ABROGEZ;keep;2026-09-18T10:52:50+00:00;20260918105250-77b412
ABROGES;keep;2026-09-18T10:52:50+00:00;20260918105250-77b412
ABROGER;keep;2026-09-18T10:52:50+00:00;20260918105250-77b412
ABROGEE;keep;2026-09-18T10:52:50+00:00;20260918105250-77b412
ABROGEAI;keep;2026-09-18T10:52:50+00:00;20260918105250-77b412
ABROGEAS;keep;2026-09-18T10:52:50+00:00;20260918105250-77b412
ABROGEAT;keep;2026-09-18T10:52:50+00:00;20260918105250-77b412
ABROGERA;keep;2026-09-18T10:52:50+00:00;20260918105250-77b412
ABROGIEZ;keep;2026-09-18T10:52:50+00:00;20260918105250-77b412
ABROGEES;keep;2026-09-18T10:52:50+00:00;20260918105250-77b412
ABROGENT;keep;2026-09-18T10:52:50+00:00;20260918105250-77b412
ABROGEAIS;keep;2026-09-18T10:52:50+00:00;20260918105250-77b412
ABROGEAIT;keep;2026-09-18T10:52:50+00:00;20260918105250-77b412
ABROGEANT;keep;2026-09-18T10:52:50+00:00;20260918105250-77b412
ABROGEONS;keep;2026-09-18T10:52:50+00:00;20260918105250-77b412
ABROGERAI;keep;2026-09-18T10:52:50+00:00;20260918105250-77b412
ABROGERAS;keep;2026-09-18T10:52:50+00:00;20260918105250-77b412
ABROGEREZ;keep;2026-09-18T10:52:50+00:00;20260918105250-77b412
ABROGIONS;keep;2026-09-18T10:52:50+00:00;20260918105250-77b412
ABROGEAMES;keep;2026-09-18T10:52:50+00:00;20260918105250-77b412
ABROGEASSE;keep;2026-09-18T10:52:50+00:00;20260918105250-77b412
ABROGEATES;keep;2026-09-18T10:52:50+00:00;20260918105250-77b412
ABROGERAIS;keep;2026-09-18T10:52:50+00:00;20260918105250-77b412
ABROGERAIT;keep;2026-09-18T10:52:50+00:00;20260918105250-77b412
ABROGERENT;keep;2026-09-18T10:52:50+00:00;20260918105250-77b412
ABROGERIEZ;keep;2026-09-18T10:52:50+00:00;20260918105250-77b412
ABROGERONS;keep;2026-09-18T10:52:50+00:00;20260918105250-77b412
ABROGERONT;keep;2026-09-18T10:52:50+00:00;20260918105250-77b412
ABROGEAIENT;keep;2026-09-18T10:52:50+00:00;20260918105250-77b412
ABROGEASSES;keep;2026-09-18T10:52:50+00:00;20260918105250-77b412
ABROGERIONS;keep;2026-09-18T10:52:50+00:00;20260918105250-77b412
ABROGEASSENT;keep;2026-09-18T10:52:50+00:00;20260918105250-77b412
ABROGEASSIEZ;keep;2026-09-18T10:52:50+00:00;20260918105250-77b412
ABROGERAIENT;keep;2026-09-18T10:52:50+00:00;20260918105250-77b412
ABROGEASSIONS;keep;2026-09-18T10:52:50+00:00;20260918105250-77b412
ABROUTI;delete;2026-09-18T10:52:54+00:00;20260918105254-55a3fd
ABROUTIE;delete;2026-09-18T10:52:54+00:00;20260918105254-55a3fd
ABROUTIS;delete;2026-09-18T10:52:54+00:00;20260918105254-55a3fd
ABROUTIT;delete;2026-09-18T10:52:54+00:00;20260918105254-55a3fd
ABROUTIR;delete;2026-09-18T10:52:54+00:00;20260918105254-55a3fd
ABROUTIES;delete;2026-09-18T10:52:54+00:00;20260918105254-55a3fd
ABROUTIRA;delete;2026-09-18T10:52:54+00:00;20260918105254-55a3fd
ABROUTIMES;delete;2026-09-18T10:52:54+00:00;20260918105254-55a3fd
ABROUTIRAI;delete;2026-09-18T10:52:54+00:00;20260918105254-55a3fd
ABROUTIRAS;delete;2026-09-18T10:52:54+00:00;20260918105254-55a3fd
ABROUTIREZ;delete;2026-09-18T10:52:54+00:00;20260918105254-55a3fd
ABROUTISSE;delete;2026-09-18T10:52:54+00:00;20260918105254-55a3fd
ABROUTITES;delete;2026-09-18T10:52:54+00:00;20260918105254-55a3fd
ABROUTIRAIS;delete;2026-09-18T10:52:54+00:00;20260918105254-55a3fd
ABROUTIRAIT;delete;2026-09-18T10:52:54+00:00;20260918105254-55a3fd
ABROUTIRENT;delete;2026-09-18T10:52:54+00:00;20260918105254-55a3fd
ABROUTIRIEZ;delete;2026-09-18T10:52:54+00:00;20260918105254-55a3fd
ABROUTIRONS;delete;2026-09-18T10:52:54+00:00;20260918105254-55a3fd
ABROUTIRONT;delete;2026-09-18T10:52:54+00:00;20260918105254-55a3fd
ABROUTISSES;delete;2026-09-18T10:52:54+00:00;20260918105254-55a3fd
ABROUTISSEZ;delete;2026-09-18T10:52:54+00:00;20260918105254-55a3fd
ABROUTIRIONS;delete;2026-09-18T10:52:54+00:00;20260918105254-55a3fd
ABROUTISSAIS;delete;2026-09-18T10:52:54+00:00;20260918105254-55a3fd
ABROUTISSAIT;delete;2026-09-18T10:52:54+00:00;20260918105254-55a3fd
ABROUTISSANT;delete;2026-09-18T10:52:54+00:00;20260918105254-55a3fd
ABROUTISSENT;delete;2026-09-18T10:52:54+00:00;20260918105254-55a3fd
ABROUTISSIEZ;delete;2026-09-18T10:52:54+00:00;20260918105254-55a3fd
ABROUTISSONS;delete;2026-09-18T10:52:54+00:00;20260918105254-55a3fd
ABROUTIRAIENT;delete;2026-09-18T10:52:54+00:00;20260918105254-55a3fd
ABROUTISSIONS;delete;2026-09-18T10:52:54+00:00;20260918105254-55a3fd
ABROUTISSAIENT;delete;2026-09-18T10:52:54+00:00;20260918105254-55a3fd
ABRUTIT;keep;2026-09-18T10:53:36+00:00;20260918105336-b4cd14
ABRUTIR;keep;2026-09-18T10:53:36+00:00;20260918105336-b4cd14
ABRUTIRA;keep;2026-09-18T10:53:36+00:00;20260918105336-b4cd14
ABRUTIMES;keep;2026-09-18T10:53:36+00:00;20260918105336-b4cd14
ABRUTIRAI;keep;2026-09-18T10:53:36+00:00;20260918105336-b4cd14
ABRUTIRAS;keep;2026-09-18T10:53:36+00:00;20260918105336-b4cd14
ABRUTIREZ;keep;2026-09-18T10:53:36+00:00;20260918105336-b4cd14
ABRUTISSE;keep;2026-09-18T10:53:36+00:00;20260918105336-b4cd14
ABRUTITES;keep;2026-09-18T10:53:36+00:00;20260918105336-b4cd14
ABRUTIRAIS;keep;2026-09-18T10:53:36+00:00;20260918105336-b4cd14
ABRUTIRAIT;keep;2026-09-18T10:53:36+00:00;20260918105336-b4cd14
ABRUTIRENT;keep;2026-09-18T10:53:36+00:00;20260918105336-b4cd14
ABRUTIRIEZ;keep;2026-09-18T10:53:36+00:00;20260918105336-b4cd14
ABRUTIRONS;keep;2026-09-18T10:53:36+00:00;20260918105336-b4cd14
ABRUTIRONT;keep;2026-09-18T10:53:36+00:00;20260918105336-b4cd14
ABRUTISSES;keep;2026-09-18T10:53:36+00:00;20260918105336-b4cd14
ABRUTISSEZ;keep;2026-09-18T10:53:36+00:00;20260918105336-b4cd14
ABRUTIRIONS;keep;2026-09-18T10:53:36+00:00;20260918105336-b4cd14
ABRUTISSIEZ;keep;2026-09-18T10:53:36+00:00;20260918105336-b4cd14
ABRUTISSONS;keep;2026-09-18T10:53:36+00:00;20260918105336-b4cd14
ABRUTISSAIS;keep;2026-09-18T10:53:36+00:00;20260918105336-b4cd14
ABRUTISSENT;keep;2026-09-18T10:53:36+00:00;20260918105336-b4cd14
ABRUTISSAIT;keep;2026-09-18T10:53:36+00:00;20260918105336-b4cd14
ABRUTIRAIENT;keep;2026-09-18T10:53:36+00:00;20260918105336-b4cd14
ABRUTISSIONS;keep;2026-09-18T10:53:36+00:00;20260918105336-b4cd14
ABRUTISSAIENT;keep;2026-09-18T10:53:36+00:00;20260918105336-b4cd14
ABSENTA;keep;2026-09-18T10:53:40+00:00;20260918105340-4239a8
ABSENTAS;keep;2026-09-18T10:53:40+00:00;20260918105340-4239a8
ABSENTAT;keep;2026-09-18T10:53:40+00:00;20260918105340-4239a8
ABSENTEZ;keep;2026-09-18T10:53:40+00:00;20260918105340-4239a8
ABSENTAI;keep;2026-09-18T10:53:40+00:00;20260918105340-4239a8
ABSENTEE;keep;2026-09-18T10:53:40+00:00;20260918105340-4239a8
ABSENTER;keep;2026-09-18T10:53:40+00:00;20260918105340-4239a8
ABSENTEES;keep;2026-09-18T10:53:40+00:00;20260918105340-4239a8
ABSENTENT;keep;2026-09-18T10:53:40+00:00;20260918105340-4239a8
ABSENTIEZ;keep;2026-09-18T10:53:40+00:00;20260918105340-4239a8
ABSENTONS;keep;2026-09-18T10:53:40+00:00;20260918105340-4239a8
ABSENTANT;keep;2026-09-18T10:53:40+00:00;20260918105340-4239a8
ABSENTERA;keep;2026-09-18T10:53:40+00:00;20260918105340-4239a8
ABSENTAIS;keep;2026-09-18T10:53:40+00:00;20260918105340-4239a8
ABSENTAIT;keep;2026-09-18T10:53:40+00:00;20260918105340-4239a8
ABSENTAMES;keep;2026-09-18T10:53:40+00:00;20260918105340-4239a8
ABSENTASSE;keep;2026-09-18T10:53:40+00:00;20260918105340-4239a8
ABSENTATES;keep;2026-09-18T10:53:40+00:00;20260918105340-4239a8
ABSENTERAS;keep;2026-09-18T10:53:40+00:00;20260918105340-4239a8
ABSENTEREZ;keep;2026-09-18T10:53:40+00:00;20260918105340-4239a8
ABSENTIONS;keep;2026-09-18T10:53:40+00:00;20260918105340-4239a8
ABSENTERAI;keep;2026-09-18T10:53:40+00:00;20260918105340-4239a8
ABSENTASSES;keep;2026-09-18T10:53:40+00:00;20260918105340-4239a8
ABSENTERAIS;keep;2026-09-18T10:53:40+00:00;20260918105340-4239a8
ABSENTERIEZ;keep;2026-09-18T10:53:40+00:00;20260918105340-4239a8
ABSENTERONS;keep;2026-09-18T10:53:40+00:00;20260918105340-4239a8
ABSENTERONT;keep;2026-09-18T10:53:40+00:00;20260918105340-4239a8
ABSENTERAIT;keep;2026-09-18T10:53:40+00:00;20260918105340-4239a8
ABSENTERENT;keep;2026-09-18T10:53:40+00:00;20260918105340-4239a8
ABSENTAIENT;keep;2026-09-18T10:53:40+00:00;20260918105340-4239a8
ABSENTASSENT;keep;2026-09-18T10:53:40+00:00;20260918105340-4239a8
ABSENTASSIEZ;keep;2026-09-18T10:53:40+00:00;20260918105340-4239a8
ABSENTERIONS;keep;2026-09-18T10:53:40+00:00;20260918105340-4239a8
ABSENTASSIONS;keep;2026-09-18T10:53:40+00:00;20260918105340-4239a8
ABSENTERAIENT;keep;2026-09-18T10:53:40+00:00;20260918105340-4239a8
ABSIDAL;delete;2026-09-18T10:53:45+00:00;20260918105345-503a6d
ABSIDALE;delete;2026-09-18T10:53:45+00:00;20260918105345-503a6d
ABSIDAUX;delete;2026-09-18T10:53:45+00:00;20260918105345-503a6d
ABSIDALES;delete;2026-09-18T10:53:45+00:00;20260918105345-503a6d
ABSIDIAL;delete;2026-09-18T10:53:46+00:00;20260918105346-8475e1
ABSIDIALE;delete;2026-09-18T10:53:46+00:00;20260918105346-8475e1
ABSIDIAUX;delete;2026-09-18T10:53:46+00:00;20260918105346-8475e1
ABSIDIALES;delete;2026-09-18T10:53:46+00:00;20260918105346-8475e1
ABSINTHA;delete;2026-09-18T10:53:57+00:00;20260918105357-9cbc6c
ABSINTHAI;delete;2026-09-18T10:53:57+00:00;20260918105357-9cbc6c
ABSINTHAS;delete;2026-09-18T10:53:57+00:00;20260918105357-9cbc6c
ABSINTHAT;delete;2026-09-18T10:53:57+00:00;20260918105357-9cbc6c
ABSINTHEE;delete;2026-09-18T10:53:57+00:00;20260918105357-9cbc6c
ABSINTHEZ;delete;2026-09-18T10:53:57+00:00;20260918105357-9cbc6c
ABSINTHER;delete;2026-09-18T10:53:57+00:00;20260918105357-9cbc6c
ABSINTHAIS;delete;2026-09-18T10:53:57+00:00;20260918105357-9cbc6c
ABSINTHAIT;delete;2026-09-18T10:53:57+00:00;20260918105357-9cbc6c
ABSINTHEES;delete;2026-09-18T10:53:57+00:00;20260918105357-9cbc6c
ABSINTHENT;delete;2026-09-18T10:53:57+00:00;20260918105357-9cbc6c
ABSINTHERA;delete;2026-09-18T10:53:57+00:00;20260918105357-9cbc6c
ABSINTHIEZ;delete;2026-09-18T10:53:57+00:00;20260918105357-9cbc6c
ABSINTHONS;delete;2026-09-18T10:53:57+00:00;20260918105357-9cbc6c
ABSINTHANT;delete;2026-09-18T10:53:57+00:00;20260918105357-9cbc6c
ABSINTHAMES;delete;2026-09-18T10:53:57+00:00;20260918105357-9cbc6c
ABSINTHASSE;delete;2026-09-18T10:53:57+00:00;20260918105357-9cbc6c
ABSINTHATES;delete;2026-09-18T10:53:57+00:00;20260918105357-9cbc6c
ABSINTHERAI;delete;2026-09-18T10:53:57+00:00;20260918105357-9cbc6c
ABSINTHERAS;delete;2026-09-18T10:53:57+00:00;20260918105357-9cbc6c
ABSINTHEREZ;delete;2026-09-18T10:53:57+00:00;20260918105357-9cbc6c
ABSINTHIONS;delete;2026-09-18T10:53:57+00:00;20260918105357-9cbc6c
ABSINTHAIENT;delete;2026-09-18T10:53:57+00:00;20260918105357-9cbc6c
ABSINTHASSES;delete;2026-09-18T10:53:57+00:00;20260918105357-9cbc6c
ABSINTHERAIS;delete;2026-09-18T10:53:57+00:00;20260918105357-9cbc6c
ABSINTHERAIT;delete;2026-09-18T10:53:57+00:00;20260918105357-9cbc6c
ABSINTHERENT;delete;2026-09-18T10:53:57+00:00;20260918105357-9cbc6c
ABSINTHERIEZ;delete;2026-09-18T10:53:57+00:00;20260918105357-9cbc6c
ABSINTHERONS;delete;2026-09-18T10:53:57+00:00;20260918105357-9cbc6c
ABSINTHERONT;delete;2026-09-18T10:53:57+00:00;20260918105357-9cbc6c
ABSINTHASSENT;delete;2026-09-18T10:53:57+00:00;20260918105357-9cbc6c
ABSINTHASSIEZ;delete;2026-09-18T10:53:57+00:00;20260918105357-9cbc6c
ABSINTHERIONS;delete;2026-09-18T10:53:57+00:00;20260918105357-9cbc6c
ABSINTHASSIONS;delete;2026-09-18T10:53:57+00:00;20260918105357-9cbc6c
ABSINTHERAIENT;delete;2026-09-18T10:53:57+00:00;20260918105357-9cbc6c
ABSOUT;keep;2026-09-18T10:54:02+00:00;20260918105402-d299f4
ABSOUS;keep;2026-09-18T10:54:02+00:00;20260918105402-d299f4
ABSOLUT;keep;2026-09-18T10:54:02+00:00;20260918105402-d299f4
ABSOLVE;keep;2026-09-18T10:54:02+00:00;20260918105402-d299f4
ABSOLVEZ;keep;2026-09-18T10:54:02+00:00;20260918105402-d299f4
ABSOUDRA;keep;2026-09-18T10:54:02+00:00;20260918105402-d299f4
ABSOLVES;keep;2026-09-18T10:54:02+00:00;20260918105402-d299f4
ABSOUTES;keep;2026-09-18T10:54:02+00:00;20260918105402-d299f4
ABSOUDRE;keep;2026-09-18T10:54:02+00:00;20260918105402-d299f4
ABSOLUMES;keep;2026-09-18T10:54:02+00:00;20260918105402-d299f4
ABSOLUSSE;keep;2026-09-18T10:54:02+00:00;20260918105402-d299f4
ABSOLUTES;keep;2026-09-18T10:54:02+00:00;20260918105402-d299f4
ABSOLVAIS;keep;2026-09-18T10:54:02+00:00;20260918105402-d299f4
ABSOLVIEZ;keep;2026-09-18T10:54:02+00:00;20260918105402-d299f4
ABSOLVONS;keep;2026-09-18T10:54:02+00:00;20260918105402-d299f4
ABSOUDRAS;keep;2026-09-18T10:54:02+00:00;20260918105402-d299f4
ABSOUDREZ;keep;2026-09-18T10:54:02+00:00;20260918105402-d299f4
ABSOUDRAI;keep;2026-09-18T10:54:02+00:00;20260918105402-d299f4
ABSOLVENT;keep;2026-09-18T10:54:02+00:00;20260918105402-d299f4
ABSOLVAIT;keep;2026-09-18T10:54:02+00:00;20260918105402-d299f4
ABSOLURENT;keep;2026-09-18T10:54:02+00:00;20260918105402-d299f4
ABSOLUSSES;keep;2026-09-18T10:54:02+00:00;20260918105402-d299f4
ABSOLVIONS;keep;2026-09-18T10:54:02+00:00;20260918105402-d299f4
ABSOUDRAIS;keep;2026-09-18T10:54:02+00:00;20260918105402-d299f4
ABSOUDRONS;keep;2026-09-18T10:54:02+00:00;20260918105402-d299f4
ABSOUDRONT;keep;2026-09-18T10:54:02+00:00;20260918105402-d299f4
ABSOUDRIEZ;keep;2026-09-18T10:54:02+00:00;20260918105402-d299f4
ABSOUDRAIT;keep;2026-09-18T10:54:02+00:00;20260918105402-d299f4
ABSOLUSSENT;keep;2026-09-18T10:54:02+00:00;20260918105402-d299f4
ABSOLUSSIEZ;keep;2026-09-18T10:54:02+00:00;20260918105402-d299f4
ABSOUDRIONS;keep;2026-09-18T10:54:02+00:00;20260918105402-d299f4
ABSOLVAIENT;keep;2026-09-18T10:54:02+00:00;20260918105402-d299f4
ABSOLUSSIONS;keep;2026-09-18T10:54:02+00:00;20260918105402-d299f4
ABSOUDRAIENT;keep;2026-09-18T10:54:02+00:00;20260918105402-d299f4
ABSORBA;keep;2026-09-18T10:54:05+00:00;20260918105405-ee6d38
ABSORBAS;keep;2026-09-18T10:54:05+00:00;20260918105405-ee6d38
ABSORBAT;keep;2026-09-18T10:54:05+00:00;20260918105405-ee6d38
ABSORBEZ;keep;2026-09-18T10:54:05+00:00;20260918105405-ee6d38
ABSORBAI;keep;2026-09-18T10:54:05+00:00;20260918105405-ee6d38
ABSORBES;keep;2026-09-18T10:54:05+00:00;20260918105405-ee6d38
ABSORBEE;keep;2026-09-18T10:54:05+00:00;20260918105405-ee6d38
ABSORBIEZ;keep;2026-09-18T10:54:05+00:00;20260918105405-ee6d38
ABSORBONS;keep;2026-09-18T10:54:05+00:00;20260918105405-ee6d38
ABSORBAIS;keep;2026-09-18T10:54:05+00:00;20260918105405-ee6d38
ABSORBERA;keep;2026-09-18T10:54:05+00:00;20260918105405-ee6d38
ABSORBEES;keep;2026-09-18T10:54:05+00:00;20260918105405-ee6d38
ABSORBENT;keep;2026-09-18T10:54:05+00:00;20260918105405-ee6d38
ABSORBANT;keep;2026-09-18T10:54:05+00:00;20260918105405-ee6d38
ABSORBAIT;keep;2026-09-18T10:54:05+00:00;20260918105405-ee6d38
ABSORBAMES;keep;2026-09-18T10:54:05+00:00;20260918105405-ee6d38
ABSORBASSE;keep;2026-09-18T10:54:05+00:00;20260918105405-ee6d38
ABSORBATES;keep;2026-09-18T10:54:05+00:00;20260918105405-ee6d38
ABSORBERAS;keep;2026-09-18T10:54:05+00:00;20260918105405-ee6d38
ABSORBEREZ;keep;2026-09-18T10:54:05+00:00;20260918105405-ee6d38
ABSORBERAI;keep;2026-09-18T10:54:05+00:00;20260918105405-ee6d38
ABSORBIONS;keep;2026-09-18T10:54:05+00:00;20260918105405-ee6d38
ABSORBASSES;keep;2026-09-18T10:54:05+00:00;20260918105405-ee6d38
ABSORBERAIS;keep;2026-09-18T10:54:05+00:00;20260918105405-ee6d38
ABSORBERIEZ;keep;2026-09-18T10:54:05+00:00;20260918105405-ee6d38
ABSORBERONS;keep;2026-09-18T10:54:05+00:00;20260918105405-ee6d38
ABSORBERONT;keep;2026-09-18T10:54:05+00:00;20260918105405-ee6d38
ABSORBERAIT;keep;2026-09-18T10:54:05+00:00;20260918105405-ee6d38
ABSORBERENT;keep;2026-09-18T10:54:05+00:00;20260918105405-ee6d38
ABSORBAIENT;keep;2026-09-18T10:54:05+00:00;20260918105405-ee6d38
ABSORBASSENT;keep;2026-09-18T10:54:05+00:00;20260918105405-ee6d38
ABSORBASSIEZ;keep;2026-09-18T10:54:05+00:00;20260918105405-ee6d38
ABSORBERIONS;keep;2026-09-18T10:54:05+00:00;20260918105405-ee6d38
ABSORBASSIONS;keep;2026-09-18T10:54:05+00:00;20260918105405-ee6d38
ABSORBERAIENT;keep;2026-09-18T10:54:05+00:00;20260918105405-ee6d38
ABSTERGE;delete;2026-09-18T10:54:08+00:00;20260918105408-875b8d
ABSTERGEA;delete;2026-09-18T10:54:08+00:00;20260918105408-875b8d
ABSTERGEE;delete;2026-09-18T10:54:08+00:00;20260918105408-875b8d
ABSTERGES;delete;2026-09-18T10:54:08+00:00;20260918105408-875b8d
ABSTERGEZ;delete;2026-09-18T10:54:08+00:00;20260918105408-875b8d
ABSTERGER;delete;2026-09-18T10:54:08+00:00;20260918105408-875b8d
ABSTERGEAI;delete;2026-09-18T10:54:08+00:00;20260918105408-875b8d
ABSTERGEAS;delete;2026-09-18T10:54:08+00:00;20260918105408-875b8d
ABSTERGEAT;delete;2026-09-18T10:54:08+00:00;20260918105408-875b8d
ABSTERGEES;delete;2026-09-18T10:54:08+00:00;20260918105408-875b8d
ABSTERGERA;delete;2026-09-18T10:54:08+00:00;20260918105408-875b8d
ABSTERGIEZ;delete;2026-09-18T10:54:08+00:00;20260918105408-875b8d
ABSTERGENT;delete;2026-09-18T10:54:08+00:00;20260918105408-875b8d
ABSTERGEAIS;delete;2026-09-18T10:54:08+00:00;20260918105408-875b8d
ABSTERGEAIT;delete;2026-09-18T10:54:08+00:00;20260918105408-875b8d
ABSTERGEANT;delete;2026-09-18T10:54:08+00:00;20260918105408-875b8d
ABSTERGEONS;delete;2026-09-18T10:54:08+00:00;20260918105408-875b8d
ABSTERGERAI;delete;2026-09-18T10:54:08+00:00;20260918105408-875b8d
ABSTERGERAS;delete;2026-09-18T10:54:08+00:00;20260918105408-875b8d
ABSTERGEREZ;delete;2026-09-18T10:54:08+00:00;20260918105408-875b8d
ABSTERGIONS;delete;2026-09-18T10:54:08+00:00;20260918105408-875b8d
ABSTERGEAMES;delete;2026-09-18T10:54:08+00:00;20260918105408-875b8d
ABSTERGEASSE;delete;2026-09-18T10:54:08+00:00;20260918105408-875b8d
ABSTERGEATES;delete;2026-09-18T10:54:08+00:00;20260918105408-875b8d
ABSTERGERAIS;delete;2026-09-18T10:54:08+00:00;20260918105408-875b8d
ABSTERGERAIT;delete;2026-09-18T10:54:08+00:00;20260918105408-875b8d
ABSTERGERENT;delete;2026-09-18T10:54:08+00:00;20260918105408-875b8d
ABSTERGERIEZ;delete;2026-09-18T10:54:08+00:00;20260918105408-875b8d
ABSTERGERONS;delete;2026-09-18T10:54:08+00:00;20260918105408-875b8d
ABSTERGERONT;delete;2026-09-18T10:54:08+00:00;20260918105408-875b8d
ABSTERGEAIENT;delete;2026-09-18T10:54:08+00:00;20260918105408-875b8d
ABSTERGEASSES;delete;2026-09-18T10:54:08+00:00;20260918105408-875b8d
ABSTERGERIONS;delete;2026-09-18T10:54:08+00:00;20260918105408-875b8d
ABSTERGEASSENT;delete;2026-09-18T10:54:08+00:00;20260918105408-875b8d
ABSTERGEASSIEZ;delete;2026-09-18T10:54:08+00:00;20260918105408-875b8d
ABSTERGERAIENT;delete;2026-09-18T10:54:08+00:00;20260918105408-875b8d
ABSTERGEASSIONS;delete;2026-09-18T10:54:08+00:00;20260918105408-875b8d
ABSTINMES;keep;2026-09-18T10:54:15+00:00;20260918105415-7bb49b
ABSTINSSE;keep;2026-09-18T10:54:15+00:00;20260918105415-7bb49b
ABSTINTES;keep;2026-09-18T10:54:15+00:00;20260918105415-7bb49b
ABSTIENDRA;keep;2026-09-18T10:54:15+00:00;20260918105415-7bb49b
ABSTINSSES;keep;2026-09-18T10:54:15+00:00;20260918105415-7bb49b
ABSTIENDREZ;keep;2026-09-18T10:54:15+00:00;20260918105415-7bb49b
ABSTINSSENT;keep;2026-09-18T10:54:15+00:00;20260918105415-7bb49b
ABSTINSSIEZ;keep;2026-09-18T10:54:15+00:00;20260918105415-7bb49b
ABSTIENDRIEZ;keep;2026-09-18T10:54:15+00:00;20260918105415-7bb49b
ABSTINSSIONS;keep;2026-09-18T10:54:15+00:00;20260918105415-7bb49b
ABSTRAIE;keep;2026-09-18T10:54:23+00:00;20260918105423-10f025
ABSTRAIS;keep;2026-09-18T10:54:23+00:00;20260918105423-10f025
ABSTRAIES;keep;2026-09-18T10:54:23+00:00;20260918105423-10f025
ABSTRAIRA;keep;2026-09-18T10:54:23+00:00;20260918105423-10f025
ABSTRAYEZ;keep;2026-09-18T10:54:23+00:00;20260918105423-10f025
ABSTRAIRE;keep;2026-09-18T10:54:23+00:00;20260918105423-10f025
ABSTRAIENT;keep;2026-09-18T10:54:23+00:00;20260918105423-10f025
ABSTRAIRAI;keep;2026-09-18T10:54:23+00:00;20260918105423-10f025
ABSTRAIRAS;keep;2026-09-18T10:54:23+00:00;20260918105423-10f025
ABSTRAIREZ;keep;2026-09-18T10:54:23+00:00;20260918105423-10f025
ABSTRAYAIS;keep;2026-09-18T10:54:23+00:00;20260918105423-10f025
ABSTRAYAIT;keep;2026-09-18T10:54:23+00:00;20260918105423-10f025
ABSTRAYANT;keep;2026-09-18T10:54:23+00:00;20260918105423-10f025
ABSTRAYIEZ;keep;2026-09-18T10:54:23+00:00;20260918105423-10f025
ABSTRAYONS;keep;2026-09-18T10:54:23+00:00;20260918105423-10f025
ABSTRAIRAIS;keep;2026-09-18T10:54:23+00:00;20260918105423-10f025
ABSTRAIRAIT;keep;2026-09-18T10:54:23+00:00;20260918105423-10f025
ABSTRAIRIEZ;keep;2026-09-18T10:54:23+00:00;20260918105423-10f025
ABSTRAIRONS;keep;2026-09-18T10:54:23+00:00;20260918105423-10f025
ABSTRAIRONT;keep;2026-09-18T10:54:23+00:00;20260918105423-10f025
ABSTRAYIONS;keep;2026-09-18T10:54:23+00:00;20260918105423-10f025
ABSTRAIRIONS;keep;2026-09-18T10:54:23+00:00;20260918105423-10f025
ABSTRAYAIENT;keep;2026-09-18T10:54:23+00:00;20260918105423-10f025
ABSTRAIRAIENT;keep;2026-09-18T10:54:23+00:00;20260918105423-10f025
ABUSA;keep;2026-09-18T10:54:24+00:00;20260918105424-3ab188
ABUSAS;keep;2026-09-18T10:54:24+00:00;20260918105424-3ab188
ABUSAT;keep;2026-09-18T10:54:24+00:00;20260918105424-3ab188
ABUSAI;keep;2026-09-18T10:54:24+00:00;20260918105424-3ab188
ABUSEE;keep;2026-09-18T10:54:24+00:00;20260918105424-3ab188
ABUSES;keep;2026-09-18T10:54:24+00:00;20260918105424-3ab188
ABUSEZ;keep;2026-09-18T10:54:24+00:00;20260918105424-3ab188
ABUSIEZ;keep;2026-09-18T10:54:24+00:00;20260918105424-3ab188
ABUSERA;keep;2026-09-18T10:54:24+00:00;20260918105424-3ab188
ABUSEES;keep;2026-09-18T10:54:24+00:00;20260918105424-3ab188
ABUSAIS;keep;2026-09-18T10:54:24+00:00;20260918105424-3ab188
ABUSONS;keep;2026-09-18T10:54:24+00:00;20260918105424-3ab188
ABUSANT;keep;2026-09-18T10:54:24+00:00;20260918105424-3ab188
ABUSENT;keep;2026-09-18T10:54:24+00:00;20260918105424-3ab188
ABUSAIT;keep;2026-09-18T10:54:24+00:00;20260918105424-3ab188
ABUSAMES;keep;2026-09-18T10:54:24+00:00;20260918105424-3ab188
ABUSASSE;keep;2026-09-18T10:54:24+00:00;20260918105424-3ab188
ABUSATES;keep;2026-09-18T10:54:24+00:00;20260918105424-3ab188
ABUSERAS;keep;2026-09-18T10:54:24+00:00;20260918105424-3ab188
ABUSIONS;keep;2026-09-18T10:54:24+00:00;20260918105424-3ab188
ABUSEREZ;keep;2026-09-18T10:54:24+00:00;20260918105424-3ab188
ABUSERAI;keep;2026-09-18T10:54:24+00:00;20260918105424-3ab188
ABUSASSES;keep;2026-09-18T10:54:24+00:00;20260918105424-3ab188
ABUSERONS;keep;2026-09-18T10:54:24+00:00;20260918105424-3ab188
ABUSERONT;keep;2026-09-18T10:54:24+00:00;20260918105424-3ab188
ABUSERIEZ;keep;2026-09-18T10:54:24+00:00;20260918105424-3ab188
ABUSERENT;keep;2026-09-18T10:54:24+00:00;20260918105424-3ab188
ABUSERAIT;keep;2026-09-18T10:54:24+00:00;20260918105424-3ab188
ABUSERAIS;keep;2026-09-18T10:54:24+00:00;20260918105424-3ab188
ABUSAIENT;keep;2026-09-18T10:54:24+00:00;20260918105424-3ab188
ABUSASSENT;keep;2026-09-18T10:54:24+00:00;20260918105424-3ab188
ABUSASSIEZ;keep;2026-09-18T10:54:24+00:00;20260918105424-3ab188
ABUSERIONS;keep;2026-09-18T10:54:24+00:00;20260918105424-3ab188
ABUSASSIONS;keep;2026-09-18T10:54:24+00:00;20260918105424-3ab188
ABUSERAIENT;keep;2026-09-18T10:54:24+00:00;20260918105424-3ab188
ABUTAI;delete;2026-09-18T10:54:40+00:00;20260918105440-0e7d85
ABUTAS;delete;2026-09-18T10:54:40+00:00;20260918105440-0e7d85
ABUTAT;delete;2026-09-18T10:54:40+00:00;20260918105440-0e7d85
ABUTEE;delete;2026-09-18T10:54:40+00:00;20260918105440-0e7d85
ABUTES;delete;2026-09-18T10:54:40+00:00;20260918105440-0e7d85
ABUTEZ;delete;2026-09-18T10:54:40+00:00;20260918105440-0e7d85
ABUTER;delete;2026-09-18T10:54:40+00:00;20260918105440-0e7d85
ABUTAIS;delete;2026-09-18T10:54:40+00:00;20260918105440-0e7d85
ABUTAIT;delete;2026-09-18T10:54:40+00:00;20260918105440-0e7d85
ABUTANT;delete;2026-09-18T10:54:40+00:00;20260918105440-0e7d85
ABUTEES;delete;2026-09-18T10:54:40+00:00;20260918105440-0e7d85
ABUTENT;delete;2026-09-18T10:54:40+00:00;20260918105440-0e7d85
ABUTERA;delete;2026-09-18T10:54:40+00:00;20260918105440-0e7d85
ABUTIEZ;delete;2026-09-18T10:54:40+00:00;20260918105440-0e7d85
ABUTONS;delete;2026-09-18T10:54:40+00:00;20260918105440-0e7d85
ABUTAMES;delete;2026-09-18T10:54:40+00:00;20260918105440-0e7d85
ABUTASSE;delete;2026-09-18T10:54:40+00:00;20260918105440-0e7d85
ABUTATES;delete;2026-09-18T10:54:40+00:00;20260918105440-0e7d85
ABUTERAI;delete;2026-09-18T10:54:40+00:00;20260918105440-0e7d85
ABUTERAS;delete;2026-09-18T10:54:40+00:00;20260918105440-0e7d85
ABUTEREZ;delete;2026-09-18T10:54:40+00:00;20260918105440-0e7d85
ABUTIONS;delete;2026-09-18T10:54:40+00:00;20260918105440-0e7d85
ABUTAIENT;delete;2026-09-18T10:54:40+00:00;20260918105440-0e7d85
ABUTASSES;delete;2026-09-18T10:54:40+00:00;20260918105440-0e7d85
ABUTERAIS;delete;2026-09-18T10:54:40+00:00;20260918105440-0e7d85
ABUTERAIT;delete;2026-09-18T10:54:40+00:00;20260918105440-0e7d85
ABUTERENT;delete;2026-09-18T10:54:40+00:00;20260918105440-0e7d85
ABUTERIEZ;delete;2026-09-18T10:54:40+00:00;20260918105440-0e7d85
ABUTERONS;delete;2026-09-18T10:54:40+00:00;20260918105440-0e7d85
ABUTERONT;delete;2026-09-18T10:54:40+00:00;20260918105440-0e7d85
ABUTASSENT;delete;2026-09-18T10:54:40+00:00;20260918105440-0e7d85
ABUTASSIEZ;delete;2026-09-18T10:54:40+00:00;20260918105440-0e7d85
ABUTERIONS;delete;2026-09-18T10:54:40+00:00;20260918105440-0e7d85
ABUTASSIONS;delete;2026-09-18T10:54:40+00:00;20260918105440-0e7d85
ABUTERAIENT;delete;2026-09-18T10:54:40+00:00;20260918105440-0e7d85
ABYSSIN;delete;2026-09-18T10:54:45+00:00;20260918105445-c9b570
ABYSSINE;delete;2026-09-18T10:54:45+00:00;20260918105445-c9b570
ABYSSINS;delete;2026-09-18T10:54:45+00:00;20260918105445-c9b570
ABYSSINES;delete;2026-09-18T10:54:45+00:00;20260918105445-c9b570
ACADEMISA;delete;2026-09-18T10:54:53+00:00;20260918105453-375595
ACADEMISE;delete;2026-09-18T10:54:53+00:00;20260918105453-375595
ACADEMISAI;delete;2026-09-18T10:54:53+00:00;20260918105453-375595
ACADEMISAS;delete;2026-09-18T10:54:53+00:00;20260918105453-375595
ACADEMISAT;delete;2026-09-18T10:54:53+00:00;20260918105453-375595
ACADEMISEE;delete;2026-09-18T10:54:53+00:00;20260918105453-375595
ACADEMISES;delete;2026-09-18T10:54:53+00:00;20260918105453-375595
ACADEMISEZ;delete;2026-09-18T10:54:53+00:00;20260918105453-375595
ACADEMISER;delete;2026-09-18T10:54:53+00:00;20260918105453-375595
ACADEMISAIS;delete;2026-09-18T10:54:53+00:00;20260918105453-375595
ACADEMISAIT;delete;2026-09-18T10:54:53+00:00;20260918105453-375595
ACADEMISANT;delete;2026-09-18T10:54:53+00:00;20260918105453-375595
ACADEMISEES;delete;2026-09-18T10:54:53+00:00;20260918105453-375595
ACADEMISENT;delete;2026-09-18T10:54:53+00:00;20260918105453-375595
ACADEMISERA;delete;2026-09-18T10:54:53+00:00;20260918105453-375595
ACADEMISIEZ;delete;2026-09-18T10:54:53+00:00;20260918105453-375595
ACADEMISONS;delete;2026-09-18T10:54:53+00:00;20260918105453-375595
ACADEMISAMES;delete;2026-09-18T10:54:53+00:00;20260918105453-375595
ACADEMISASSE;delete;2026-09-18T10:54:53+00:00;20260918105453-375595
ACADEMISATES;delete;2026-09-18T10:54:53+00:00;20260918105453-375595
ACADEMISERAI;delete;2026-09-18T10:54:53+00:00;20260918105453-375595
ACADEMISERAS;delete;2026-09-18T10:54:53+00:00;20260918105453-375595
ACADEMISEREZ;delete;2026-09-18T10:54:53+00:00;20260918105453-375595
ACADEMISIONS;delete;2026-09-18T10:54:53+00:00;20260918105453-375595
ACADEMISAIENT;delete;2026-09-18T10:54:53+00:00;20260918105453-375595
ACADEMISASSES;delete;2026-09-18T10:54:53+00:00;20260918105453-375595
ACADEMISERAIS;delete;2026-09-18T10:54:53+00:00;20260918105453-375595
ACADEMISERAIT;delete;2026-09-18T10:54:53+00:00;20260918105453-375595
ACADEMISERENT;delete;2026-09-18T10:54:53+00:00;20260918105453-375595
ACADEMISERIEZ;delete;2026-09-18T10:54:53+00:00;20260918105453-375595
ACADEMISERONS;delete;2026-09-18T10:54:53+00:00;20260918105453-375595
ACADEMISERONT;delete;2026-09-18T10:54:53+00:00;20260918105453-375595
ACADEMISASSENT;delete;2026-09-18T10:54:53+00:00;20260918105453-375595
ACADEMISASSIEZ;delete;2026-09-18T10:54:53+00:00;20260918105453-375595
ACADEMISERIONS;delete;2026-09-18T10:54:53+00:00;20260918105453-375595
ACADEMISASSIONS;delete;2026-09-18T10:54:53+00:00;20260918105453-375595
ACADEMISERAIENT;delete;2026-09-18T10:54:53+00:00;20260918105453-375595
ACAGNARDA;delete;2026-09-18T10:54:55+00:00;20260918105455-3e68c5
ACAGNARDE;delete;2026-09-18T10:54:55+00:00;20260918105455-3e68c5
ACAGNARDAS;delete;2026-09-18T10:54:55+00:00;20260918105455-3e68c5
ACAGNARDAT;delete;2026-09-18T10:54:55+00:00;20260918105455-3e68c5
ACAGNARDES;delete;2026-09-18T10:54:55+00:00;20260918105455-3e68c5
ACAGNARDEZ;delete;2026-09-18T10:54:55+00:00;20260918105455-3e68c5
ACAGNARDAI;delete;2026-09-18T10:54:55+00:00;20260918105455-3e68c5
ACAGNARDEE;delete;2026-09-18T10:54:55+00:00;20260918105455-3e68c5
ACAGNARDER;delete;2026-09-18T10:54:55+00:00;20260918105455-3e68c5
ACAGNARDAIS;delete;2026-09-18T10:54:55+00:00;20260918105455-3e68c5
ACAGNARDANT;delete;2026-09-18T10:54:55+00:00;20260918105455-3e68c5
ACAGNARDEES;delete;2026-09-18T10:54:55+00:00;20260918105455-3e68c5
ACAGNARDENT;delete;2026-09-18T10:54:55+00:00;20260918105455-3e68c5
ACAGNARDERA;delete;2026-09-18T10:54:55+00:00;20260918105455-3e68c5
ACAGNARDIEZ;delete;2026-09-18T10:54:55+00:00;20260918105455-3e68c5
ACAGNARDONS;delete;2026-09-18T10:54:55+00:00;20260918105455-3e68c5
ACAGNARDAIT;delete;2026-09-18T10:54:55+00:00;20260918105455-3e68c5
ACAGNARDAMES;delete;2026-09-18T10:54:55+00:00;20260918105455-3e68c5
ACAGNARDASSE;delete;2026-09-18T10:54:55+00:00;20260918105455-3e68c5
ACAGNARDATES;delete;2026-09-18T10:54:55+00:00;20260918105455-3e68c5
ACAGNARDERAI;delete;2026-09-18T10:54:55+00:00;20260918105455-3e68c5
ACAGNARDERAS;delete;2026-09-18T10:54:55+00:00;20260918105455-3e68c5
ACAGNARDEREZ;delete;2026-09-18T10:54:55+00:00;20260918105455-3e68c5
ACAGNARDIONS;delete;2026-09-18T10:54:55+00:00;20260918105455-3e68c5
ACAGNARDAIENT;delete;2026-09-18T10:54:55+00:00;20260918105455-3e68c5
ACAGNARDASSES;delete;2026-09-18T10:54:55+00:00;20260918105455-3e68c5
ACAGNARDERAIS;delete;2026-09-18T10:54:55+00:00;20260918105455-3e68c5
ACAGNARDERAIT;delete;2026-09-18T10:54:55+00:00;20260918105455-3e68c5
ACAGNARDERENT;delete;2026-09-18T10:54:55+00:00;20260918105455-3e68c5
ACAGNARDERIEZ;delete;2026-09-18T10:54:55+00:00;20260918105455-3e68c5
ACAGNARDERONS;delete;2026-09-18T10:54:55+00:00;20260918105455-3e68c5
ACAGNARDERONT;delete;2026-09-18T10:54:55+00:00;20260918105455-3e68c5
ACAGNARDASSENT;delete;2026-09-18T10:54:55+00:00;20260918105455-3e68c5
ACAGNARDASSIEZ;delete;2026-09-18T10:54:55+00:00;20260918105455-3e68c5
ACAGNARDERIONS;delete;2026-09-18T10:54:55+00:00;20260918105455-3e68c5
ACAGNARDASSIONS;delete;2026-09-18T10:54:55+00:00;20260918105455-3e68c5
ACAGNARDERAIENT;delete;2026-09-18T10:54:55+00:00;20260918105455-3e68c5
ACCABLA;delete;2026-09-18T10:54:57+00:00;20260918105457-6f0d23
ACCABLAS;delete;2026-09-18T10:54:57+00:00;20260918105457-6f0d23
ACCABLAI;delete;2026-09-18T10:54:57+00:00;20260918105457-6f0d23
ACCABLAT;delete;2026-09-18T10:54:57+00:00;20260918105457-6f0d23
ACCABLEZ;delete;2026-09-18T10:54:57+00:00;20260918105457-6f0d23
ACCABLES;delete;2026-09-18T10:54:57+00:00;20260918105457-6f0d23
ACCABLEE;delete;2026-09-18T10:54:57+00:00;20260918105457-6f0d23
ACCABLER;delete;2026-09-18T10:54:57+00:00;20260918105457-6f0d23
ACCABLERA;delete;2026-09-18T10:54:57+00:00;20260918105457-6f0d23
ACCABLIEZ;delete;2026-09-18T10:54:57+00:00;20260918105457-6f0d23
ACCABLONS;delete;2026-09-18T10:54:57+00:00;20260918105457-6f0d23
ACCABLAIS;delete;2026-09-18T10:54:57+00:00;20260918105457-6f0d23
ACCABLEES;delete;2026-09-18T10:54:57+00:00;20260918105457-6f0d23
ACCABLENT;delete;2026-09-18T10:54:57+00:00;20260918105457-6f0d23
ACCABLAIT;delete;2026-09-18T10:54:57+00:00;20260918105457-6f0d23
ACCABLAMES;delete;2026-09-18T10:54:57+00:00;20260918105457-6f0d23
ACCABLASSE;delete;2026-09-18T10:54:57+00:00;20260918105457-6f0d23
ACCABLATES;delete;2026-09-18T10:54:57+00:00;20260918105457-6f0d23
ACCABLERAI;delete;2026-09-18T10:54:57+00:00;20260918105457-6f0d23
ACCABLERAS;delete;2026-09-18T10:54:57+00:00;20260918105457-6f0d23
ACCABLEREZ;delete;2026-09-18T10:54:57+00:00;20260918105457-6f0d23
ACCABLIONS;delete;2026-09-18T10:54:57+00:00;20260918105457-6f0d23
ACCABLASSES;delete;2026-09-18T10:54:57+00:00;20260918105457-6f0d23
ACCABLERAIS;delete;2026-09-18T10:54:57+00:00;20260918105457-6f0d23
ACCABLERAIT;delete;2026-09-18T10:54:57+00:00;20260918105457-6f0d23
ACCABLERIEZ;delete;2026-09-18T10:54:57+00:00;20260918105457-6f0d23
ACCABLERONS;delete;2026-09-18T10:54:57+00:00;20260918105457-6f0d23
ACCABLERONT;delete;2026-09-18T10:54:57+00:00;20260918105457-6f0d23
ACCABLERENT;delete;2026-09-18T10:54:57+00:00;20260918105457-6f0d23
ACCABLAIENT;delete;2026-09-18T10:54:57+00:00;20260918105457-6f0d23
ACCABLASSENT;delete;2026-09-18T10:54:57+00:00;20260918105457-6f0d23
ACCABLASSIEZ;delete;2026-09-18T10:54:57+00:00;20260918105457-6f0d23
ACCABLERIONS;delete;2026-09-18T10:54:57+00:00;20260918105457-6f0d23
ACCABLASSIONS;delete;2026-09-18T10:54:57+00:00;20260918105457-6f0d23
ACCABLERAIENT;delete;2026-09-18T10:54:57+00:00;20260918105457-6f0d23
ACCAGNA;delete;2026-09-18T10:55:00+00:00;20260918105500-4df05c
ACCAGNE;delete;2026-09-18T10:55:00+00:00;20260918105500-4df05c
ACCAGNAI;delete;2026-09-18T10:55:00+00:00;20260918105500-4df05c
ACCAGNAS;delete;2026-09-18T10:55:00+00:00;20260918105500-4df05c
ACCAGNAT;delete;2026-09-18T10:55:00+00:00;20260918105500-4df05c
ACCAGNEE;delete;2026-09-18T10:55:00+00:00;20260918105500-4df05c
ACCAGNES;delete;2026-09-18T10:55:00+00:00;20260918105500-4df05c
ACCAGNEZ;delete;2026-09-18T10:55:00+00:00;20260918105500-4df05c
ACCAGNER;delete;2026-09-18T10:55:00+00:00;20260918105500-4df05c
ACCAGNAIS;delete;2026-09-18T10:55:00+00:00;20260918105500-4df05c
ACCAGNAIT;delete;2026-09-18T10:55:00+00:00;20260918105500-4df05c
ACCAGNANT;delete;2026-09-18T10:55:00+00:00;20260918105500-4df05c
ACCAGNEES;delete;2026-09-18T10:55:00+00:00;20260918105500-4df05c
ACCAGNENT;delete;2026-09-18T10:55:00+00:00;20260918105500-4df05c
ACCAGNERA;delete;2026-09-18T10:55:00+00:00;20260918105500-4df05c
ACCAGNIEZ;delete;2026-09-18T10:55:00+00:00;20260918105500-4df05c
ACCAGNONS;delete;2026-09-18T10:55:00+00:00;20260918105500-4df05c
ACCAGNAMES;delete;2026-09-18T10:55:00+00:00;20260918105500-4df05c
ACCAGNASSE;delete;2026-09-18T10:55:00+00:00;20260918105500-4df05c
ACCAGNATES;delete;2026-09-18T10:55:00+00:00;20260918105500-4df05c
ACCAGNERAI;delete;2026-09-18T10:55:00+00:00;20260918105500-4df05c
ACCAGNERAS;delete;2026-09-18T10:55:00+00:00;20260918105500-4df05c
ACCAGNEREZ;delete;2026-09-18T10:55:00+00:00;20260918105500-4df05c
ACCAGNIONS;delete;2026-09-18T10:55:00+00:00;20260918105500-4df05c
ACCAGNAIENT;delete;2026-09-18T10:55:00+00:00;20260918105500-4df05c
ACCAGNASSES;delete;2026-09-18T10:55:00+00:00;20260918105500-4df05c
ACCAGNERAIS;delete;2026-09-18T10:55:00+00:00;20260918105500-4df05c
ACCAGNERAIT;delete;2026-09-18T10:55:00+00:00;20260918105500-4df05c
ACCAGNERENT;delete;2026-09-18T10:55:00+00:00;20260918105500-4df05c
ACCAGNERIEZ;delete;2026-09-18T10:55:00+00:00;20260918105500-4df05c
ACCAGNERONS;delete;2026-09-18T10:55:00+00:00;20260918105500-4df05c
ACCAGNERONT;delete;2026-09-18T10:55:00+00:00;20260918105500-4df05c
ACCAGNASSENT;delete;2026-09-18T10:55:00+00:00;20260918105500-4df05c
ACCAGNASSIEZ;delete;2026-09-18T10:55:00+00:00;20260918105500-4df05c
ACCAGNERIONS;delete;2026-09-18T10:55:00+00:00;20260918105500-4df05c
ACCAGNASSIONS;delete;2026-09-18T10:55:00+00:00;20260918105500-4df05c
ACCAGNERAIENT;delete;2026-09-18T10:55:00+00:00;20260918105500-4df05c
ACCALMI;delete;2026-09-18T10:55:02+00:00;20260918105502-7efe99
ACCALMIS;delete;2026-09-18T10:55:02+00:00;20260918105502-7efe99
ACCALMIR;delete;2026-09-18T10:55:02+00:00;20260918105502-7efe99
ACCALMIT;delete;2026-09-18T10:55:02+00:00;20260918105502-7efe99
ACCALMIRA;delete;2026-09-18T10:55:02+00:00;20260918105502-7efe99
ACCALMIMES;delete;2026-09-18T10:55:02+00:00;20260918105502-7efe99
ACCALMIRAI;delete;2026-09-18T10:55:02+00:00;20260918105502-7efe99
ACCALMIRAS;delete;2026-09-18T10:55:02+00:00;20260918105502-7efe99
ACCALMIREZ;delete;2026-09-18T10:55:02+00:00;20260918105502-7efe99
ACCALMISSE;delete;2026-09-18T10:55:02+00:00;20260918105502-7efe99
ACCALMITES;delete;2026-09-18T10:55:02+00:00;20260918105502-7efe99
ACCALMIRAIS;delete;2026-09-18T10:55:02+00:00;20260918105502-7efe99
ACCALMIRAIT;delete;2026-09-18T10:55:02+00:00;20260918105502-7efe99
ACCALMIRENT;delete;2026-09-18T10:55:02+00:00;20260918105502-7efe99
ACCALMIRIEZ;delete;2026-09-18T10:55:02+00:00;20260918105502-7efe99
ACCALMIRONS;delete;2026-09-18T10:55:02+00:00;20260918105502-7efe99
ACCALMIRONT;delete;2026-09-18T10:55:02+00:00;20260918105502-7efe99
ACCALMISSES;delete;2026-09-18T10:55:02+00:00;20260918105502-7efe99
ACCALMISSEZ;delete;2026-09-18T10:55:02+00:00;20260918105502-7efe99
ACCALMIRIONS;delete;2026-09-18T10:55:02+00:00;20260918105502-7efe99
ACCALMISSAIS;delete;2026-09-18T10:55:02+00:00;20260918105502-7efe99
ACCALMISSAIT;delete;2026-09-18T10:55:02+00:00;20260918105502-7efe99
ACCALMISSANT;delete;2026-09-18T10:55:02+00:00;20260918105502-7efe99
ACCALMISSENT;delete;2026-09-18T10:55:02+00:00;20260918105502-7efe99
ACCALMISSIEZ;delete;2026-09-18T10:55:02+00:00;20260918105502-7efe99
ACCALMISSONS;delete;2026-09-18T10:55:02+00:00;20260918105502-7efe99
ACCALMIRAIENT;delete;2026-09-18T10:55:02+00:00;20260918105502-7efe99
ACCALMISSIONS;delete;2026-09-18T10:55:02+00:00;20260918105502-7efe99
ACCALMISSAIENT;delete;2026-09-18T10:55:02+00:00;20260918105502-7efe99
ACCAPARA;keep;2026-09-18T10:55:06+00:00;20260918105506-3134bd
ACCAPARE;keep;2026-09-18T10:55:06+00:00;20260918105506-3134bd
ACCAPARAI;keep;2026-09-18T10:55:06+00:00;20260918105506-3134bd
ACCAPARAS;keep;2026-09-18T10:55:06+00:00;20260918105506-3134bd
ACCAPARAT;keep;2026-09-18T10:55:06+00:00;20260918105506-3134bd
ACCAPAREZ;keep;2026-09-18T10:55:06+00:00;20260918105506-3134bd
ACCAPARES;keep;2026-09-18T10:55:06+00:00;20260918105506-3134bd
ACCAPAREE;keep;2026-09-18T10:55:06+00:00;20260918105506-3134bd
ACCAPARER;keep;2026-09-18T10:55:06+00:00;20260918105506-3134bd
ACCAPARAIS;keep;2026-09-18T10:55:06+00:00;20260918105506-3134bd
ACCAPARENT;keep;2026-09-18T10:55:06+00:00;20260918105506-3134bd
ACCAPARERA;keep;2026-09-18T10:55:06+00:00;20260918105506-3134bd
ACCAPARIEZ;keep;2026-09-18T10:55:06+00:00;20260918105506-3134bd
ACCAPARONS;keep;2026-09-18T10:55:06+00:00;20260918105506-3134bd
ACCAPAREES;keep;2026-09-18T10:55:06+00:00;20260918105506-3134bd
ACCAPARANT;keep;2026-09-18T10:55:06+00:00;20260918105506-3134bd
ACCAPARAIT;keep;2026-09-18T10:55:06+00:00;20260918105506-3134bd
ACCAPARAMES;keep;2026-09-18T10:55:06+00:00;20260918105506-3134bd
ACCAPARASSE;keep;2026-09-18T10:55:06+00:00;20260918105506-3134bd
ACCAPARATES;keep;2026-09-18T10:55:06+00:00;20260918105506-3134bd
ACCAPARERAI;keep;2026-09-18T10:55:06+00:00;20260918105506-3134bd
ACCAPARERAS;keep;2026-09-18T10:55:06+00:00;20260918105506-3134bd
ACCAPAREREZ;keep;2026-09-18T10:55:06+00:00;20260918105506-3134bd
ACCAPARIONS;keep;2026-09-18T10:55:06+00:00;20260918105506-3134bd
ACCAPARASSES;keep;2026-09-18T10:55:06+00:00;20260918105506-3134bd
ACCAPARERAIS;keep;2026-09-18T10:55:06+00:00;20260918105506-3134bd
ACCAPARERENT;keep;2026-09-18T10:55:06+00:00;20260918105506-3134bd
ACCAPARERIEZ;keep;2026-09-18T10:55:06+00:00;20260918105506-3134bd
ACCAPARERONS;keep;2026-09-18T10:55:06+00:00;20260918105506-3134bd
ACCAPARERONT;keep;2026-09-18T10:55:06+00:00;20260918105506-3134bd
ACCAPARERAIT;keep;2026-09-18T10:55:06+00:00;20260918105506-3134bd
ACCAPARAIENT;keep;2026-09-18T10:55:06+00:00;20260918105506-3134bd
ACCAPARASSENT;keep;2026-09-18T10:55:06+00:00;20260918105506-3134bd
ACCAPARASSIEZ;keep;2026-09-18T10:55:06+00:00;20260918105506-3134bd
ACCAPARERIONS;keep;2026-09-18T10:55:06+00:00;20260918105506-3134bd
ACCAPARASSIONS;keep;2026-09-18T10:55:06+00:00;20260918105506-3134bd
ACCAPARERAIENT;keep;2026-09-18T10:55:06+00:00;20260918105506-3134bd
ACCEDA;keep;2026-09-18T10:55:06+00:00;20260918105506-3e2686
ACCEDE;keep;2026-09-18T10:55:06+00:00;20260918105506-3e2686
ACCEDAS;keep;2026-09-18T10:55:06+00:00;20260918105506-3e2686
ACCEDAT;keep;2026-09-18T10:55:06+00:00;20260918105506-3e2686
ACCEDES;keep;2026-09-18T10:55:06+00:00;20260918105506-3e2686
ACCEDEZ;keep;2026-09-18T10:55:06+00:00;20260918105506-3e2686
ACCEDAI;keep;2026-09-18T10:55:06+00:00;20260918105506-3e2686
ACCEDIEZ;keep;2026-09-18T10:55:06+00:00;20260918105506-3e2686
ACCEDERA;keep;2026-09-18T10:55:06+00:00;20260918105506-3e2686
ACCEDONS;keep;2026-09-18T10:55:06+00:00;20260918105506-3e2686
ACCEDANT;keep;2026-09-18T10:55:06+00:00;20260918105506-3e2686
ACCEDAIS;keep;2026-09-18T10:55:06+00:00;20260918105506-3e2686
ACCEDENT;keep;2026-09-18T10:55:06+00:00;20260918105506-3e2686
ACCEDAIT;keep;2026-09-18T10:55:06+00:00;20260918105506-3e2686
ACCEDASSE;keep;2026-09-18T10:55:06+00:00;20260918105506-3e2686
ACCEDATES;keep;2026-09-18T10:55:06+00:00;20260918105506-3e2686
ACCEDEREZ;keep;2026-09-18T10:55:06+00:00;20260918105506-3e2686
ACCEDIONS;keep;2026-09-18T10:55:06+00:00;20260918105506-3e2686
ACCEDERAS;keep;2026-09-18T10:55:06+00:00;20260918105506-3e2686
ACCEDERAI;keep;2026-09-18T10:55:06+00:00;20260918105506-3e2686
ACCEDAMES;keep;2026-09-18T10:55:06+00:00;20260918105506-3e2686
ACCEDASSES;keep;2026-09-18T10:55:06+00:00;20260918105506-3e2686
ACCEDERENT;keep;2026-09-18T10:55:06+00:00;20260918105506-3e2686
ACCEDERIEZ;keep;2026-09-18T10:55:06+00:00;20260918105506-3e2686
ACCEDERONS;keep;2026-09-18T10:55:06+00:00;20260918105506-3e2686
ACCEDERONT;keep;2026-09-18T10:55:06+00:00;20260918105506-3e2686
ACCEDERAIT;keep;2026-09-18T10:55:06+00:00;20260918105506-3e2686
ACCEDERAIS;keep;2026-09-18T10:55:06+00:00;20260918105506-3e2686
ACCEDAIENT;keep;2026-09-18T10:55:06+00:00;20260918105506-3e2686
ACCEDASSENT;keep;2026-09-18T10:55:06+00:00;20260918105506-3e2686
ACCEDASSIEZ;keep;2026-09-18T10:55:06+00:00;20260918105506-3e2686
ACCEDERIONS;keep;2026-09-18T10:55:06+00:00;20260918105506-3e2686
ACCEDASSIONS;keep;2026-09-18T10:55:06+00:00;20260918105506-3e2686
ACCEDERAIENT;keep;2026-09-18T10:55:06+00:00;20260918105506-3e2686
ACCELERA;keep;2026-09-18T10:55:07+00:00;20260918105507-b790e8
ACCELERAS;keep;2026-09-18T10:55:07+00:00;20260918105507-b790e8
ACCELERAT;keep;2026-09-18T10:55:07+00:00;20260918105507-b790e8
ACCELERAI;keep;2026-09-18T10:55:07+00:00;20260918105507-b790e8
ACCELEREZ;keep;2026-09-18T10:55:07+00:00;20260918105507-b790e8
ACCELEREE;keep;2026-09-18T10:55:07+00:00;20260918105507-b790e8
ACCELERIEZ;keep;2026-09-18T10:55:07+00:00;20260918105507-b790e8
ACCELERERA;keep;2026-09-18T10:55:07+00:00;20260918105507-b790e8
ACCELERONS;keep;2026-09-18T10:55:07+00:00;20260918105507-b790e8
ACCELEREES;keep;2026-09-18T10:55:07+00:00;20260918105507-b790e8
ACCELERAIS;keep;2026-09-18T10:55:07+00:00;20260918105507-b790e8
ACCELERENT;keep;2026-09-18T10:55:07+00:00;20260918105507-b790e8
ACCELERANT;keep;2026-09-18T10:55:07+00:00;20260918105507-b790e8
ACCELERAIT;keep;2026-09-18T10:55:07+00:00;20260918105507-b790e8
ACCELERAMES;keep;2026-09-18T10:55:07+00:00;20260918105507-b790e8
ACCELERASSE;keep;2026-09-18T10:55:07+00:00;20260918105507-b790e8
ACCELERATES;keep;2026-09-18T10:55:07+00:00;20260918105507-b790e8
ACCELERERAI;keep;2026-09-18T10:55:07+00:00;20260918105507-b790e8
ACCELEREREZ;keep;2026-09-18T10:55:07+00:00;20260918105507-b790e8
ACCELERIONS;keep;2026-09-18T10:55:07+00:00;20260918105507-b790e8
ACCELERERAS;keep;2026-09-18T10:55:07+00:00;20260918105507-b790e8
ACCELERASSES;keep;2026-09-18T10:55:07+00:00;20260918105507-b790e8
ACCELERERAIS;keep;2026-09-18T10:55:07+00:00;20260918105507-b790e8
ACCELERERIEZ;keep;2026-09-18T10:55:07+00:00;20260918105507-b790e8
ACCELERERONS;keep;2026-09-18T10:55:07+00:00;20260918105507-b790e8
ACCELERERONT;keep;2026-09-18T10:55:07+00:00;20260918105507-b790e8
ACCELERERAIT;keep;2026-09-18T10:55:07+00:00;20260918105507-b790e8
ACCELERERENT;keep;2026-09-18T10:55:07+00:00;20260918105507-b790e8
ACCELERAIENT;keep;2026-09-18T10:55:07+00:00;20260918105507-b790e8
ACCELERASSENT;keep;2026-09-18T10:55:07+00:00;20260918105507-b790e8
ACCELERASSIEZ;keep;2026-09-18T10:55:07+00:00;20260918105507-b790e8
ACCELERERIONS;keep;2026-09-18T10:55:07+00:00;20260918105507-b790e8
ACCELERASSIONS;keep;2026-09-18T10:55:07+00:00;20260918105507-b790e8
ACCELERERAIENT;keep;2026-09-18T10:55:07+00:00;20260918105507-b790e8
ACCENSA;delete;2026-09-18T10:55:38+00:00;20260918105538-df8b2a
ACCENSE;delete;2026-09-18T10:55:38+00:00;20260918105538-df8b2a
ACCENSAI;delete;2026-09-18T10:55:38+00:00;20260918105538-df8b2a
ACCENSAS;delete;2026-09-18T10:55:38+00:00;20260918105538-df8b2a
ACCENSAT;delete;2026-09-18T10:55:38+00:00;20260918105538-df8b2a
ACCENSEE;delete;2026-09-18T10:55:38+00:00;20260918105538-df8b2a
ACCENSEZ;delete;2026-09-18T10:55:38+00:00;20260918105538-df8b2a
ACCENSER;delete;2026-09-18T10:55:38+00:00;20260918105538-df8b2a
ACCENSES;delete;2026-09-18T10:55:38+00:00;20260918105538-df8b2a
ACCENSAIS;delete;2026-09-18T10:55:38+00:00;20260918105538-df8b2a
ACCENSAIT;delete;2026-09-18T10:55:38+00:00;20260918105538-df8b2a
ACCENSANT;delete;2026-09-18T10:55:38+00:00;20260918105538-df8b2a
ACCENSEES;delete;2026-09-18T10:55:38+00:00;20260918105538-df8b2a
ACCENSENT;delete;2026-09-18T10:55:38+00:00;20260918105538-df8b2a
ACCENSERA;delete;2026-09-18T10:55:38+00:00;20260918105538-df8b2a
ACCENSIEZ;delete;2026-09-18T10:55:38+00:00;20260918105538-df8b2a
ACCENSONS;delete;2026-09-18T10:55:38+00:00;20260918105538-df8b2a
ACCENSAMES;delete;2026-09-18T10:55:38+00:00;20260918105538-df8b2a
ACCENSASSE;delete;2026-09-18T10:55:38+00:00;20260918105538-df8b2a
ACCENSATES;delete;2026-09-18T10:55:38+00:00;20260918105538-df8b2a
ACCENSERAI;delete;2026-09-18T10:55:38+00:00;20260918105538-df8b2a
ACCENSERAS;delete;2026-09-18T10:55:38+00:00;20260918105538-df8b2a
ACCENSEREZ;delete;2026-09-18T10:55:38+00:00;20260918105538-df8b2a
ACCENSIONS;delete;2026-09-18T10:55:38+00:00;20260918105538-df8b2a
ACCENSAIENT;delete;2026-09-18T10:55:38+00:00;20260918105538-df8b2a
ACCENSASSES;delete;2026-09-18T10:55:38+00:00;20260918105538-df8b2a
ACCENSERAIS;delete;2026-09-18T10:55:38+00:00;20260918105538-df8b2a
ACCENSERAIT;delete;2026-09-18T10:55:38+00:00;20260918105538-df8b2a
ACCENSERENT;delete;2026-09-18T10:55:38+00:00;20260918105538-df8b2a
ACCENSERIEZ;delete;2026-09-18T10:55:38+00:00;20260918105538-df8b2a
ACCENSERONS;delete;2026-09-18T10:55:38+00:00;20260918105538-df8b2a
ACCENSERONT;delete;2026-09-18T10:55:38+00:00;20260918105538-df8b2a
ACCENSASSENT;delete;2026-09-18T10:55:38+00:00;20260918105538-df8b2a
ACCENSASSIEZ;delete;2026-09-18T10:55:38+00:00;20260918105538-df8b2a
ACCENSERIONS;delete;2026-09-18T10:55:38+00:00;20260918105538-df8b2a
ACCENSASSIONS;delete;2026-09-18T10:55:38+00:00;20260918105538-df8b2a
ACCENSERAIENT;delete;2026-09-18T10:55:38+00:00;20260918105538-df8b2a
ACCENTUA;keep;2026-09-18T10:55:39+00:00;20260918105539-eb94e0
ACCENTUE;keep;2026-09-18T10:55:39+00:00;20260918105539-eb94e0
ACCENTUAS;keep;2026-09-18T10:55:39+00:00;20260918105539-eb94e0
ACCENTUAI;keep;2026-09-18T10:55:39+00:00;20260918105539-eb94e0
ACCENTUAT;keep;2026-09-18T10:55:39+00:00;20260918105539-eb94e0
ACCENTUEZ;keep;2026-09-18T10:55:39+00:00;20260918105539-eb94e0
ACCENTUES;keep;2026-09-18T10:55:39+00:00;20260918105539-eb94e0
ACCENTUEE;keep;2026-09-18T10:55:39+00:00;20260918105539-eb94e0
ACCENTUER;keep;2026-09-18T10:55:39+00:00;20260918105539-eb94e0
ACCENTUERA;keep;2026-09-18T10:55:39+00:00;20260918105539-eb94e0
ACCENTUIEZ;keep;2026-09-18T10:55:39+00:00;20260918105539-eb94e0
ACCENTUONS;keep;2026-09-18T10:55:39+00:00;20260918105539-eb94e0
ACCENTUAIS;keep;2026-09-18T10:55:39+00:00;20260918105539-eb94e0
ACCENTUEES;keep;2026-09-18T10:55:39+00:00;20260918105539-eb94e0
ACCENTUENT;keep;2026-09-18T10:55:39+00:00;20260918105539-eb94e0
ACCENTUANT;keep;2026-09-18T10:55:39+00:00;20260918105539-eb94e0
ACCENTUAIT;keep;2026-09-18T10:55:39+00:00;20260918105539-eb94e0
ACCENTUAMES;keep;2026-09-18T10:55:39+00:00;20260918105539-eb94e0
ACCENTUASSE;keep;2026-09-18T10:55:39+00:00;20260918105539-eb94e0
ACCENTUATES;keep;2026-09-18T10:55:39+00:00;20260918105539-eb94e0
ACCENTUERAI;keep;2026-09-18T10:55:39+00:00;20260918105539-eb94e0
ACCENTUERAS;keep;2026-09-18T10:55:39+00:00;20260918105539-eb94e0
ACCENTUEREZ;keep;2026-09-18T10:55:39+00:00;20260918105539-eb94e0
ACCENTUIONS;keep;2026-09-18T10:55:39+00:00;20260918105539-eb94e0
ACCENTUASSES;keep;2026-09-18T10:55:39+00:00;20260918105539-eb94e0
ACCENTUERAIS;keep;2026-09-18T10:55:39+00:00;20260918105539-eb94e0
ACCENTUERIEZ;keep;2026-09-18T10:55:39+00:00;20260918105539-eb94e0
ACCENTUERONS;keep;2026-09-18T10:55:39+00:00;20260918105539-eb94e0
ACCENTUERONT;keep;2026-09-18T10:55:39+00:00;20260918105539-eb94e0
ACCENTUERAIT;keep;2026-09-18T10:55:39+00:00;20260918105539-eb94e0
ACCENTUERENT;keep;2026-09-18T10:55:39+00:00;20260918105539-eb94e0
ACCENTUAIENT;keep;2026-09-18T10:55:39+00:00;20260918105539-eb94e0
ACCENTUASSENT;keep;2026-09-18T10:55:39+00:00;20260918105539-eb94e0
ACCENTUASSIEZ;keep;2026-09-18T10:55:39+00:00;20260918105539-eb94e0
ACCENTUERIONS;keep;2026-09-18T10:55:39+00:00;20260918105539-eb94e0
ACCENTUASSIONS;keep;2026-09-18T10:55:39+00:00;20260918105539-eb94e0
ACCENTUERAIENT;keep;2026-09-18T10:55:39+00:00;20260918105539-eb94e0
ACCIDENTA;keep;2026-09-18T10:55:40+00:00;20260918105540-878ca7
ACCIDENTAI;keep;2026-09-18T10:55:40+00:00;20260918105540-878ca7
ACCIDENTAS;keep;2026-09-18T10:55:40+00:00;20260918105540-878ca7
ACCIDENTAT;keep;2026-09-18T10:55:40+00:00;20260918105540-878ca7
ACCIDENTEZ;keep;2026-09-18T10:55:40+00:00;20260918105540-878ca7
ACCIDENTER;keep;2026-09-18T10:55:40+00:00;20260918105540-878ca7
ACCIDENTAIS;keep;2026-09-18T10:55:40+00:00;20260918105540-878ca7
ACCIDENTAIT;keep;2026-09-18T10:55:40+00:00;20260918105540-878ca7
ACCIDENTANT;keep;2026-09-18T10:55:40+00:00;20260918105540-878ca7
ACCIDENTENT;keep;2026-09-18T10:55:40+00:00;20260918105540-878ca7
ACCIDENTERA;keep;2026-09-18T10:55:40+00:00;20260918105540-878ca7
ACCIDENTIEZ;keep;2026-09-18T10:55:40+00:00;20260918105540-878ca7
ACCIDENTONS;keep;2026-09-18T10:55:40+00:00;20260918105540-878ca7
ACCIDENTAMES;keep;2026-09-18T10:55:40+00:00;20260918105540-878ca7
ACCIDENTASSE;keep;2026-09-18T10:55:40+00:00;20260918105540-878ca7
ACCIDENTATES;keep;2026-09-18T10:55:40+00:00;20260918105540-878ca7
ACCIDENTERAI;keep;2026-09-18T10:55:40+00:00;20260918105540-878ca7
ACCIDENTERAS;keep;2026-09-18T10:55:40+00:00;20260918105540-878ca7
ACCIDENTEREZ;keep;2026-09-18T10:55:40+00:00;20260918105540-878ca7
ACCIDENTIONS;keep;2026-09-18T10:55:40+00:00;20260918105540-878ca7
ACCIDENTAIENT;keep;2026-09-18T10:55:40+00:00;20260918105540-878ca7
ACCIDENTASSES;keep;2026-09-18T10:55:40+00:00;20260918105540-878ca7
ACCIDENTERAIS;keep;2026-09-18T10:55:40+00:00;20260918105540-878ca7
ACCIDENTERAIT;keep;2026-09-18T10:55:40+00:00;20260918105540-878ca7
ACCIDENTERENT;keep;2026-09-18T10:55:40+00:00;20260918105540-878ca7
ACCIDENTERIEZ;keep;2026-09-18T10:55:40+00:00;20260918105540-878ca7
ACCIDENTERONS;keep;2026-09-18T10:55:40+00:00;20260918105540-878ca7
ACCIDENTERONT;keep;2026-09-18T10:55:40+00:00;20260918105540-878ca7
ACCIDENTASSENT;keep;2026-09-18T10:55:40+00:00;20260918105540-878ca7
ACCIDENTASSIEZ;keep;2026-09-18T10:55:40+00:00;20260918105540-878ca7
ACCIDENTERIONS;keep;2026-09-18T10:55:40+00:00;20260918105540-878ca7
ACCIDENTASSIONS;keep;2026-09-18T10:55:40+00:00;20260918105540-878ca7
ACCIDENTERAIENT;keep;2026-09-18T10:55:40+00:00;20260918105540-878ca7
ACCLAMA;keep;2026-09-18T10:55:41+00:00;20260918105541-a28928
ACCLAME;keep;2026-09-18T10:55:41+00:00;20260918105541-a28928
ACCLAMAI;keep;2026-09-18T10:55:41+00:00;20260918105541-a28928
ACCLAMAS;keep;2026-09-18T10:55:41+00:00;20260918105541-a28928
ACCLAMAT;keep;2026-09-18T10:55:41+00:00;20260918105541-a28928
ACCLAMEE;keep;2026-09-18T10:55:41+00:00;20260918105541-a28928
ACCLAMEZ;keep;2026-09-18T10:55:41+00:00;20260918105541-a28928
ACCLAMES;keep;2026-09-18T10:55:41+00:00;20260918105541-a28928
ACCLAMER;keep;2026-09-18T10:55:41+00:00;20260918105541-a28928
ACCLAMAIS;keep;2026-09-18T10:55:41+00:00;20260918105541-a28928
ACCLAMIEZ;keep;2026-09-18T10:55:41+00:00;20260918105541-a28928
ACCLAMERA;keep;2026-09-18T10:55:41+00:00;20260918105541-a28928
ACCLAMEES;keep;2026-09-18T10:55:41+00:00;20260918105541-a28928
ACCLAMONS;keep;2026-09-18T10:55:41+00:00;20260918105541-a28928
ACCLAMANT;keep;2026-09-18T10:55:41+00:00;20260918105541-a28928
ACCLAMENT;keep;2026-09-18T10:55:41+00:00;20260918105541-a28928
ACCLAMAIT;keep;2026-09-18T10:55:41+00:00;20260918105541-a28928
ACCLAMAMES;keep;2026-09-18T10:55:41+00:00;20260918105541-a28928
ACCLAMASSE;keep;2026-09-18T10:55:41+00:00;20260918105541-a28928
ACCLAMATES;keep;2026-09-18T10:55:41+00:00;20260918105541-a28928
ACCLAMERAI;keep;2026-09-18T10:55:41+00:00;20260918105541-a28928
ACCLAMERAS;keep;2026-09-18T10:55:41+00:00;20260918105541-a28928
ACCLAMEREZ;keep;2026-09-18T10:55:41+00:00;20260918105541-a28928
ACCLAMIONS;keep;2026-09-18T10:55:41+00:00;20260918105541-a28928
ACCLAMASSES;keep;2026-09-18T10:55:41+00:00;20260918105541-a28928
ACCLAMERAIS;keep;2026-09-18T10:55:41+00:00;20260918105541-a28928
ACCLAMERENT;keep;2026-09-18T10:55:41+00:00;20260918105541-a28928
ACCLAMERIEZ;keep;2026-09-18T10:55:41+00:00;20260918105541-a28928
ACCLAMERONS;keep;2026-09-18T10:55:41+00:00;20260918105541-a28928
ACCLAMERONT;keep;2026-09-18T10:55:41+00:00;20260918105541-a28928
ACCLAMERAIT;keep;2026-09-18T10:55:41+00:00;20260918105541-a28928
ACCLAMAIENT;keep;2026-09-18T10:55:41+00:00;20260918105541-a28928
ACCLAMASSENT;keep;2026-09-18T10:55:41+00:00;20260918105541-a28928
ACCLAMASSIEZ;keep;2026-09-18T10:55:41+00:00;20260918105541-a28928
ACCLAMERIONS;keep;2026-09-18T10:55:41+00:00;20260918105541-a28928
ACCLAMASSIONS;keep;2026-09-18T10:55:41+00:00;20260918105541-a28928
ACCLAMERAIENT;keep;2026-09-18T10:55:41+00:00;20260918105541-a28928
ACCOINTA;delete;2026-09-18T10:55:42+00:00;20260918105542-ff51ac
ACCOINTE;delete;2026-09-18T10:55:42+00:00;20260918105542-ff51ac
ACCOINTAI;delete;2026-09-18T10:55:42+00:00;20260918105542-ff51ac
ACCOINTAS;delete;2026-09-18T10:55:42+00:00;20260918105542-ff51ac
ACCOINTAT;delete;2026-09-18T10:55:42+00:00;20260918105542-ff51ac
ACCOINTEZ;delete;2026-09-18T10:55:42+00:00;20260918105542-ff51ac
ACCOINTEE;delete;2026-09-18T10:55:42+00:00;20260918105542-ff51ac
ACCOINTER;delete;2026-09-18T10:55:42+00:00;20260918105542-ff51ac
ACCOINTES;delete;2026-09-18T10:55:42+00:00;20260918105542-ff51ac
ACCOINTAIS;delete;2026-09-18T10:55:42+00:00;20260918105542-ff51ac
ACCOINTAIT;delete;2026-09-18T10:55:42+00:00;20260918105542-ff51ac
ACCOINTANT;delete;2026-09-18T10:55:42+00:00;20260918105542-ff51ac
ACCOINTENT;delete;2026-09-18T10:55:42+00:00;20260918105542-ff51ac
ACCOINTERA;delete;2026-09-18T10:55:42+00:00;20260918105542-ff51ac
ACCOINTIEZ;delete;2026-09-18T10:55:42+00:00;20260918105542-ff51ac
ACCOINTONS;delete;2026-09-18T10:55:42+00:00;20260918105542-ff51ac
ACCOINTAMES;delete;2026-09-18T10:55:42+00:00;20260918105542-ff51ac
ACCOINTASSE;delete;2026-09-18T10:55:42+00:00;20260918105542-ff51ac
ACCOINTATES;delete;2026-09-18T10:55:42+00:00;20260918105542-ff51ac
ACCOINTERAI;delete;2026-09-18T10:55:42+00:00;20260918105542-ff51ac
ACCOINTERAS;delete;2026-09-18T10:55:42+00:00;20260918105542-ff51ac
ACCOINTEREZ;delete;2026-09-18T10:55:42+00:00;20260918105542-ff51ac
ACCOINTIONS;delete;2026-09-18T10:55:42+00:00;20260918105542-ff51ac
ACCOINTAIENT;delete;2026-09-18T10:55:42+00:00;20260918105542-ff51ac
ACCOINTASSES;delete;2026-09-18T10:55:42+00:00;20260918105542-ff51ac
ACCOINTERAIS;delete;2026-09-18T10:55:42+00:00;20260918105542-ff51ac
ACCOINTERAIT;delete;2026-09-18T10:55:42+00:00;20260918105542-ff51ac
ACCOINTERENT;delete;2026-09-18T10:55:42+00:00;20260918105542-ff51ac
ACCOINTERIEZ;delete;2026-09-18T10:55:42+00:00;20260918105542-ff51ac
ACCOINTERONS;delete;2026-09-18T10:55:42+00:00;20260918105542-ff51ac
ACCOINTERONT;delete;2026-09-18T10:55:42+00:00;20260918105542-ff51ac
ACCOINTASSENT;delete;2026-09-18T10:55:42+00:00;20260918105542-ff51ac
ACCOINTASSIEZ;delete;2026-09-18T10:55:42+00:00;20260918105542-ff51ac
ACCOINTERIONS;delete;2026-09-18T10:55:42+00:00;20260918105542-ff51ac
ACCOINTASSIONS;delete;2026-09-18T10:55:42+00:00;20260918105542-ff51ac
ACCOINTERAIENT;delete;2026-09-18T10:55:42+00:00;20260918105542-ff51ac
ACCOISA;delete;2026-09-18T10:55:44+00:00;20260918105544-c43ff0
ACCOISE;delete;2026-09-18T10:55:44+00:00;20260918105544-c43ff0
ACCOISAI;delete;2026-09-18T10:55:44+00:00;20260918105544-c43ff0
ACCOISAS;delete;2026-09-18T10:55:44+00:00;20260918105544-c43ff0
ACCOISAT;delete;2026-09-18T10:55:44+00:00;20260918105544-c43ff0
ACCOISEE;delete;2026-09-18T10:55:44+00:00;20260918105544-c43ff0
ACCOISES;delete;2026-09-18T10:55:44+00:00;20260918105544-c43ff0
ACCOISEZ;delete;2026-09-18T10:55:44+00:00;20260918105544-c43ff0
ACCOISER;delete;2026-09-18T10:55:44+00:00;20260918105544-c43ff0
ACCOISAIS;delete;2026-09-18T10:55:44+00:00;20260918105544-c43ff0
ACCOISAIT;delete;2026-09-18T10:55:44+00:00;20260918105544-c43ff0
ACCOISANT;delete;2026-09-18T10:55:44+00:00;20260918105544-c43ff0
ACCOISEES;delete;2026-09-18T10:55:44+00:00;20260918105544-c43ff0
ACCOISENT;delete;2026-09-18T10:55:44+00:00;20260918105544-c43ff0
ACCOISERA;delete;2026-09-18T10:55:44+00:00;20260918105544-c43ff0
ACCOISIEZ;delete;2026-09-18T10:55:44+00:00;20260918105544-c43ff0
ACCOISONS;delete;2026-09-18T10:55:44+00:00;20260918105544-c43ff0
ACCOISAMES;delete;2026-09-18T10:55:44+00:00;20260918105544-c43ff0
ACCOISASSE;delete;2026-09-18T10:55:44+00:00;20260918105544-c43ff0
ACCOISATES;delete;2026-09-18T10:55:44+00:00;20260918105544-c43ff0
ACCOISERAI;delete;2026-09-18T10:55:44+00:00;20260918105544-c43ff0
ACCOISERAS;delete;2026-09-18T10:55:44+00:00;20260918105544-c43ff0
ACCOISEREZ;delete;2026-09-18T10:55:44+00:00;20260918105544-c43ff0
ACCOISIONS;delete;2026-09-18T10:55:44+00:00;20260918105544-c43ff0
ACCOISAIENT;delete;2026-09-18T10:55:44+00:00;20260918105544-c43ff0
ACCOISASSES;delete;2026-09-18T10:55:44+00:00;20260918105544-c43ff0
ACCOISERAIS;delete;2026-09-18T10:55:44+00:00;20260918105544-c43ff0
ACCOISERAIT;delete;2026-09-18T10:55:44+00:00;20260918105544-c43ff0
ACCOISERENT;delete;2026-09-18T10:55:44+00:00;20260918105544-c43ff0
ACCOISERIEZ;delete;2026-09-18T10:55:44+00:00;20260918105544-c43ff0
ACCOISERONS;delete;2026-09-18T10:55:44+00:00;20260918105544-c43ff0
ACCOISERONT;delete;2026-09-18T10:55:44+00:00;20260918105544-c43ff0
ACCOISASSENT;delete;2026-09-18T10:55:44+00:00;20260918105544-c43ff0
ACCOISASSIEZ;delete;2026-09-18T10:55:44+00:00;20260918105544-c43ff0
ACCOISERIONS;delete;2026-09-18T10:55:44+00:00;20260918105544-c43ff0
ACCOISASSIONS;delete;2026-09-18T10:55:44+00:00;20260918105544-c43ff0
ACCOISERAIENT;delete;2026-09-18T10:55:44+00:00;20260918105544-c43ff0
ACCOLADA;keep;2026-09-18T10:55:48+00:00;20260918105548-d44b53
ACCOLADAI;keep;2026-09-18T10:55:48+00:00;20260918105548-d44b53
ACCOLADAS;keep;2026-09-18T10:55:48+00:00;20260918105548-d44b53
ACCOLADAT;keep;2026-09-18T10:55:48+00:00;20260918105548-d44b53
ACCOLADEE;keep;2026-09-18T10:55:48+00:00;20260918105548-d44b53
ACCOLADEZ;keep;2026-09-18T10:55:48+00:00;20260918105548-d44b53
ACCOLADER;keep;2026-09-18T10:55:48+00:00;20260918105548-d44b53
ACCOLADAIS;keep;2026-09-18T10:55:48+00:00;20260918105548-d44b53
ACCOLADAIT;keep;2026-09-18T10:55:48+00:00;20260918105548-d44b53
ACCOLADANT;keep;2026-09-18T10:55:48+00:00;20260918105548-d44b53
ACCOLADEES;keep;2026-09-18T10:55:48+00:00;20260918105548-d44b53
ACCOLADENT;keep;2026-09-18T10:55:48+00:00;20260918105548-d44b53
ACCOLADERA;keep;2026-09-18T10:55:48+00:00;20260918105548-d44b53
ACCOLADIEZ;keep;2026-09-18T10:55:48+00:00;20260918105548-d44b53
ACCOLADONS;keep;2026-09-18T10:55:48+00:00;20260918105548-d44b53
ACCOLADAMES;keep;2026-09-18T10:55:48+00:00;20260918105548-d44b53
ACCOLADASSE;keep;2026-09-18T10:55:48+00:00;20260918105548-d44b53
ACCOLADATES;keep;2026-09-18T10:55:48+00:00;20260918105548-d44b53
ACCOLADERAI;keep;2026-09-18T10:55:48+00:00;20260918105548-d44b53
ACCOLADERAS;keep;2026-09-18T10:55:48+00:00;20260918105548-d44b53
ACCOLADEREZ;keep;2026-09-18T10:55:48+00:00;20260918105548-d44b53
ACCOLADIONS;keep;2026-09-18T10:55:48+00:00;20260918105548-d44b53
ACCOLADAIENT;keep;2026-09-18T10:55:48+00:00;20260918105548-d44b53
ACCOLADASSES;keep;2026-09-18T10:55:48+00:00;20260918105548-d44b53
ACCOLADERAIS;keep;2026-09-18T10:55:48+00:00;20260918105548-d44b53
ACCOLADERAIT;keep;2026-09-18T10:55:48+00:00;20260918105548-d44b53
ACCOLADERENT;keep;2026-09-18T10:55:48+00:00;20260918105548-d44b53
ACCOLADERIEZ;keep;2026-09-18T10:55:48+00:00;20260918105548-d44b53
ACCOLADERONS;keep;2026-09-18T10:55:48+00:00;20260918105548-d44b53
ACCOLADERONT;keep;2026-09-18T10:55:48+00:00;20260918105548-d44b53
ACCOLADASSENT;keep;2026-09-18T10:55:48+00:00;20260918105548-d44b53
ACCOLADASSIEZ;keep;2026-09-18T10:55:48+00:00;20260918105548-d44b53
ACCOLADERIONS;keep;2026-09-18T10:55:48+00:00;20260918105548-d44b53
ACCOLADASSIONS;keep;2026-09-18T10:55:48+00:00;20260918105548-d44b53
ACCOLADERAIENT;keep;2026-09-18T10:55:48+00:00;20260918105548-d44b53
ACCOLA;delete;2026-09-18T10:55:49+00:00;20260918105549-3e3b09
ACCOLE;delete;2026-09-18T10:55:49+00:00;20260918105549-3e3b09
ACCOLAI;delete;2026-09-18T10:55:49+00:00;20260918105549-3e3b09
ACCOLAS;delete;2026-09-18T10:55:49+00:00;20260918105549-3e3b09
ACCOLAT;delete;2026-09-18T10:55:49+00:00;20260918105549-3e3b09
ACCOLEZ;delete;2026-09-18T10:55:49+00:00;20260918105549-3e3b09
ACCOLER;delete;2026-09-18T10:55:49+00:00;20260918105549-3e3b09
ACCOLEE;delete;2026-09-18T10:55:49+00:00;20260918105549-3e3b09
ACCOLES;delete;2026-09-18T10:55:49+00:00;20260918105549-3e3b09
ACCOLAIS;delete;2026-09-18T10:55:49+00:00;20260918105549-3e3b09
ACCOLERA;delete;2026-09-18T10:55:49+00:00;20260918105549-3e3b09
ACCOLIEZ;delete;2026-09-18T10:55:49+00:00;20260918105549-3e3b09
ACCOLONS;delete;2026-09-18T10:55:49+00:00;20260918105549-3e3b09
ACCOLENT;delete;2026-09-18T10:55:49+00:00;20260918105549-3e3b09
ACCOLAIT;delete;2026-09-18T10:55:49+00:00;20260918105549-3e3b09
ACCOLANT;delete;2026-09-18T10:55:49+00:00;20260918105549-3e3b09
ACCOLEES;delete;2026-09-18T10:55:49+00:00;20260918105549-3e3b09
ACCOLAMES;delete;2026-09-18T10:55:49+00:00;20260918105549-3e3b09
ACCOLASSE;delete;2026-09-18T10:55:49+00:00;20260918105549-3e3b09
ACCOLATES;delete;2026-09-18T10:55:49+00:00;20260918105549-3e3b09
ACCOLERAI;delete;2026-09-18T10:55:49+00:00;20260918105549-3e3b09
ACCOLERAS;delete;2026-09-18T10:55:49+00:00;20260918105549-3e3b09
ACCOLEREZ;delete;2026-09-18T10:55:49+00:00;20260918105549-3e3b09
ACCOLIONS;delete;2026-09-18T10:55:49+00:00;20260918105549-3e3b09
ACCOLAIENT;delete;2026-09-18T10:55:49+00:00;20260918105549-3e3b09
ACCOLASSES;delete;2026-09-18T10:55:49+00:00;20260918105549-3e3b09
ACCOLERAIT;delete;2026-09-18T10:55:49+00:00;20260918105549-3e3b09
ACCOLERENT;delete;2026-09-18T10:55:49+00:00;20260918105549-3e3b09
ACCOLERIEZ;delete;2026-09-18T10:55:49+00:00;20260918105549-3e3b09
ACCOLERONS;delete;2026-09-18T10:55:49+00:00;20260918105549-3e3b09
ACCOLERONT;delete;2026-09-18T10:55:49+00:00;20260918105549-3e3b09
ACCOLERAIS;delete;2026-09-18T10:55:49+00:00;20260918105549-3e3b09
ACCOLASSENT;delete;2026-09-18T10:55:49+00:00;20260918105549-3e3b09
ACCOLASSIEZ;delete;2026-09-18T10:55:49+00:00;20260918105549-3e3b09
ACCOLERIONS;delete;2026-09-18T10:55:49+00:00;20260918105549-3e3b09
ACCOLASSIONS;delete;2026-09-18T10:55:49+00:00;20260918105549-3e3b09
ACCOLERAIENT;delete;2026-09-18T10:55:49+00:00;20260918105549-3e3b09
ACCONIER;delete;2026-09-18T10:55:51+00:00;20260918105551-ba1050
ACCONIERS;delete;2026-09-18T10:55:51+00:00;20260918105551-ba1050
ACCONIERE;delete;2026-09-18T10:55:51+00:00;20260918105551-ba1050
ACCONIERES;delete;2026-09-18T10:55:51+00:00;20260918105551-ba1050
ACCORA;delete;2026-09-18T10:55:52+00:00;20260918105552-196231
ACCORAI;delete;2026-09-18T10:55:52+00:00;20260918105552-196231
ACCORAS;delete;2026-09-18T10:55:52+00:00;20260918105552-196231
ACCORAT;delete;2026-09-18T10:55:52+00:00;20260918105552-196231
ACCOREE;delete;2026-09-18T10:55:52+00:00;20260918105552-196231
ACCOREZ;delete;2026-09-18T10:55:52+00:00;20260918105552-196231
ACCORER;delete;2026-09-18T10:55:52+00:00;20260918105552-196231
ACCORAIS;delete;2026-09-18T10:55:52+00:00;20260918105552-196231
ACCORAIT;delete;2026-09-18T10:55:52+00:00;20260918105552-196231
ACCORANT;delete;2026-09-18T10:55:52+00:00;20260918105552-196231
ACCOREES;delete;2026-09-18T10:55:52+00:00;20260918105552-196231
ACCORENT;delete;2026-09-18T10:55:52+00:00;20260918105552-196231
ACCORERA;delete;2026-09-18T10:55:52+00:00;20260918105552-196231
ACCORIEZ;delete;2026-09-18T10:55:52+00:00;20260918105552-196231
ACCORONS;delete;2026-09-18T10:55:52+00:00;20260918105552-196231
ACCORAMES;delete;2026-09-18T10:55:52+00:00;20260918105552-196231
ACCORASSE;delete;2026-09-18T10:55:52+00:00;20260918105552-196231
ACCORATES;delete;2026-09-18T10:55:52+00:00;20260918105552-196231
ACCORERAI;delete;2026-09-18T10:55:52+00:00;20260918105552-196231
ACCORERAS;delete;2026-09-18T10:55:52+00:00;20260918105552-196231
ACCOREREZ;delete;2026-09-18T10:55:52+00:00;20260918105552-196231
ACCORIONS;delete;2026-09-18T10:55:52+00:00;20260918105552-196231
ACCORAIENT;delete;2026-09-18T10:55:52+00:00;20260918105552-196231
ACCORASSES;delete;2026-09-18T10:55:52+00:00;20260918105552-196231
ACCORERAIS;delete;2026-09-18T10:55:52+00:00;20260918105552-196231
ACCORERAIT;delete;2026-09-18T10:55:52+00:00;20260918105552-196231
ACCORERENT;delete;2026-09-18T10:55:52+00:00;20260918105552-196231
ACCORERIEZ;delete;2026-09-18T10:55:52+00:00;20260918105552-196231
ACCORERONS;delete;2026-09-18T10:55:52+00:00;20260918105552-196231
ACCORERONT;delete;2026-09-18T10:55:52+00:00;20260918105552-196231
ACCORASSENT;delete;2026-09-18T10:55:52+00:00;20260918105552-196231
ACCORASSIEZ;delete;2026-09-18T10:55:52+00:00;20260918105552-196231
ACCORERIONS;delete;2026-09-18T10:55:52+00:00;20260918105552-196231
ACCORASSIONS;delete;2026-09-18T10:55:52+00:00;20260918105552-196231
ACCORERAIENT;delete;2026-09-18T10:55:52+00:00;20260918105552-196231
ACCORNE;delete;2026-09-18T10:55:54+00:00;20260918105554-770d6b
ACCORNEE;delete;2026-09-18T10:55:54+00:00;20260918105554-770d6b
ACCORNES;delete;2026-09-18T10:55:54+00:00;20260918105554-770d6b
ACCORNEES;delete;2026-09-18T10:55:54+00:00;20260918105554-770d6b
ACCOSTA;keep;2026-09-18T10:55:55+00:00;20260918105555-ba8765
ACCOSTE;keep;2026-09-18T10:55:55+00:00;20260918105555-ba8765
ACCOSTAI;keep;2026-09-18T10:55:55+00:00;20260918105555-ba8765
ACCOSTAS;keep;2026-09-18T10:55:55+00:00;20260918105555-ba8765
ACCOSTAT;keep;2026-09-18T10:55:55+00:00;20260918105555-ba8765
ACCOSTES;keep;2026-09-18T10:55:55+00:00;20260918105555-ba8765
ACCOSTEZ;keep;2026-09-18T10:55:55+00:00;20260918105555-ba8765
ACCOSTEE;keep;2026-09-18T10:55:55+00:00;20260918105555-ba8765
ACCOSTER;keep;2026-09-18T10:55:55+00:00;20260918105555-ba8765
ACCOSTERA;keep;2026-09-18T10:55:55+00:00;20260918105555-ba8765
ACCOSTONS;keep;2026-09-18T10:55:55+00:00;20260918105555-ba8765
ACCOSTAIS;keep;2026-09-18T10:55:55+00:00;20260918105555-ba8765
ACCOSTEES;keep;2026-09-18T10:55:55+00:00;20260918105555-ba8765
ACCOSTIEZ;keep;2026-09-18T10:55:55+00:00;20260918105555-ba8765
ACCOSTANT;keep;2026-09-18T10:55:55+00:00;20260918105555-ba8765
ACCOSTENT;keep;2026-09-18T10:55:55+00:00;20260918105555-ba8765
ACCOSTAIT;keep;2026-09-18T10:55:55+00:00;20260918105555-ba8765
ACCOSTAMES;keep;2026-09-18T10:55:55+00:00;20260918105555-ba8765
ACCOSTASSE;keep;2026-09-18T10:55:55+00:00;20260918105555-ba8765
ACCOSTATES;keep;2026-09-18T10:55:55+00:00;20260918105555-ba8765
ACCOSTERAI;keep;2026-09-18T10:55:55+00:00;20260918105555-ba8765
ACCOSTERAS;keep;2026-09-18T10:55:55+00:00;20260918105555-ba8765
ACCOSTIONS;keep;2026-09-18T10:55:55+00:00;20260918105555-ba8765
ACCOSTEREZ;keep;2026-09-18T10:55:55+00:00;20260918105555-ba8765
ACCOSTASSES;keep;2026-09-18T10:55:55+00:00;20260918105555-ba8765
ACCOSTERAIS;keep;2026-09-18T10:55:55+00:00;20260918105555-ba8765
ACCOSTERAIT;keep;2026-09-18T10:55:55+00:00;20260918105555-ba8765
ACCOSTERENT;keep;2026-09-18T10:55:55+00:00;20260918105555-ba8765
ACCOSTERIEZ;keep;2026-09-18T10:55:55+00:00;20260918105555-ba8765
ACCOSTERONT;keep;2026-09-18T10:55:55+00:00;20260918105555-ba8765
ACCOSTERONS;keep;2026-09-18T10:55:55+00:00;20260918105555-ba8765
ACCOSTAIENT;keep;2026-09-18T10:55:55+00:00;20260918105555-ba8765
ACCOSTASSENT;keep;2026-09-18T10:55:55+00:00;20260918105555-ba8765
ACCOSTASSIEZ;keep;2026-09-18T10:55:55+00:00;20260918105555-ba8765
ACCOSTERIONS;keep;2026-09-18T10:55:55+00:00;20260918105555-ba8765
ACCOSTASSIONS;keep;2026-09-18T10:55:55+00:00;20260918105555-ba8765
ACCOSTERAIENT;keep;2026-09-18T10:55:55+00:00;20260918105555-ba8765
ACCOTA;delete;2026-09-18T10:56:58+00:00;20260918105658-e1e598
ACCOTE;delete;2026-09-18T10:56:58+00:00;20260918105658-e1e598
ACCOTAI;delete;2026-09-18T10:56:58+00:00;20260918105658-e1e598
ACCOTAS;delete;2026-09-18T10:56:58+00:00;20260918105658-e1e598
ACCOTAT;delete;2026-09-18T10:56:58+00:00;20260918105658-e1e598
ACCOTEZ;delete;2026-09-18T10:56:58+00:00;20260918105658-e1e598
ACCOTER;delete;2026-09-18T10:56:58+00:00;20260918105658-e1e598
ACCOTEE;delete;2026-09-18T10:56:58+00:00;20260918105658-e1e598
ACCOTES;delete;2026-09-18T10:56:58+00:00;20260918105658-e1e598
ACCOTAIS;delete;2026-09-18T10:56:58+00:00;20260918105658-e1e598
ACCOTERA;delete;2026-09-18T10:56:58+00:00;20260918105658-e1e598
ACCOTIEZ;delete;2026-09-18T10:56:58+00:00;20260918105658-e1e598
ACCOTENT;delete;2026-09-18T10:56:58+00:00;20260918105658-e1e598
ACCOTONS;delete;2026-09-18T10:56:58+00:00;20260918105658-e1e598
ACCOTAIT;delete;2026-09-18T10:56:58+00:00;20260918105658-e1e598
ACCOTEES;delete;2026-09-18T10:56:58+00:00;20260918105658-e1e598
ACCOTANT;delete;2026-09-18T10:56:58+00:00;20260918105658-e1e598
ACCOTAMES;delete;2026-09-18T10:56:58+00:00;20260918105658-e1e598
ACCOTASSE;delete;2026-09-18T10:56:58+00:00;20260918105658-e1e598
ACCOTATES;delete;2026-09-18T10:56:58+00:00;20260918105658-e1e598
ACCOTERAI;delete;2026-09-18T10:56:58+00:00;20260918105658-e1e598
ACCOTERAS;delete;2026-09-18T10:56:58+00:00;20260918105658-e1e598
ACCOTEREZ;delete;2026-09-18T10:56:58+00:00;20260918105658-e1e598
ACCOTIONS;delete;2026-09-18T10:56:58+00:00;20260918105658-e1e598
ACCOTASSES;delete;2026-09-18T10:56:58+00:00;20260918105658-e1e598
ACCOTERAIS;delete;2026-09-18T10:56:58+00:00;20260918105658-e1e598
ACCOTERAIT;delete;2026-09-18T10:56:58+00:00;20260918105658-e1e598
ACCOTERIEZ;delete;2026-09-18T10:56:58+00:00;20260918105658-e1e598
ACCOTERONS;delete;2026-09-18T10:56:58+00:00;20260918105658-e1e598
ACCOTERONT;delete;2026-09-18T10:56:58+00:00;20260918105658-e1e598
ACCOTERENT;delete;2026-09-18T10:56:58+00:00;20260918105658-e1e598
ACCOTAIENT;delete;2026-09-18T10:56:58+00:00;20260918105658-e1e598
ACCOTASSENT;delete;2026-09-18T10:56:58+00:00;20260918105658-e1e598
ACCOTASSIEZ;delete;2026-09-18T10:56:58+00:00;20260918105658-e1e598
ACCOTERIONS;delete;2026-09-18T10:56:58+00:00;20260918105658-e1e598
ACCOTASSIONS;delete;2026-09-18T10:56:58+00:00;20260918105658-e1e598
ACCOTERAIENT;delete;2026-09-18T10:56:58+00:00;20260918105658-e1e598
ACCOUA;delete;2026-09-18T10:57:00+00:00;20260918105700-6745a8
ACCOUAI;delete;2026-09-18T10:57:00+00:00;20260918105700-6745a8
ACCOUAS;delete;2026-09-18T10:57:00+00:00;20260918105700-6745a8
ACCOUAT;delete;2026-09-18T10:57:00+00:00;20260918105700-6745a8
ACCOUEE;delete;2026-09-18T10:57:00+00:00;20260918105700-6745a8
ACCOUES;delete;2026-09-18T10:57:00+00:00;20260918105700-6745a8
ACCOUEZ;delete;2026-09-18T10:57:00+00:00;20260918105700-6745a8
ACCOUER;delete;2026-09-18T10:57:00+00:00;20260918105700-6745a8
ACCOUAIS;delete;2026-09-18T10:57:00+00:00;20260918105700-6745a8
ACCOUAIT;delete;2026-09-18T10:57:00+00:00;20260918105700-6745a8
ACCOUANT;delete;2026-09-18T10:57:00+00:00;20260918105700-6745a8
ACCOUEES;delete;2026-09-18T10:57:00+00:00;20260918105700-6745a8
ACCOUENT;delete;2026-09-18T10:57:00+00:00;20260918105700-6745a8
ACCOUERA;delete;2026-09-18T10:57:00+00:00;20260918105700-6745a8
ACCOUIEZ;delete;2026-09-18T10:57:00+00:00;20260918105700-6745a8
ACCOUONS;delete;2026-09-18T10:57:00+00:00;20260918105700-6745a8
ACCOUAMES;delete;2026-09-18T10:57:00+00:00;20260918105700-6745a8
ACCOUASSE;delete;2026-09-18T10:57:00+00:00;20260918105700-6745a8
ACCOUATES;delete;2026-09-18T10:57:00+00:00;20260918105700-6745a8
ACCOUERAI;delete;2026-09-18T10:57:00+00:00;20260918105700-6745a8
ACCOUERAS;delete;2026-09-18T10:57:00+00:00;20260918105700-6745a8
ACCOUEREZ;delete;2026-09-18T10:57:00+00:00;20260918105700-6745a8
ACCOUIONS;delete;2026-09-18T10:57:00+00:00;20260918105700-6745a8
ACCOUAIENT;delete;2026-09-18T10:57:00+00:00;20260918105700-6745a8
ACCOUASSES;delete;2026-09-18T10:57:00+00:00;20260918105700-6745a8
ACCOUERAIS;delete;2026-09-18T10:57:00+00:00;20260918105700-6745a8
ACCOUERAIT;delete;2026-09-18T10:57:00+00:00;20260918105700-6745a8
ACCOUERENT;delete;2026-09-18T10:57:00+00:00;20260918105700-6745a8
ACCOUERIEZ;delete;2026-09-18T10:57:00+00:00;20260918105700-6745a8
ACCOUERONS;delete;2026-09-18T10:57:00+00:00;20260918105700-6745a8
ACCOUERONT;delete;2026-09-18T10:57:00+00:00;20260918105700-6745a8
ACCOUASSENT;delete;2026-09-18T10:57:00+00:00;20260918105700-6745a8
ACCOUASSIEZ;delete;2026-09-18T10:57:00+00:00;20260918105700-6745a8
ACCOUERIONS;delete;2026-09-18T10:57:00+00:00;20260918105700-6745a8
ACCOUASSIONS;delete;2026-09-18T10:57:00+00:00;20260918105700-6745a8
ACCOUERAIENT;delete;2026-09-18T10:57:00+00:00;20260918105700-6745a8
ACCOUARDI;delete;2026-09-18T10:57:01+00:00;20260918105701-57665c
ACCOUARDIE;delete;2026-09-18T10:57:01+00:00;20260918105701-57665c
ACCOUARDIS;delete;2026-09-18T10:57:01+00:00;20260918105701-57665c
ACCOUARDIT;delete;2026-09-18T10:57:01+00:00;20260918105701-57665c
ACCOUARDIR;delete;2026-09-18T10:57:01+00:00;20260918105701-57665c
ACCOUARDIES;delete;2026-09-18T10:57:01+00:00;20260918105701-57665c
ACCOUARDIRA;delete;2026-09-18T10:57:01+00:00;20260918105701-57665c
ACCOUARDIMES;delete;2026-09-18T10:57:01+00:00;20260918105701-57665c
ACCOUARDIRAI;delete;2026-09-18T10:57:01+00:00;20260918105701-57665c
ACCOUARDIRAS;delete;2026-09-18T10:57:01+00:00;20260918105701-57665c
ACCOUARDIREZ;delete;2026-09-18T10:57:01+00:00;20260918105701-57665c
ACCOUARDISSE;delete;2026-09-18T10:57:01+00:00;20260918105701-57665c
ACCOUARDITES;delete;2026-09-18T10:57:01+00:00;20260918105701-57665c
ACCOUARDIRAIS;delete;2026-09-18T10:57:01+00:00;20260918105701-57665c
ACCOUARDIRAIT;delete;2026-09-18T10:57:01+00:00;20260918105701-57665c
ACCOUARDIRENT;delete;2026-09-18T10:57:01+00:00;20260918105701-57665c
ACCOUARDIRIEZ;delete;2026-09-18T10:57:01+00:00;20260918105701-57665c
ACCOUARDIRONS;delete;2026-09-18T10:57:01+00:00;20260918105701-57665c
ACCOUARDIRONT;delete;2026-09-18T10:57:01+00:00;20260918105701-57665c
ACCOUARDISSES;delete;2026-09-18T10:57:01+00:00;20260918105701-57665c
ACCOUARDISSEZ;delete;2026-09-18T10:57:01+00:00;20260918105701-57665c
ACCOUARDIRIONS;delete;2026-09-18T10:57:01+00:00;20260918105701-57665c
ACCOUARDISSAIS;delete;2026-09-18T10:57:01+00:00;20260918105701-57665c
ACCOUARDISSAIT;delete;2026-09-18T10:57:01+00:00;20260918105701-57665c
ACCOUARDISSANT;delete;2026-09-18T10:57:01+00:00;20260918105701-57665c
ACCOUARDISSENT;delete;2026-09-18T10:57:01+00:00;20260918105701-57665c
ACCOUARDISSIEZ;delete;2026-09-18T10:57:01+00:00;20260918105701-57665c
ACCOUARDISSONS;delete;2026-09-18T10:57:01+00:00;20260918105701-57665c
ACCOUARDIRAIENT;delete;2026-09-18T10:57:01+00:00;20260918105701-57665c
ACCOUARDISSIONS;delete;2026-09-18T10:57:01+00:00;20260918105701-57665c
ACCOUARDISSAIENT;delete;2026-09-18T10:57:01+00:00;20260918105701-57665c
ACCOUCHA;keep;2026-09-18T10:57:03+00:00;20260918105703-9a0909
ACCOUCHAI;keep;2026-09-18T10:57:03+00:00;20260918105703-9a0909
ACCOUCHAS;keep;2026-09-18T10:57:03+00:00;20260918105703-9a0909
ACCOUCHAT;keep;2026-09-18T10:57:03+00:00;20260918105703-9a0909
ACCOUCHEZ;keep;2026-09-18T10:57:03+00:00;20260918105703-9a0909
ACCOUCHES;keep;2026-09-18T10:57:03+00:00;20260918105703-9a0909
ACCOUCHIEZ;keep;2026-09-18T10:57:03+00:00;20260918105703-9a0909
ACCOUCHONS;keep;2026-09-18T10:57:03+00:00;20260918105703-9a0909
ACCOUCHERA;keep;2026-09-18T10:57:03+00:00;20260918105703-9a0909
ACCOUCHAIS;keep;2026-09-18T10:57:03+00:00;20260918105703-9a0909
ACCOUCHENT;keep;2026-09-18T10:57:03+00:00;20260918105703-9a0909
ACCOUCHAIT;keep;2026-09-18T10:57:03+00:00;20260918105703-9a0909
ACCOUCHANT;keep;2026-09-18T10:57:03+00:00;20260918105703-9a0909
ACCOUCHAMES;keep;2026-09-18T10:57:03+00:00;20260918105703-9a0909
ACCOUCHASSE;keep;2026-09-18T10:57:03+00:00;20260918105703-9a0909
ACCOUCHATES;keep;2026-09-18T10:57:03+00:00;20260918105703-9a0909
ACCOUCHERAI;keep;2026-09-18T10:57:03+00:00;20260918105703-9a0909
ACCOUCHEREZ;keep;2026-09-18T10:57:03+00:00;20260918105703-9a0909
ACCOUCHIONS;keep;2026-09-18T10:57:03+00:00;20260918105703-9a0909
ACCOUCHERAS;keep;2026-09-18T10:57:03+00:00;20260918105703-9a0909
ACCOUCHASSES;keep;2026-09-18T10:57:03+00:00;20260918105703-9a0909
ACCOUCHERAIS;keep;2026-09-18T10:57:03+00:00;20260918105703-9a0909
ACCOUCHERENT;keep;2026-09-18T10:57:03+00:00;20260918105703-9a0909
ACCOUCHERIEZ;keep;2026-09-18T10:57:03+00:00;20260918105703-9a0909
ACCOUCHERONS;keep;2026-09-18T10:57:03+00:00;20260918105703-9a0909
ACCOUCHERONT;keep;2026-09-18T10:57:03+00:00;20260918105703-9a0909
ACCOUCHAIENT;keep;2026-09-18T10:57:03+00:00;20260918105703-9a0909
ACCOUCHERAIT;keep;2026-09-18T10:57:03+00:00;20260918105703-9a0909
ACCOUCHASSENT;keep;2026-09-18T10:57:03+00:00;20260918105703-9a0909
ACCOUCHASSIEZ;keep;2026-09-18T10:57:03+00:00;20260918105703-9a0909
ACCOUCHERIONS;keep;2026-09-18T10:57:03+00:00;20260918105703-9a0909
ACCOUCHASSIONS;keep;2026-09-18T10:57:03+00:00;20260918105703-9a0909
ACCOUCHERAIENT;keep;2026-09-18T10:57:03+00:00;20260918105703-9a0909
ACCOUDA;keep;2026-09-18T10:57:08+00:00;20260918105708-4780ac
ACCOUDAS;keep;2026-09-18T10:57:08+00:00;20260918105708-4780ac
ACCOUDAT;keep;2026-09-18T10:57:08+00:00;20260918105708-4780ac
ACCOUDEZ;keep;2026-09-18T10:57:08+00:00;20260918105708-4780ac
ACCOUDAI;keep;2026-09-18T10:57:08+00:00;20260918105708-4780ac
ACCOUDER;keep;2026-09-18T10:57:08+00:00;20260918105708-4780ac
ACCOUDES;keep;2026-09-18T10:57:08+00:00;20260918105708-4780ac
ACCOUDEE;keep;2026-09-18T10:57:08+00:00;20260918105708-4780ac
ACCOUDENT;keep;2026-09-18T10:57:08+00:00;20260918105708-4780ac
ACCOUDERA;keep;2026-09-18T10:57:08+00:00;20260918105708-4780ac
ACCOUDIEZ;keep;2026-09-18T10:57:08+00:00;20260918105708-4780ac
ACCOUDONS;keep;2026-09-18T10:57:08+00:00;20260918105708-4780ac
ACCOUDEES;keep;2026-09-18T10:57:08+00:00;20260918105708-4780ac
ACCOUDAIS;keep;2026-09-18T10:57:08+00:00;20260918105708-4780ac
ACCOUDAIT;keep;2026-09-18T10:57:08+00:00;20260918105708-4780ac
ACCOUDANT;keep;2026-09-18T10:57:08+00:00;20260918105708-4780ac
ACCOUDAMES;keep;2026-09-18T10:57:08+00:00;20260918105708-4780ac
ACCOUDASSE;keep;2026-09-18T10:57:08+00:00;20260918105708-4780ac
ACCOUDATES;keep;2026-09-18T10:57:08+00:00;20260918105708-4780ac
ACCOUDERAI;keep;2026-09-18T10:57:08+00:00;20260918105708-4780ac
ACCOUDERAS;keep;2026-09-18T10:57:08+00:00;20260918105708-4780ac
ACCOUDEREZ;keep;2026-09-18T10:57:08+00:00;20260918105708-4780ac
ACCOUDIONS;keep;2026-09-18T10:57:08+00:00;20260918105708-4780ac
ACCOUDASSES;keep;2026-09-18T10:57:08+00:00;20260918105708-4780ac
ACCOUDERAIS;keep;2026-09-18T10:57:08+00:00;20260918105708-4780ac
ACCOUDERAIT;keep;2026-09-18T10:57:08+00:00;20260918105708-4780ac
ACCOUDERIEZ;keep;2026-09-18T10:57:08+00:00;20260918105708-4780ac
ACCOUDERONS;keep;2026-09-18T10:57:08+00:00;20260918105708-4780ac
ACCOUDERONT;keep;2026-09-18T10:57:08+00:00;20260918105708-4780ac
ACCOUDAIENT;keep;2026-09-18T10:57:08+00:00;20260918105708-4780ac
ACCOUDERENT;keep;2026-09-18T10:57:08+00:00;20260918105708-4780ac
ACCOUDASSENT;keep;2026-09-18T10:57:08+00:00;20260918105708-4780ac
ACCOUDASSIEZ;keep;2026-09-18T10:57:08+00:00;20260918105708-4780ac
ACCOUDERIONS;keep;2026-09-18T10:57:08+00:00;20260918105708-4780ac
ACCOUDASSIONS;keep;2026-09-18T10:57:08+00:00;20260918105708-4780ac
ACCOUDERAIENT;keep;2026-09-18T10:57:08+00:00;20260918105708-4780ac
ACCOUPLA;keep;2026-09-18T10:57:10+00:00;20260918105710-d07609
ACCOUPLE;keep;2026-09-18T10:57:10+00:00;20260918105710-d07609
ACCOUPLAI;keep;2026-09-18T10:57:10+00:00;20260918105710-d07609
ACCOUPLAS;keep;2026-09-18T10:57:10+00:00;20260918105710-d07609
ACCOUPLAT;keep;2026-09-18T10:57:10+00:00;20260918105710-d07609
ACCOUPLEZ;keep;2026-09-18T10:57:10+00:00;20260918105710-d07609
ACCOUPLEE;keep;2026-09-18T10:57:10+00:00;20260918105710-d07609
ACCOUPLES;keep;2026-09-18T10:57:10+00:00;20260918105710-d07609
ACCOUPLER;keep;2026-09-18T10:57:10+00:00;20260918105710-d07609
ACCOUPLIEZ;keep;2026-09-18T10:57:10+00:00;20260918105710-d07609
ACCOUPLONS;keep;2026-09-18T10:57:10+00:00;20260918105710-d07609
ACCOUPLERA;keep;2026-09-18T10:57:10+00:00;20260918105710-d07609
ACCOUPLAIS;keep;2026-09-18T10:57:10+00:00;20260918105710-d07609
ACCOUPLANT;keep;2026-09-18T10:57:10+00:00;20260918105710-d07609
ACCOUPLAIT;keep;2026-09-18T10:57:10+00:00;20260918105710-d07609
ACCOUPLEES;keep;2026-09-18T10:57:10+00:00;20260918105710-d07609
ACCOUPLENT;keep;2026-09-18T10:57:10+00:00;20260918105710-d07609
ACCOUPLAMES;keep;2026-09-18T10:57:10+00:00;20260918105710-d07609
ACCOUPLASSE;keep;2026-09-18T10:57:10+00:00;20260918105710-d07609
ACCOUPLATES;keep;2026-09-18T10:57:10+00:00;20260918105710-d07609
ACCOUPLERAI;keep;2026-09-18T10:57:10+00:00;20260918105710-d07609
ACCOUPLERAS;keep;2026-09-18T10:57:10+00:00;20260918105710-d07609
ACCOUPLEREZ;keep;2026-09-18T10:57:10+00:00;20260918105710-d07609
ACCOUPLIONS;keep;2026-09-18T10:57:10+00:00;20260918105710-d07609
ACCOUPLASSES;keep;2026-09-18T10:57:10+00:00;20260918105710-d07609
ACCOUPLERAIS;keep;2026-09-18T10:57:10+00:00;20260918105710-d07609
ACCOUPLERIEZ;keep;2026-09-18T10:57:10+00:00;20260918105710-d07609
ACCOUPLERONS;keep;2026-09-18T10:57:10+00:00;20260918105710-d07609
ACCOUPLERONT;keep;2026-09-18T10:57:10+00:00;20260918105710-d07609
ACCOUPLERAIT;keep;2026-09-18T10:57:10+00:00;20260918105710-d07609
ACCOUPLERENT;keep;2026-09-18T10:57:10+00:00;20260918105710-d07609
ACCOUPLAIENT;keep;2026-09-18T10:57:10+00:00;20260918105710-d07609
ACCOUPLASSENT;keep;2026-09-18T10:57:10+00:00;20260918105710-d07609
ACCOUPLASSIEZ;keep;2026-09-18T10:57:10+00:00;20260918105710-d07609
ACCOUPLERIONS;keep;2026-09-18T10:57:10+00:00;20260918105710-d07609
ACCOUPLASSIONS;keep;2026-09-18T10:57:10+00:00;20260918105710-d07609
ACCOUPLERAIENT;keep;2026-09-18T10:57:10+00:00;20260918105710-d07609
ACCOURCI;delete;2026-09-18T10:57:13+00:00;20260918105713-a53295
ACCOURCIS;delete;2026-09-18T10:57:13+00:00;20260918105713-a53295
ACCOURCIT;delete;2026-09-18T10:57:13+00:00;20260918105713-a53295
ACCOURCIE;delete;2026-09-18T10:57:13+00:00;20260918105713-a53295
ACCOURCIR;delete;2026-09-18T10:57:13+00:00;20260918105713-a53295
ACCOURCIRA;delete;2026-09-18T10:57:13+00:00;20260918105713-a53295
ACCOURCIMES;delete;2026-09-18T10:57:13+00:00;20260918105713-a53295
ACCOURCIRAI;delete;2026-09-18T10:57:13+00:00;20260918105713-a53295
ACCOURCIRAS;delete;2026-09-18T10:57:13+00:00;20260918105713-a53295
ACCOURCIREZ;delete;2026-09-18T10:57:13+00:00;20260918105713-a53295
ACCOURCISSE;delete;2026-09-18T10:57:13+00:00;20260918105713-a53295
ACCOURCITES;delete;2026-09-18T10:57:13+00:00;20260918105713-a53295
ACCOURCIRAIS;delete;2026-09-18T10:57:13+00:00;20260918105713-a53295
ACCOURCIRAIT;delete;2026-09-18T10:57:13+00:00;20260918105713-a53295
ACCOURCIRENT;delete;2026-09-18T10:57:13+00:00;20260918105713-a53295
ACCOURCIRIEZ;delete;2026-09-18T10:57:13+00:00;20260918105713-a53295
ACCOURCIRONS;delete;2026-09-18T10:57:13+00:00;20260918105713-a53295
ACCOURCIRONT;delete;2026-09-18T10:57:13+00:00;20260918105713-a53295
ACCOURCISSES;delete;2026-09-18T10:57:13+00:00;20260918105713-a53295
ACCOURCISSEZ;delete;2026-09-18T10:57:13+00:00;20260918105713-a53295
ACCOURCIRIONS;delete;2026-09-18T10:57:13+00:00;20260918105713-a53295
ACCOURCISSAIS;delete;2026-09-18T10:57:13+00:00;20260918105713-a53295
ACCOURCISSAIT;delete;2026-09-18T10:57:13+00:00;20260918105713-a53295
ACCOURCISSENT;delete;2026-09-18T10:57:13+00:00;20260918105713-a53295
ACCOURCISSIEZ;delete;2026-09-18T10:57:13+00:00;20260918105713-a53295
ACCOURCISSONS;delete;2026-09-18T10:57:13+00:00;20260918105713-a53295
ACCOURCISSANT;delete;2026-09-18T10:57:13+00:00;20260918105713-a53295
ACCOURCIRAIENT;delete;2026-09-18T10:57:13+00:00;20260918105713-a53295
ACCOURCISSIONS;delete;2026-09-18T10:57:13+00:00;20260918105713-a53295
ACCOURCISSAIENT;delete;2026-09-18T10:57:13+00:00;20260918105713-a53295
ACCOURE;keep;2026-09-18T10:57:15+00:00;20260918105715-46697b
ACCOURS;keep;2026-09-18T10:57:15+00:00;20260918105715-46697b
ACCOURU;keep;2026-09-18T10:57:15+00:00;20260918105715-46697b
ACCOURT;keep;2026-09-18T10:57:15+00:00;20260918105715-46697b
ACCOURES;keep;2026-09-18T10:57:15+00:00;20260918105715-46697b
ACCOURRA;keep;2026-09-18T10:57:15+00:00;20260918105715-46697b
ACCOURUE;keep;2026-09-18T10:57:15+00:00;20260918105715-46697b
ACCOUREZ;keep;2026-09-18T10:57:15+00:00;20260918105715-46697b
ACCOURUS;keep;2026-09-18T10:57:15+00:00;20260918105715-46697b
ACCOURUT;keep;2026-09-18T10:57:15+00:00;20260918105715-46697b
ACCOURIR;keep;2026-09-18T10:57:15+00:00;20260918105715-46697b
ACCOURRAS;keep;2026-09-18T10:57:15+00:00;20260918105715-46697b
ACCOURREZ;keep;2026-09-18T10:57:15+00:00;20260918105715-46697b
ACCOURIEZ;keep;2026-09-18T10:57:15+00:00;20260918105715-46697b
ACCOURRAI;keep;2026-09-18T10:57:15+00:00;20260918105715-46697b
ACCOURAIS;keep;2026-09-18T10:57:15+00:00;20260918105715-46697b
ACCOURANT;keep;2026-09-18T10:57:15+00:00;20260918105715-46697b
ACCOURONS;keep;2026-09-18T10:57:15+00:00;20260918105715-46697b
ACCOURUES;keep;2026-09-18T10:57:15+00:00;20260918105715-46697b
ACCOURENT;keep;2026-09-18T10:57:15+00:00;20260918105715-46697b
ACCOURAIT;keep;2026-09-18T10:57:15+00:00;20260918105715-46697b
ACCOURIONS;keep;2026-09-18T10:57:15+00:00;20260918105715-46697b
ACCOURRIEZ;keep;2026-09-18T10:57:15+00:00;20260918105715-46697b
ACCOURRONS;keep;2026-09-18T10:57:15+00:00;20260918105715-46697b
ACCOURUMES;keep;2026-09-18T10:57:15+00:00;20260918105715-46697b
ACCOURUSSE;keep;2026-09-18T10:57:15+00:00;20260918105715-46697b
ACCOURUTES;keep;2026-09-18T10:57:15+00:00;20260918105715-46697b
ACCOURRAIS;keep;2026-09-18T10:57:15+00:00;20260918105715-46697b
ACCOURRONT;keep;2026-09-18T10:57:15+00:00;20260918105715-46697b
ACCOURRAIT;keep;2026-09-18T10:57:15+00:00;20260918105715-46697b
ACCOURRIONS;keep;2026-09-18T10:57:15+00:00;20260918105715-46697b
ACCOURUSSES;keep;2026-09-18T10:57:15+00:00;20260918105715-46697b
ACCOURURENT;keep;2026-09-18T10:57:15+00:00;20260918105715-46697b
ACCOURAIENT;keep;2026-09-18T10:57:15+00:00;20260918105715-46697b
ACCOURUSSIEZ;keep;2026-09-18T10:57:15+00:00;20260918105715-46697b
ACCOURUSSENT;keep;2026-09-18T10:57:15+00:00;20260918105715-46697b
ACCOURRAIENT;keep;2026-09-18T10:57:15+00:00;20260918105715-46697b
ACCOURUSSIONS;keep;2026-09-18T10:57:15+00:00;20260918105715-46697b
ACCOUTRA;keep;2026-09-18T10:57:17+00:00;20260918105717-13a7e7
ACCOUTRE;keep;2026-09-18T10:57:17+00:00;20260918105717-13a7e7
ACCOUTRAI;keep;2026-09-18T10:57:17+00:00;20260918105717-13a7e7
ACCOUTRAS;keep;2026-09-18T10:57:17+00:00;20260918105717-13a7e7
ACCOUTRAT;keep;2026-09-18T10:57:17+00:00;20260918105717-13a7e7
ACCOUTREZ;keep;2026-09-18T10:57:17+00:00;20260918105717-13a7e7
ACCOUTRER;keep;2026-09-18T10:57:17+00:00;20260918105717-13a7e7
ACCOUTRES;keep;2026-09-18T10:57:17+00:00;20260918105717-13a7e7
ACCOUTRAIS;keep;2026-09-18T10:57:17+00:00;20260918105717-13a7e7
ACCOUTRAIT;keep;2026-09-18T10:57:17+00:00;20260918105717-13a7e7
ACCOUTRANT;keep;2026-09-18T10:57:17+00:00;20260918105717-13a7e7
ACCOUTREES;keep;2026-09-18T10:57:17+00:00;20260918105717-13a7e7
ACCOUTRENT;keep;2026-09-18T10:57:17+00:00;20260918105717-13a7e7
ACCOUTRERA;keep;2026-09-18T10:57:17+00:00;20260918105717-13a7e7
ACCOUTRIEZ;keep;2026-09-18T10:57:17+00:00;20260918105717-13a7e7
ACCOUTRONS;keep;2026-09-18T10:57:17+00:00;20260918105717-13a7e7
ACCOUTRAMES;keep;2026-09-18T10:57:17+00:00;20260918105717-13a7e7
ACCOUTRASSE;keep;2026-09-18T10:57:17+00:00;20260918105717-13a7e7
ACCOUTRATES;keep;2026-09-18T10:57:17+00:00;20260918105717-13a7e7
ACCOUTRERAI;keep;2026-09-18T10:57:17+00:00;20260918105717-13a7e7
ACCOUTRERAS;keep;2026-09-18T10:57:17+00:00;20260918105717-13a7e7
ACCOUTREREZ;keep;2026-09-18T10:57:17+00:00;20260918105717-13a7e7
ACCOUTRIONS;keep;2026-09-18T10:57:17+00:00;20260918105717-13a7e7
ACCOUTRAIENT;keep;2026-09-18T10:57:17+00:00;20260918105717-13a7e7
ACCOUTRASSES;keep;2026-09-18T10:57:17+00:00;20260918105717-13a7e7
ACCOUTRERAIS;keep;2026-09-18T10:57:17+00:00;20260918105717-13a7e7
ACCOUTRERAIT;keep;2026-09-18T10:57:17+00:00;20260918105717-13a7e7
ACCOUTRERENT;keep;2026-09-18T10:57:17+00:00;20260918105717-13a7e7
ACCOUTRERIEZ;keep;2026-09-18T10:57:17+00:00;20260918105717-13a7e7
ACCOUTRERONS;keep;2026-09-18T10:57:17+00:00;20260918105717-13a7e7
ACCOUTRERONT;keep;2026-09-18T10:57:17+00:00;20260918105717-13a7e7
ACCOUTRASSENT;keep;2026-09-18T10:57:17+00:00;20260918105717-13a7e7
ACCOUTRASSIEZ;keep;2026-09-18T10:57:17+00:00;20260918105717-13a7e7
ACCOUTRERIONS;keep;2026-09-18T10:57:17+00:00;20260918105717-13a7e7
ACCOUTRASSIONS;keep;2026-09-18T10:57:17+00:00;20260918105717-13a7e7
ACCOUTRERAIENT;keep;2026-09-18T10:57:17+00:00;20260918105717-13a7e7
ACCOUVA;delete;2026-09-18T10:57:21+00:00;20260918105721-1cf6fe
ACCOUVE;delete;2026-09-18T10:57:21+00:00;20260918105721-1cf6fe
ACCOUVAI;delete;2026-09-18T10:57:21+00:00;20260918105721-1cf6fe
ACCOUVAS;delete;2026-09-18T10:57:21+00:00;20260918105721-1cf6fe
ACCOUVAT;delete;2026-09-18T10:57:21+00:00;20260918105721-1cf6fe
ACCOUVEZ;delete;2026-09-18T10:57:21+00:00;20260918105721-1cf6fe
ACCOUVER;delete;2026-09-18T10:57:21+00:00;20260918105721-1cf6fe
ACCOUVEE;delete;2026-09-18T10:57:21+00:00;20260918105721-1cf6fe
ACCOUVAIS;delete;2026-09-18T10:57:21+00:00;20260918105721-1cf6fe
ACCOUVAIT;delete;2026-09-18T10:57:21+00:00;20260918105721-1cf6fe
ACCOUVANT;delete;2026-09-18T10:57:21+00:00;20260918105721-1cf6fe
ACCOUVENT;delete;2026-09-18T10:57:21+00:00;20260918105721-1cf6fe
ACCOUVERA;delete;2026-09-18T10:57:21+00:00;20260918105721-1cf6fe
ACCOUVIEZ;delete;2026-09-18T10:57:21+00:00;20260918105721-1cf6fe
ACCOUVONS;delete;2026-09-18T10:57:21+00:00;20260918105721-1cf6fe
ACCOUVAMES;delete;2026-09-18T10:57:21+00:00;20260918105721-1cf6fe
ACCOUVATES;delete;2026-09-18T10:57:21+00:00;20260918105721-1cf6fe
ACCOUVERAI;delete;2026-09-18T10:57:21+00:00;20260918105721-1cf6fe
ACCOUVERAS;delete;2026-09-18T10:57:21+00:00;20260918105721-1cf6fe
ACCOUVEREZ;delete;2026-09-18T10:57:21+00:00;20260918105721-1cf6fe
ACCOUVIONS;delete;2026-09-18T10:57:21+00:00;20260918105721-1cf6fe
ACCOUVAIENT;delete;2026-09-18T10:57:21+00:00;20260918105721-1cf6fe
ACCOUVERAIS;delete;2026-09-18T10:57:21+00:00;20260918105721-1cf6fe
ACCOUVERAIT;delete;2026-09-18T10:57:21+00:00;20260918105721-1cf6fe
ACCOUVERENT;delete;2026-09-18T10:57:21+00:00;20260918105721-1cf6fe
ACCOUVERIEZ;delete;2026-09-18T10:57:21+00:00;20260918105721-1cf6fe
ACCOUVERONS;delete;2026-09-18T10:57:21+00:00;20260918105721-1cf6fe
ACCOUVERONT;delete;2026-09-18T10:57:21+00:00;20260918105721-1cf6fe
ACCOUVERIONS;delete;2026-09-18T10:57:21+00:00;20260918105721-1cf6fe
ACCOUVERAIENT;delete;2026-09-18T10:57:21+00:00;20260918105721-1cf6fe
ACCOUVES;delete;2026-09-18T10:57:22+00:00;20260918105722-0837bf
ACCOUVEES;delete;2026-09-18T10:57:22+00:00;20260918105722-0837bf
ACCRETE;delete;2026-09-18T10:57:26+00:00;20260918105726-8e350a
ACCRETEE;delete;2026-09-18T10:57:26+00:00;20260918105726-8e350a
ACCRETES;delete;2026-09-18T10:57:26+00:00;20260918105726-8e350a
ACCRETEES;delete;2026-09-18T10:57:26+00:00;20260918105726-8e350a
ACCROCHA;keep;2026-09-18T10:57:27+00:00;20260918105727-c24f87
ACCROCHAS;keep;2026-09-18T10:57:27+00:00;20260918105727-c24f87
ACCROCHAT;keep;2026-09-18T10:57:27+00:00;20260918105727-c24f87
ACCROCHAI;keep;2026-09-18T10:57:27+00:00;20260918105727-c24f87
ACCROCHIEZ;keep;2026-09-18T10:57:27+00:00;20260918105727-c24f87
ACCROCHONS;keep;2026-09-18T10:57:27+00:00;20260918105727-c24f87
ACCROCHERA;keep;2026-09-18T10:57:27+00:00;20260918105727-c24f87
ACCROCHAIS;keep;2026-09-18T10:57:27+00:00;20260918105727-c24f87
ACCROCHENT;keep;2026-09-18T10:57:27+00:00;20260918105727-c24f87
ACCROCHANT;keep;2026-09-18T10:57:27+00:00;20260918105727-c24f87
ACCROCHAMES;keep;2026-09-18T10:57:27+00:00;20260918105727-c24f87
ACCROCHASSE;keep;2026-09-18T10:57:27+00:00;20260918105727-c24f87
ACCROCHATES;keep;2026-09-18T10:57:27+00:00;20260918105727-c24f87
ACCROCHERAS;keep;2026-09-18T10:57:27+00:00;20260918105727-c24f87
ACCROCHEREZ;keep;2026-09-18T10:57:27+00:00;20260918105727-c24f87
ACCROCHIONS;keep;2026-09-18T10:57:27+00:00;20260918105727-c24f87
ACCROCHERAI;keep;2026-09-18T10:57:27+00:00;20260918105727-c24f87
ACCROCHASSES;keep;2026-09-18T10:57:27+00:00;20260918105727-c24f87
ACCROCHERONS;keep;2026-09-18T10:57:27+00:00;20260918105727-c24f87
ACCROCHERONT;keep;2026-09-18T10:57:27+00:00;20260918105727-c24f87
ACCROCHERIEZ;keep;2026-09-18T10:57:27+00:00;20260918105727-c24f87
ACCROCHERAIT;keep;2026-09-18T10:57:27+00:00;20260918105727-c24f87
ACCROCHERAIS;keep;2026-09-18T10:57:27+00:00;20260918105727-c24f87
ACCROCHERENT;keep;2026-09-18T10:57:27+00:00;20260918105727-c24f87
ACCROCHAIENT;keep;2026-09-18T10:57:27+00:00;20260918105727-c24f87
ACCROCHASSENT;keep;2026-09-18T10:57:27+00:00;20260918105727-c24f87
ACCROCHASSIEZ;keep;2026-09-18T10:57:27+00:00;20260918105727-c24f87
ACCROCHERIONS;keep;2026-09-18T10:57:27+00:00;20260918105727-c24f87
ACCROCHASSIONS;keep;2026-09-18T10:57:27+00:00;20260918105727-c24f87
ACCROCHERAIENT;keep;2026-09-18T10:57:27+00:00;20260918105727-c24f87
ACCRU;keep;2026-09-18T10:57:53+00:00;20260918105753-99ef81
ACCRUS;keep;2026-09-18T10:57:53+00:00;20260918105753-99ef81
ACCRUT;keep;2026-09-18T10:57:53+00:00;20260918105753-99ef81
ACCROIS;keep;2026-09-18T10:57:53+00:00;20260918105753-99ef81
ACCRUES;keep;2026-09-18T10:57:53+00:00;20260918105753-99ef81
ACCROIT;keep;2026-09-18T10:57:53+00:00;20260918105753-99ef81
ACCRUMES;keep;2026-09-18T10:57:53+00:00;20260918105753-99ef81
ACCRUSSE;keep;2026-09-18T10:57:53+00:00;20260918105753-99ef81
ACCRUTES;keep;2026-09-18T10:57:53+00:00;20260918105753-99ef81
ACCRUSSES;keep;2026-09-18T10:57:53+00:00;20260918105753-99ef81
ACCROISSE;keep;2026-09-18T10:57:53+00:00;20260918105753-99ef81
ACCROITRA;keep;2026-09-18T10:57:53+00:00;20260918105753-99ef81
ACCRURENT;keep;2026-09-18T10:57:53+00:00;20260918105753-99ef81
ACCROITRE;keep;2026-09-18T10:57:53+00:00;20260918105753-99ef81
ACCROISSES;keep;2026-09-18T10:57:53+00:00;20260918105753-99ef81
ACCROITRAI;keep;2026-09-18T10:57:53+00:00;20260918105753-99ef81
ACCROITRAS;keep;2026-09-18T10:57:53+00:00;20260918105753-99ef81
ACCROITREZ;keep;2026-09-18T10:57:53+00:00;20260918105753-99ef81
ACCRUSSENT;keep;2026-09-18T10:57:53+00:00;20260918105753-99ef81
ACCRUSSIEZ;keep;2026-09-18T10:57:53+00:00;20260918105753-99ef81
ACCROISSEZ;keep;2026-09-18T10:57:53+00:00;20260918105753-99ef81
ACCROISSAIS;keep;2026-09-18T10:57:53+00:00;20260918105753-99ef81
ACCROISSIEZ;keep;2026-09-18T10:57:53+00:00;20260918105753-99ef81
ACCROISSONS;keep;2026-09-18T10:57:53+00:00;20260918105753-99ef81
ACCROITRAIS;keep;2026-09-18T10:57:53+00:00;20260918105753-99ef81
ACCROITRIEZ;keep;2026-09-18T10:57:53+00:00;20260918105753-99ef81
ACCROITRONS;keep;2026-09-18T10:57:53+00:00;20260918105753-99ef81
ACCRUSSIONS;keep;2026-09-18T10:57:53+00:00;20260918105753-99ef81
ACCROITRAIT;keep;2026-09-18T10:57:53+00:00;20260918105753-99ef81
ACCROITRONT;keep;2026-09-18T10:57:53+00:00;20260918105753-99ef81
ACCROISSANT;keep;2026-09-18T10:57:53+00:00;20260918105753-99ef81
ACCROISSENT;keep;2026-09-18T10:57:53+00:00;20260918105753-99ef81
ACCROISSAIT;keep;2026-09-18T10:57:53+00:00;20260918105753-99ef81
ACCROISSIONS;keep;2026-09-18T10:57:53+00:00;20260918105753-99ef81
ACCROITRIONS;keep;2026-09-18T10:57:53+00:00;20260918105753-99ef81
ACCROITRAIENT;keep;2026-09-18T10:57:53+00:00;20260918105753-99ef81
ACCROISSAIENT;keep;2026-09-18T10:57:53+00:00;20260918105753-99ef81
ACCULA;keep;2026-09-18T10:57:56+00:00;20260918105756-d19115
ACCULE;keep;2026-09-18T10:57:56+00:00;20260918105756-d19115
ACCULAI;keep;2026-09-18T10:57:56+00:00;20260918105756-d19115
ACCULAS;keep;2026-09-18T10:57:56+00:00;20260918105756-d19115
ACCULEZ;keep;2026-09-18T10:57:56+00:00;20260918105756-d19115
ACCULAT;keep;2026-09-18T10:57:56+00:00;20260918105756-d19115
ACCULEE;keep;2026-09-18T10:57:56+00:00;20260918105756-d19115
ACCULES;keep;2026-09-18T10:57:56+00:00;20260918105756-d19115
ACCULER;keep;2026-09-18T10:57:56+00:00;20260918105756-d19115
ACCULIEZ;keep;2026-09-18T10:57:56+00:00;20260918105756-d19115
ACCULONS;keep;2026-09-18T10:57:56+00:00;20260918105756-d19115
ACCULERA;keep;2026-09-18T10:57:56+00:00;20260918105756-d19115
ACCULEES;keep;2026-09-18T10:57:56+00:00;20260918105756-d19115
ACCULAIS;keep;2026-09-18T10:57:56+00:00;20260918105756-d19115
ACCULANT;keep;2026-09-18T10:57:56+00:00;20260918105756-d19115
ACCULENT;keep;2026-09-18T10:57:56+00:00;20260918105756-d19115
ACCULAIT;keep;2026-09-18T10:57:56+00:00;20260918105756-d19115
ACCULAMES;keep;2026-09-18T10:57:56+00:00;20260918105756-d19115
ACCULASSE;keep;2026-09-18T10:57:56+00:00;20260918105756-d19115
ACCULATES;keep;2026-09-18T10:57:56+00:00;20260918105756-d19115
ACCULERAI;keep;2026-09-18T10:57:56+00:00;20260918105756-d19115
ACCULERAS;keep;2026-09-18T10:57:56+00:00;20260918105756-d19115
ACCULEREZ;keep;2026-09-18T10:57:56+00:00;20260918105756-d19115
ACCULIONS;keep;2026-09-18T10:57:56+00:00;20260918105756-d19115
ACCULASSES;keep;2026-09-18T10:57:56+00:00;20260918105756-d19115
ACCULERAIS;keep;2026-09-18T10:57:56+00:00;20260918105756-d19115
ACCULERAIT;keep;2026-09-18T10:57:56+00:00;20260918105756-d19115
ACCULERIEZ;keep;2026-09-18T10:57:56+00:00;20260918105756-d19115
ACCULERONS;keep;2026-09-18T10:57:56+00:00;20260918105756-d19115
ACCULERONT;keep;2026-09-18T10:57:56+00:00;20260918105756-d19115
ACCULERENT;keep;2026-09-18T10:57:56+00:00;20260918105756-d19115
ACCULAIENT;keep;2026-09-18T10:57:56+00:00;20260918105756-d19115
ACCULASSENT;keep;2026-09-18T10:57:56+00:00;20260918105756-d19115
ACCULASSIEZ;keep;2026-09-18T10:57:56+00:00;20260918105756-d19115
ACCULERIONS;keep;2026-09-18T10:57:56+00:00;20260918105756-d19115
ACCULASSIONS;keep;2026-09-18T10:57:56+00:00;20260918105756-d19115
ACCULERAIENT;keep;2026-09-18T10:57:56+00:00;20260918105756-d19115
ACCULTURA;keep;2026-09-18T10:57:58+00:00;20260918105758-ef4012
ACCULTURE;keep;2026-09-18T10:57:58+00:00;20260918105758-ef4012
ACCULTURAI;keep;2026-09-18T10:57:58+00:00;20260918105758-ef4012
ACCULTURAS;keep;2026-09-18T10:57:58+00:00;20260918105758-ef4012
ACCULTURAT;keep;2026-09-18T10:57:58+00:00;20260918105758-ef4012
ACCULTUREE;keep;2026-09-18T10:57:58+00:00;20260918105758-ef4012
ACCULTURES;keep;2026-09-18T10:57:58+00:00;20260918105758-ef4012
ACCULTUREZ;keep;2026-09-18T10:57:58+00:00;20260918105758-ef4012
ACCULTURER;keep;2026-09-18T10:57:58+00:00;20260918105758-ef4012
ACCULTURAIS;keep;2026-09-18T10:57:58+00:00;20260918105758-ef4012
ACCULTURAIT;keep;2026-09-18T10:57:58+00:00;20260918105758-ef4012
ACCULTURANT;keep;2026-09-18T10:57:58+00:00;20260918105758-ef4012
ACCULTUREES;keep;2026-09-18T10:57:58+00:00;20260918105758-ef4012
ACCULTURENT;keep;2026-09-18T10:57:58+00:00;20260918105758-ef4012
ACCULTURERA;keep;2026-09-18T10:57:58+00:00;20260918105758-ef4012
ACCULTURIEZ;keep;2026-09-18T10:57:58+00:00;20260918105758-ef4012
ACCULTURONS;keep;2026-09-18T10:57:58+00:00;20260918105758-ef4012
ACCULTURAMES;keep;2026-09-18T10:57:58+00:00;20260918105758-ef4012
ACCULTURASSE;keep;2026-09-18T10:57:58+00:00;20260918105758-ef4012
ACCULTURATES;keep;2026-09-18T10:57:58+00:00;20260918105758-ef4012
ACCULTURERAI;keep;2026-09-18T10:57:58+00:00;20260918105758-ef4012
ACCULTURERAS;keep;2026-09-18T10:57:58+00:00;20260918105758-ef4012
ACCULTUREREZ;keep;2026-09-18T10:57:58+00:00;20260918105758-ef4012
ACCULTURIONS;keep;2026-09-18T10:57:58+00:00;20260918105758-ef4012
ACCULTURAIENT;keep;2026-09-18T10:57:58+00:00;20260918105758-ef4012
ACCULTURASSES;keep;2026-09-18T10:57:58+00:00;20260918105758-ef4012
ACCULTURERAIS;keep;2026-09-18T10:57:58+00:00;20260918105758-ef4012
ACCULTURERAIT;keep;2026-09-18T10:57:58+00:00;20260918105758-ef4012
ACCULTURERENT;keep;2026-09-18T10:57:58+00:00;20260918105758-ef4012
ACCULTURERIEZ;keep;2026-09-18T10:57:58+00:00;20260918105758-ef4012
ACCULTURERONS;keep;2026-09-18T10:57:58+00:00;20260918105758-ef4012
ACCULTURERONT;keep;2026-09-18T10:57:58+00:00;20260918105758-ef4012
ACCULTURASSENT;keep;2026-09-18T10:57:58+00:00;20260918105758-ef4012
ACCULTURASSIEZ;keep;2026-09-18T10:57:58+00:00;20260918105758-ef4012
ACCULTURERIONS;keep;2026-09-18T10:57:58+00:00;20260918105758-ef4012
ACCULTURASSIONS;keep;2026-09-18T10:57:58+00:00;20260918105758-ef4012
ACCULTURERAIENT;keep;2026-09-18T10:57:58+00:00;20260918105758-ef4012
ACCUMULA;keep;2026-09-18T10:57:59+00:00;20260918105759-93c899
ACCUMULE;keep;2026-09-18T10:57:59+00:00;20260918105759-93c899
ACCUMULAS;keep;2026-09-18T10:57:59+00:00;20260918105759-93c899
ACCUMULAT;keep;2026-09-18T10:57:59+00:00;20260918105759-93c899
ACCUMULAI;keep;2026-09-18T10:57:59+00:00;20260918105759-93c899
ACCUMULEZ;keep;2026-09-18T10:57:59+00:00;20260918105759-93c899
ACCUMULES;keep;2026-09-18T10:57:59+00:00;20260918105759-93c899
ACCUMULEE;keep;2026-09-18T10:57:59+00:00;20260918105759-93c899
ACCUMULER;keep;2026-09-18T10:57:59+00:00;20260918105759-93c899
ACCUMULERA;keep;2026-09-18T10:57:59+00:00;20260918105759-93c899
ACCUMULIEZ;keep;2026-09-18T10:57:59+00:00;20260918105759-93c899
ACCUMULONS;keep;2026-09-18T10:57:59+00:00;20260918105759-93c899
ACCUMULAIS;keep;2026-09-18T10:57:59+00:00;20260918105759-93c899
ACCUMULENT;keep;2026-09-18T10:57:59+00:00;20260918105759-93c899
ACCUMULANT;keep;2026-09-18T10:57:59+00:00;20260918105759-93c899
ACCUMULAIT;keep;2026-09-18T10:57:59+00:00;20260918105759-93c899
ACCUMULEES;keep;2026-09-18T10:57:59+00:00;20260918105759-93c899
ACCUMULAMES;keep;2026-09-18T10:57:59+00:00;20260918105759-93c899
ACCUMULASSE;keep;2026-09-18T10:57:59+00:00;20260918105759-93c899
ACCUMULATES;keep;2026-09-18T10:57:59+00:00;20260918105759-93c899
ACCUMULERAI;keep;2026-09-18T10:57:59+00:00;20260918105759-93c899
ACCUMULERAS;keep;2026-09-18T10:57:59+00:00;20260918105759-93c899
ACCUMULIONS;keep;2026-09-18T10:57:59+00:00;20260918105759-93c899
ACCUMULEREZ;keep;2026-09-18T10:57:59+00:00;20260918105759-93c899
ACCUMULASSES;keep;2026-09-18T10:57:59+00:00;20260918105759-93c899
ACCUMULERAIS;keep;2026-09-18T10:57:59+00:00;20260918105759-93c899
ACCUMULERAIT;keep;2026-09-18T10:57:59+00:00;20260918105759-93c899
ACCUMULERIEZ;keep;2026-09-18T10:57:59+00:00;20260918105759-93c899
ACCUMULERONS;keep;2026-09-18T10:57:59+00:00;20260918105759-93c899
ACCUMULERONT;keep;2026-09-18T10:57:59+00:00;20260918105759-93c899
ACCUMULERENT;keep;2026-09-18T10:57:59+00:00;20260918105759-93c899
ACCUMULAIENT;keep;2026-09-18T10:57:59+00:00;20260918105759-93c899
ACCUMULASSENT;keep;2026-09-18T10:57:59+00:00;20260918105759-93c899
ACCUMULASSIEZ;keep;2026-09-18T10:57:59+00:00;20260918105759-93c899
ACCUMULERIONS;keep;2026-09-18T10:57:59+00:00;20260918105759-93c899
ACCUMULASSIONS;keep;2026-09-18T10:57:59+00:00;20260918105759-93c899
ACCUMULERAIENT;keep;2026-09-18T10:57:59+00:00;20260918105759-93c899
ACCUSA;keep;2026-09-18T10:57:59+00:00;20260918105759-efe2a2
ACCUSAS;keep;2026-09-18T10:57:59+00:00;20260918105759-efe2a2
ACCUSAT;keep;2026-09-18T10:57:59+00:00;20260918105759-efe2a2
ACCUSAI;keep;2026-09-18T10:57:59+00:00;20260918105759-efe2a2
ACCUSEZ;keep;2026-09-18T10:57:59+00:00;20260918105759-efe2a2
ACCUSIEZ;keep;2026-09-18T10:57:59+00:00;20260918105759-efe2a2
ACCUSONS;keep;2026-09-18T10:57:59+00:00;20260918105759-efe2a2
ACCUSEES;keep;2026-09-18T10:57:59+00:00;20260918105759-efe2a2
ACCUSAIS;keep;2026-09-18T10:57:59+00:00;20260918105759-efe2a2
ACCUSERA;keep;2026-09-18T10:57:59+00:00;20260918105759-efe2a2
ACCUSENT;keep;2026-09-18T10:57:59+00:00;20260918105759-efe2a2
ACCUSANT;keep;2026-09-18T10:57:59+00:00;20260918105759-efe2a2
ACCUSAMES;keep;2026-09-18T10:57:59+00:00;20260918105759-efe2a2
ACCUSASSE;keep;2026-09-18T10:57:59+00:00;20260918105759-efe2a2
ACCUSATES;keep;2026-09-18T10:57:59+00:00;20260918105759-efe2a2
ACCUSERAI;keep;2026-09-18T10:57:59+00:00;20260918105759-efe2a2
ACCUSERAS;keep;2026-09-18T10:57:59+00:00;20260918105759-efe2a2
ACCUSEREZ;keep;2026-09-18T10:57:59+00:00;20260918105759-efe2a2
ACCUSIONS;keep;2026-09-18T10:57:59+00:00;20260918105759-efe2a2
ACCUSASSES;keep;2026-09-18T10:57:59+00:00;20260918105759-efe2a2
ACCUSERONS;keep;2026-09-18T10:57:59+00:00;20260918105759-efe2a2
ACCUSERIEZ;keep;2026-09-18T10:57:59+00:00;20260918105759-efe2a2
ACCUSERENT;keep;2026-09-18T10:57:59+00:00;20260918105759-efe2a2
ACCUSERONT;keep;2026-09-18T10:57:59+00:00;20260918105759-efe2a2
ACCUSERAIS;keep;2026-09-18T10:57:59+00:00;20260918105759-efe2a2
ACCUSERAIT;keep;2026-09-18T10:57:59+00:00;20260918105759-efe2a2
ACCUSAIENT;keep;2026-09-18T10:57:59+00:00;20260918105759-efe2a2
ACCUSASSENT;keep;2026-09-18T10:57:59+00:00;20260918105759-efe2a2
ACCUSASSIEZ;keep;2026-09-18T10:57:59+00:00;20260918105759-efe2a2
ACCUSERIONS;keep;2026-09-18T10:57:59+00:00;20260918105759-efe2a2
ACCUSASSIONS;keep;2026-09-18T10:57:59+00:00;20260918105759-efe2a2
ACCUSERAIENT;keep;2026-09-18T10:57:59+00:00;20260918105759-efe2a2
ACENSA;delete;2026-09-18T10:58:08+00:00;20260918105808-df2603
ACENSE;delete;2026-09-18T10:58:08+00:00;20260918105808-df2603
ACENSAI;delete;2026-09-18T10:58:08+00:00;20260918105808-df2603
ACENSAS;delete;2026-09-18T10:58:08+00:00;20260918105808-df2603
ACENSAT;delete;2026-09-18T10:58:08+00:00;20260918105808-df2603
ACENSEE;delete;2026-09-18T10:58:08+00:00;20260918105808-df2603
ACENSES;delete;2026-09-18T10:58:08+00:00;20260918105808-df2603
ACENSEZ;delete;2026-09-18T10:58:08+00:00;20260918105808-df2603
ACENSER;delete;2026-09-18T10:58:08+00:00;20260918105808-df2603
ACENSAIS;delete;2026-09-18T10:58:08+00:00;20260918105808-df2603
ACENSAIT;delete;2026-09-18T10:58:08+00:00;20260918105808-df2603
ACENSANT;delete;2026-09-18T10:58:08+00:00;20260918105808-df2603
ACENSEES;delete;2026-09-18T10:58:08+00:00;20260918105808-df2603
ACENSENT;delete;2026-09-18T10:58:08+00:00;20260918105808-df2603
ACENSERA;delete;2026-09-18T10:58:08+00:00;20260918105808-df2603
ACENSIEZ;delete;2026-09-18T10:58:08+00:00;20260918105808-df2603
ACENSONS;delete;2026-09-18T10:58:08+00:00;20260918105808-df2603
ACENSAMES;delete;2026-09-18T10:58:08+00:00;20260918105808-df2603
ACENSASSE;delete;2026-09-18T10:58:08+00:00;20260918105808-df2603
ACENSATES;delete;2026-09-18T10:58:08+00:00;20260918105808-df2603
ACENSERAI;delete;2026-09-18T10:58:08+00:00;20260918105808-df2603
ACENSERAS;delete;2026-09-18T10:58:08+00:00;20260918105808-df2603
ACENSEREZ;delete;2026-09-18T10:58:08+00:00;20260918105808-df2603
ACENSIONS;delete;2026-09-18T10:58:08+00:00;20260918105808-df2603
ACENSAIENT;delete;2026-09-18T10:58:08+00:00;20260918105808-df2603
ACENSASSES;delete;2026-09-18T10:58:08+00:00;20260918105808-df2603
ACENSERAIS;delete;2026-09-18T10:58:08+00:00;20260918105808-df2603
ACENSERAIT;delete;2026-09-18T10:58:08+00:00;20260918105808-df2603
ACENSERENT;delete;2026-09-18T10:58:08+00:00;20260918105808-df2603
ACENSERIEZ;delete;2026-09-18T10:58:08+00:00;20260918105808-df2603
ACENSERONS;delete;2026-09-18T10:58:08+00:00;20260918105808-df2603
ACENSERONT;delete;2026-09-18T10:58:08+00:00;20260918105808-df2603
ACENSASSENT;delete;2026-09-18T10:58:08+00:00;20260918105808-df2603
ACENSASSIEZ;delete;2026-09-18T10:58:08+00:00;20260918105808-df2603
ACENSERIONS;delete;2026-09-18T10:58:08+00:00;20260918105808-df2603
ACENSASSIONS;delete;2026-09-18T10:58:08+00:00;20260918105808-df2603
ACENSERAIENT;delete;2026-09-18T10:58:08+00:00;20260918105808-df2603
ACERAI;keep;2026-09-18T10:58:57+00:00;20260918105857-5a046d
ACERAS;keep;2026-09-18T10:58:57+00:00;20260918105857-5a046d
ACERAT;keep;2026-09-18T10:58:57+00:00;20260918105857-5a046d
ACEREZ;keep;2026-09-18T10:58:57+00:00;20260918105857-5a046d
ACERER;keep;2026-09-18T10:58:57+00:00;20260918105857-5a046d
ACERAIS;keep;2026-09-18T10:58:57+00:00;20260918105857-5a046d
ACERAIT;keep;2026-09-18T10:58:57+00:00;20260918105857-5a046d
ACERANT;keep;2026-09-18T10:58:57+00:00;20260918105857-5a046d
ACERENT;keep;2026-09-18T10:58:57+00:00;20260918105857-5a046d
ACERERA;keep;2026-09-18T10:58:57+00:00;20260918105857-5a046d
ACERIEZ;keep;2026-09-18T10:58:57+00:00;20260918105857-5a046d
ACERONS;keep;2026-09-18T10:58:57+00:00;20260918105857-5a046d
ACERAMES;keep;2026-09-18T10:58:57+00:00;20260918105857-5a046d
ACERASSE;keep;2026-09-18T10:58:57+00:00;20260918105857-5a046d
ACERATES;keep;2026-09-18T10:58:57+00:00;20260918105857-5a046d
ACERERAI;keep;2026-09-18T10:58:57+00:00;20260918105857-5a046d
ACERERAS;keep;2026-09-18T10:58:57+00:00;20260918105857-5a046d
ACEREREZ;keep;2026-09-18T10:58:57+00:00;20260918105857-5a046d
ACERIONS;keep;2026-09-18T10:58:57+00:00;20260918105857-5a046d
ACERAIENT;keep;2026-09-18T10:58:57+00:00;20260918105857-5a046d
ACERASSES;keep;2026-09-18T10:58:57+00:00;20260918105857-5a046d
ACERERAIS;keep;2026-09-18T10:58:57+00:00;20260918105857-5a046d
ACERERAIT;keep;2026-09-18T10:58:57+00:00;20260918105857-5a046d
ACERERENT;keep;2026-09-18T10:58:57+00:00;20260918105857-5a046d
ACERERIEZ;keep;2026-09-18T10:58:57+00:00;20260918105857-5a046d
ACERERONS;keep;2026-09-18T10:58:57+00:00;20260918105857-5a046d
ACERERONT;keep;2026-09-18T10:58:57+00:00;20260918105857-5a046d
ACERASSENT;keep;2026-09-18T10:58:57+00:00;20260918105857-5a046d
ACERASSIEZ;keep;2026-09-18T10:58:57+00:00;20260918105857-5a046d
ACERERIONS;keep;2026-09-18T10:58:57+00:00;20260918105857-5a046d
ACERASSIONS;keep;2026-09-18T10:58:57+00:00;20260918105857-5a046d
ACERERAIENT;keep;2026-09-18T10:58:57+00:00;20260918105857-5a046d
ACESCENT;delete;2026-09-18T10:59:00+00:00;20260918105900-ec7010
ACESCENTE;delete;2026-09-18T10:59:00+00:00;20260918105900-ec7010
ACESCENTS;delete;2026-09-18T10:59:00+00:00;20260918105900-ec7010
ACESCENTES;delete;2026-09-18T10:59:00+00:00;20260918105900-ec7010
ACETALISA;delete;2026-09-18T10:59:02+00:00;20260918105902-adc6fa
ACETALISE;delete;2026-09-18T10:59:02+00:00;20260918105902-adc6fa
ACETALISAI;delete;2026-09-18T10:59:02+00:00;20260918105902-adc6fa
ACETALISAS;delete;2026-09-18T10:59:02+00:00;20260918105902-adc6fa
ACETALISAT;delete;2026-09-18T10:59:02+00:00;20260918105902-adc6fa
ACETALISEE;delete;2026-09-18T10:59:02+00:00;20260918105902-adc6fa
ACETALISES;delete;2026-09-18T10:59:02+00:00;20260918105902-adc6fa
ACETALISEZ;delete;2026-09-18T10:59:02+00:00;20260918105902-adc6fa
ACETALISER;delete;2026-09-18T10:59:02+00:00;20260918105902-adc6fa
ACETALISAIS;delete;2026-09-18T10:59:02+00:00;20260918105902-adc6fa
ACETALISAIT;delete;2026-09-18T10:59:02+00:00;20260918105902-adc6fa
ACETALISANT;delete;2026-09-18T10:59:02+00:00;20260918105902-adc6fa
ACETALISEES;delete;2026-09-18T10:59:02+00:00;20260918105902-adc6fa
ACETALISENT;delete;2026-09-18T10:59:02+00:00;20260918105902-adc6fa
ACETALISERA;delete;2026-09-18T10:59:02+00:00;20260918105902-adc6fa
ACETALISIEZ;delete;2026-09-18T10:59:02+00:00;20260918105902-adc6fa
ACETALISONS;delete;2026-09-18T10:59:02+00:00;20260918105902-adc6fa
ACETALISAMES;delete;2026-09-18T10:59:02+00:00;20260918105902-adc6fa
ACETALISASSE;delete;2026-09-18T10:59:02+00:00;20260918105902-adc6fa
ACETALISATES;delete;2026-09-18T10:59:02+00:00;20260918105902-adc6fa
ACETALISERAI;delete;2026-09-18T10:59:02+00:00;20260918105902-adc6fa
ACETALISERAS;delete;2026-09-18T10:59:02+00:00;20260918105902-adc6fa
ACETALISEREZ;delete;2026-09-18T10:59:02+00:00;20260918105902-adc6fa
ACETALISIONS;delete;2026-09-18T10:59:02+00:00;20260918105902-adc6fa
ACETALISAIENT;delete;2026-09-18T10:59:02+00:00;20260918105902-adc6fa
ACETALISASSES;delete;2026-09-18T10:59:02+00:00;20260918105902-adc6fa
ACETALISERAIS;delete;2026-09-18T10:59:02+00:00;20260918105902-adc6fa
ACETALISERAIT;delete;2026-09-18T10:59:02+00:00;20260918105902-adc6fa
ACETALISERENT;delete;2026-09-18T10:59:02+00:00;20260918105902-adc6fa
ACETALISERIEZ;delete;2026-09-18T10:59:02+00:00;20260918105902-adc6fa
ACETALISERONS;delete;2026-09-18T10:59:02+00:00;20260918105902-adc6fa
ACETALISERONT;delete;2026-09-18T10:59:02+00:00;20260918105902-adc6fa
ACETALISASSENT;delete;2026-09-18T10:59:02+00:00;20260918105902-adc6fa
ACETALISASSIEZ;delete;2026-09-18T10:59:02+00:00;20260918105902-adc6fa
ACETALISERIONS;delete;2026-09-18T10:59:02+00:00;20260918105902-adc6fa
ACETALISASSIONS;delete;2026-09-18T10:59:02+00:00;20260918105902-adc6fa
ACETALISERAIENT;delete;2026-09-18T10:59:02+00:00;20260918105902-adc6fa
ACETIFIA;delete;2026-09-18T10:59:06+00:00;20260918105906-eb01ae
ACETIFIE;delete;2026-09-18T10:59:06+00:00;20260918105906-eb01ae
ACETIFIAI;delete;2026-09-18T10:59:06+00:00;20260918105906-eb01ae
ACETIFIAS;delete;2026-09-18T10:59:06+00:00;20260918105906-eb01ae
ACETIFIAT;delete;2026-09-18T10:59:06+00:00;20260918105906-eb01ae
ACETIFIEE;delete;2026-09-18T10:59:06+00:00;20260918105906-eb01ae
ACETIFIES;delete;2026-09-18T10:59:06+00:00;20260918105906-eb01ae
ACETIFIEZ;delete;2026-09-18T10:59:06+00:00;20260918105906-eb01ae
ACETIFIER;delete;2026-09-18T10:59:06+00:00;20260918105906-eb01ae
ACETIFIAIS;delete;2026-09-18T10:59:06+00:00;20260918105906-eb01ae
ACETIFIAIT;delete;2026-09-18T10:59:06+00:00;20260918105906-eb01ae
ACETIFIANT;delete;2026-09-18T10:59:06+00:00;20260918105906-eb01ae
ACETIFIEES;delete;2026-09-18T10:59:06+00:00;20260918105906-eb01ae
ACETIFIENT;delete;2026-09-18T10:59:06+00:00;20260918105906-eb01ae
ACETIFIERA;delete;2026-09-18T10:59:06+00:00;20260918105906-eb01ae
ACETIFIIEZ;delete;2026-09-18T10:59:06+00:00;20260918105906-eb01ae
ACETIFIONS;delete;2026-09-18T10:59:06+00:00;20260918105906-eb01ae
ACETIFIAMES;delete;2026-09-18T10:59:06+00:00;20260918105906-eb01ae
ACETIFIASSE;delete;2026-09-18T10:59:06+00:00;20260918105906-eb01ae
ACETIFIATES;delete;2026-09-18T10:59:06+00:00;20260918105906-eb01ae
ACETIFIERAI;delete;2026-09-18T10:59:06+00:00;20260918105906-eb01ae
ACETIFIERAS;delete;2026-09-18T10:59:06+00:00;20260918105906-eb01ae
ACETIFIEREZ;delete;2026-09-18T10:59:06+00:00;20260918105906-eb01ae
ACETIFIIONS;delete;2026-09-18T10:59:06+00:00;20260918105906-eb01ae
ACETIFIAIENT;delete;2026-09-18T10:59:06+00:00;20260918105906-eb01ae
ACETIFIASSES;delete;2026-09-18T10:59:06+00:00;20260918105906-eb01ae
ACETIFIERAIS;delete;2026-09-18T10:59:06+00:00;20260918105906-eb01ae
ACETIFIERAIT;delete;2026-09-18T10:59:06+00:00;20260918105906-eb01ae
ACETIFIERENT;delete;2026-09-18T10:59:06+00:00;20260918105906-eb01ae
ACETIFIERIEZ;delete;2026-09-18T10:59:06+00:00;20260918105906-eb01ae
ACETIFIERONS;delete;2026-09-18T10:59:06+00:00;20260918105906-eb01ae
ACETIFIERONT;delete;2026-09-18T10:59:06+00:00;20260918105906-eb01ae
ACETIFIASSENT;delete;2026-09-18T10:59:06+00:00;20260918105906-eb01ae
ACETIFIASSIEZ;delete;2026-09-18T10:59:06+00:00;20260918105906-eb01ae
ACETIFIERIONS;delete;2026-09-18T10:59:06+00:00;20260918105906-eb01ae
ACETIFIASSIONS;delete;2026-09-18T10:59:06+00:00;20260918105906-eb01ae
ACETIFIERAIENT;delete;2026-09-18T10:59:06+00:00;20260918105906-eb01ae
ACETYLA;delete;2026-09-18T10:59:08+00:00;20260918105908-311fe7
ACETYLE;delete;2026-09-18T10:59:08+00:00;20260918105908-311fe7
ACETYLAI;delete;2026-09-18T10:59:08+00:00;20260918105908-311fe7
ACETYLAS;delete;2026-09-18T10:59:08+00:00;20260918105908-311fe7
ACETYLAT;delete;2026-09-18T10:59:08+00:00;20260918105908-311fe7
ACETYLEE;delete;2026-09-18T10:59:08+00:00;20260918105908-311fe7
ACETYLES;delete;2026-09-18T10:59:08+00:00;20260918105908-311fe7
ACETYLEZ;delete;2026-09-18T10:59:08+00:00;20260918105908-311fe7
ACETYLER;delete;2026-09-18T10:59:08+00:00;20260918105908-311fe7
ACETYLAIS;delete;2026-09-18T10:59:08+00:00;20260918105908-311fe7
ACETYLAIT;delete;2026-09-18T10:59:08+00:00;20260918105908-311fe7
ACETYLANT;delete;2026-09-18T10:59:08+00:00;20260918105908-311fe7
ACETYLEES;delete;2026-09-18T10:59:08+00:00;20260918105908-311fe7
ACETYLENT;delete;2026-09-18T10:59:08+00:00;20260918105908-311fe7
ACETYLERA;delete;2026-09-18T10:59:08+00:00;20260918105908-311fe7
ACETYLIEZ;delete;2026-09-18T10:59:08+00:00;20260918105908-311fe7
ACETYLONS;delete;2026-09-18T10:59:08+00:00;20260918105908-311fe7
ACETYLAMES;delete;2026-09-18T10:59:08+00:00;20260918105908-311fe7
ACETYLASSE;delete;2026-09-18T10:59:08+00:00;20260918105908-311fe7
ACETYLATES;delete;2026-09-18T10:59:08+00:00;20260918105908-311fe7
ACETYLERAI;delete;2026-09-18T10:59:08+00:00;20260918105908-311fe7
ACETYLERAS;delete;2026-09-18T10:59:08+00:00;20260918105908-311fe7
ACETYLEREZ;delete;2026-09-18T10:59:08+00:00;20260918105908-311fe7
ACETYLIONS;delete;2026-09-18T10:59:08+00:00;20260918105908-311fe7
ACETYLAIENT;delete;2026-09-18T10:59:08+00:00;20260918105908-311fe7
ACETYLASSES;delete;2026-09-18T10:59:08+00:00;20260918105908-311fe7
ACETYLERAIS;delete;2026-09-18T10:59:08+00:00;20260918105908-311fe7
ACETYLERAIT;delete;2026-09-18T10:59:08+00:00;20260918105908-311fe7
ACETYLERENT;delete;2026-09-18T10:59:08+00:00;20260918105908-311fe7
ACETYLERIEZ;delete;2026-09-18T10:59:08+00:00;20260918105908-311fe7
ACETYLERONS;delete;2026-09-18T10:59:08+00:00;20260918105908-311fe7
ACETYLERONT;delete;2026-09-18T10:59:08+00:00;20260918105908-311fe7
ACETYLASSENT;delete;2026-09-18T10:59:08+00:00;20260918105908-311fe7
ACETYLASSIEZ;delete;2026-09-18T10:59:08+00:00;20260918105908-311fe7
ACETYLERIONS;delete;2026-09-18T10:59:08+00:00;20260918105908-311fe7
ACETYLASSIONS;delete;2026-09-18T10:59:08+00:00;20260918105908-311fe7
ACETYLERAIENT;delete;2026-09-18T10:59:08+00:00;20260918105908-311fe7
ACHALANDA;keep;2026-09-18T10:59:09+00:00;20260918105909-76c7d5
ACHALANDAI;keep;2026-09-18T10:59:09+00:00;20260918105909-76c7d5
ACHALANDAS;keep;2026-09-18T10:59:09+00:00;20260918105909-76c7d5
ACHALANDAT;keep;2026-09-18T10:59:09+00:00;20260918105909-76c7d5
ACHALANDEZ;keep;2026-09-18T10:59:09+00:00;20260918105909-76c7d5
ACHALANDER;keep;2026-09-18T10:59:09+00:00;20260918105909-76c7d5
ACHALANDAIS;keep;2026-09-18T10:59:09+00:00;20260918105909-76c7d5
ACHALANDAIT;keep;2026-09-18T10:59:09+00:00;20260918105909-76c7d5
ACHALANDANT;keep;2026-09-18T10:59:09+00:00;20260918105909-76c7d5
ACHALANDENT;keep;2026-09-18T10:59:09+00:00;20260918105909-76c7d5
ACHALANDERA;keep;2026-09-18T10:59:09+00:00;20260918105909-76c7d5
ACHALANDIEZ;keep;2026-09-18T10:59:09+00:00;20260918105909-76c7d5
ACHALANDONS;keep;2026-09-18T10:59:09+00:00;20260918105909-76c7d5
ACHALANDAMES;keep;2026-09-18T10:59:09+00:00;20260918105909-76c7d5
ACHALANDASSE;keep;2026-09-18T10:59:09+00:00;20260918105909-76c7d5
ACHALANDATES;keep;2026-09-18T10:59:09+00:00;20260918105909-76c7d5
ACHALANDERAI;keep;2026-09-18T10:59:09+00:00;20260918105909-76c7d5
ACHALANDERAS;keep;2026-09-18T10:59:09+00:00;20260918105909-76c7d5
ACHALANDEREZ;keep;2026-09-18T10:59:09+00:00;20260918105909-76c7d5
ACHALANDIONS;keep;2026-09-18T10:59:09+00:00;20260918105909-76c7d5
ACHALANDASSES;keep;2026-09-18T10:59:09+00:00;20260918105909-76c7d5
ACHALANDERAIS;keep;2026-09-18T10:59:09+00:00;20260918105909-76c7d5
ACHALANDERAIT;keep;2026-09-18T10:59:09+00:00;20260918105909-76c7d5
ACHALANDERENT;keep;2026-09-18T10:59:09+00:00;20260918105909-76c7d5
ACHALANDERIEZ;keep;2026-09-18T10:59:09+00:00;20260918105909-76c7d5
ACHALANDERONS;keep;2026-09-18T10:59:09+00:00;20260918105909-76c7d5
ACHALANDERONT;keep;2026-09-18T10:59:09+00:00;20260918105909-76c7d5
ACHALANDAIENT;keep;2026-09-18T10:59:09+00:00;20260918105909-76c7d5
ACHALANDASSENT;keep;2026-09-18T10:59:09+00:00;20260918105909-76c7d5
ACHALANDASSIEZ;keep;2026-09-18T10:59:09+00:00;20260918105909-76c7d5
ACHALANDERIONS;keep;2026-09-18T10:59:09+00:00;20260918105909-76c7d5
ACHALANDASSIONS;keep;2026-09-18T10:59:09+00:00;20260918105909-76c7d5
ACHALANDERAIENT;keep;2026-09-18T10:59:09+00:00;20260918105909-76c7d5
ACHARNA;keep;2026-09-18T10:59:10+00:00;20260918105910-2dd048
ACHARNAS;keep;2026-09-18T10:59:10+00:00;20260918105910-2dd048
ACHARNAT;keep;2026-09-18T10:59:10+00:00;20260918105910-2dd048
ACHARNAI;keep;2026-09-18T10:59:10+00:00;20260918105910-2dd048
ACHARNEZ;keep;2026-09-18T10:59:10+00:00;20260918105910-2dd048
ACHARNER;keep;2026-09-18T10:59:10+00:00;20260918105910-2dd048
ACHARNES;keep;2026-09-18T10:59:10+00:00;20260918105910-2dd048
ACHARNIEZ;keep;2026-09-18T10:59:10+00:00;20260918105910-2dd048
ACHARNONS;keep;2026-09-18T10:59:10+00:00;20260918105910-2dd048
ACHARNERA;keep;2026-09-18T10:59:10+00:00;20260918105910-2dd048
ACHARNAIS;keep;2026-09-18T10:59:10+00:00;20260918105910-2dd048
ACHARNEES;keep;2026-09-18T10:59:10+00:00;20260918105910-2dd048
ACHARNENT;keep;2026-09-18T10:59:10+00:00;20260918105910-2dd048
ACHARNANT;keep;2026-09-18T10:59:10+00:00;20260918105910-2dd048
ACHARNAIT;keep;2026-09-18T10:59:10+00:00;20260918105910-2dd048
ACHARNAMES;keep;2026-09-18T10:59:10+00:00;20260918105910-2dd048
ACHARNASSE;keep;2026-09-18T10:59:10+00:00;20260918105910-2dd048
ACHARNATES;keep;2026-09-18T10:59:10+00:00;20260918105910-2dd048
ACHARNERAS;keep;2026-09-18T10:59:10+00:00;20260918105910-2dd048
ACHARNEREZ;keep;2026-09-18T10:59:10+00:00;20260918105910-2dd048
ACHARNIONS;keep;2026-09-18T10:59:10+00:00;20260918105910-2dd048
ACHARNERAI;keep;2026-09-18T10:59:10+00:00;20260918105910-2dd048
ACHARNASSES;keep;2026-09-18T10:59:10+00:00;20260918105910-2dd048
ACHARNERAIS;keep;2026-09-18T10:59:10+00:00;20260918105910-2dd048
ACHARNERIEZ;keep;2026-09-18T10:59:10+00:00;20260918105910-2dd048
ACHARNERONS;keep;2026-09-18T10:59:10+00:00;20260918105910-2dd048
ACHARNERONT;keep;2026-09-18T10:59:10+00:00;20260918105910-2dd048
ACHARNERAIT;keep;2026-09-18T10:59:10+00:00;20260918105910-2dd048
ACHARNERENT;keep;2026-09-18T10:59:10+00:00;20260918105910-2dd048
ACHARNAIENT;keep;2026-09-18T10:59:10+00:00;20260918105910-2dd048
ACHARNASSENT;keep;2026-09-18T10:59:10+00:00;20260918105910-2dd048
ACHARNASSIEZ;keep;2026-09-18T10:59:10+00:00;20260918105910-2dd048
ACHARNERIONS;keep;2026-09-18T10:59:10+00:00;20260918105910-2dd048
ACHARNASSIONS;keep;2026-09-18T10:59:10+00:00;20260918105910-2dd048
ACHARNERAIENT;keep;2026-09-18T10:59:10+00:00;20260918105910-2dd048
ACHEEN;delete;2026-09-18T10:59:12+00:00;20260918105912-ff9bb8
ACHEENS;delete;2026-09-18T10:59:12+00:00;20260918105912-ff9bb8
ACHEENNE;delete;2026-09-18T10:59:12+00:00;20260918105912-ff9bb8
ACHEENNES;delete;2026-09-18T10:59:12+00:00;20260918105912-ff9bb8
ACHEMINA;keep;2026-09-18T10:59:19+00:00;20260918105919-3a3f4b
ACHEMINE;keep;2026-09-18T10:59:19+00:00;20260918105919-3a3f4b
ACHEMINAS;keep;2026-09-18T10:59:19+00:00;20260918105919-3a3f4b
ACHEMINAT;keep;2026-09-18T10:59:19+00:00;20260918105919-3a3f4b
ACHEMINEZ;keep;2026-09-18T10:59:19+00:00;20260918105919-3a3f4b
ACHEMINAI;keep;2026-09-18T10:59:19+00:00;20260918105919-3a3f4b
ACHEMINEE;keep;2026-09-18T10:59:19+00:00;20260918105919-3a3f4b
ACHEMINES;keep;2026-09-18T10:59:19+00:00;20260918105919-3a3f4b
ACHEMINER;keep;2026-09-18T10:59:19+00:00;20260918105919-3a3f4b
ACHEMINAIS;keep;2026-09-18T10:59:19+00:00;20260918105919-3a3f4b
ACHEMINERA;keep;2026-09-18T10:59:19+00:00;20260918105919-3a3f4b
ACHEMINIEZ;keep;2026-09-18T10:59:19+00:00;20260918105919-3a3f4b
ACHEMINONS;keep;2026-09-18T10:59:19+00:00;20260918105919-3a3f4b
ACHEMINANT;keep;2026-09-18T10:59:19+00:00;20260918105919-3a3f4b
ACHEMINEES;keep;2026-09-18T10:59:19+00:00;20260918105919-3a3f4b
ACHEMINENT;keep;2026-09-18T10:59:19+00:00;20260918105919-3a3f4b
ACHEMINAIT;keep;2026-09-18T10:59:19+00:00;20260918105919-3a3f4b
ACHEMINASSE;keep;2026-09-18T10:59:19+00:00;20260918105919-3a3f4b
ACHEMINATES;keep;2026-09-18T10:59:19+00:00;20260918105919-3a3f4b
ACHEMINERAI;keep;2026-09-18T10:59:19+00:00;20260918105919-3a3f4b
ACHEMINERAS;keep;2026-09-18T10:59:19+00:00;20260918105919-3a3f4b
ACHEMINEREZ;keep;2026-09-18T10:59:19+00:00;20260918105919-3a3f4b
ACHEMINIONS;keep;2026-09-18T10:59:19+00:00;20260918105919-3a3f4b
ACHEMINAMES;keep;2026-09-18T10:59:19+00:00;20260918105919-3a3f4b
ACHEMINASSES;keep;2026-09-18T10:59:19+00:00;20260918105919-3a3f4b
ACHEMINERAIS;keep;2026-09-18T10:59:19+00:00;20260918105919-3a3f4b
ACHEMINERAIT;keep;2026-09-18T10:59:19+00:00;20260918105919-3a3f4b
ACHEMINERIEZ;keep;2026-09-18T10:59:19+00:00;20260918105919-3a3f4b
ACHEMINERONS;keep;2026-09-18T10:59:19+00:00;20260918105919-3a3f4b
ACHEMINERONT;keep;2026-09-18T10:59:19+00:00;20260918105919-3a3f4b
ACHEMINERENT;keep;2026-09-18T10:59:19+00:00;20260918105919-3a3f4b
ACHEMINAIENT;keep;2026-09-18T10:59:19+00:00;20260918105919-3a3f4b
ACHEMINASSENT;keep;2026-09-18T10:59:19+00:00;20260918105919-3a3f4b
ACHEMINASSIEZ;keep;2026-09-18T10:59:19+00:00;20260918105919-3a3f4b
ACHEMINERIONS;keep;2026-09-18T10:59:19+00:00;20260918105919-3a3f4b
ACHEMINASSIONS;keep;2026-09-18T10:59:19+00:00;20260918105919-3a3f4b
ACHEMINERAIENT;keep;2026-09-18T10:59:19+00:00;20260918105919-3a3f4b
ACHETAS;keep;2026-09-18T10:59:19+00:00;20260918105919-e1e623
ACHETAT;keep;2026-09-18T10:59:19+00:00;20260918105919-e1e623
ACHETAI;keep;2026-09-18T10:59:19+00:00;20260918105919-e1e623
ACHETIEZ;keep;2026-09-18T10:59:19+00:00;20260918105919-e1e623
ACHETONS;keep;2026-09-18T10:59:19+00:00;20260918105919-e1e623
ACHETANT;keep;2026-09-18T10:59:19+00:00;20260918105919-e1e623
ACHETAIS;keep;2026-09-18T10:59:19+00:00;20260918105919-e1e623
ACHETEES;keep;2026-09-18T10:59:19+00:00;20260918105919-e1e623
ACHETERA;keep;2026-09-18T10:59:19+00:00;20260918105919-e1e623
ACHETASSE;keep;2026-09-18T10:59:19+00:00;20260918105919-e1e623
ACHETATES;keep;2026-09-18T10:59:19+00:00;20260918105919-e1e623
ACHETAMES;keep;2026-09-18T10:59:19+00:00;20260918105919-e1e623
ACHETEREZ;keep;2026-09-18T10:59:19+00:00;20260918105919-e1e623
ACHETIONS;keep;2026-09-18T10:59:19+00:00;20260918105919-e1e623
ACHETERAS;keep;2026-09-18T10:59:19+00:00;20260918105919-e1e623
ACHETASSES;keep;2026-09-18T10:59:19+00:00;20260918105919-e1e623
ACHETERIEZ;keep;2026-09-18T10:59:19+00:00;20260918105919-e1e623
ACHETERONT;keep;2026-09-18T10:59:19+00:00;20260918105919-e1e623
ACHETERONS;keep;2026-09-18T10:59:19+00:00;20260918105919-e1e623
ACHETERENT;keep;2026-09-18T10:59:19+00:00;20260918105919-e1e623
ACHETERAIT;keep;2026-09-18T10:59:19+00:00;20260918105919-e1e623
ACHETERAIS;keep;2026-09-18T10:59:19+00:00;20260918105919-e1e623
ACHETAIENT;keep;2026-09-18T10:59:19+00:00;20260918105919-e1e623
ACHETASSIEZ;keep;2026-09-18T10:59:19+00:00;20260918105919-e1e623
ACHETASSENT;keep;2026-09-18T10:59:19+00:00;20260918105919-e1e623
ACHETERIONS;keep;2026-09-18T10:59:19+00:00;20260918105919-e1e623
ACHETASSIONS;keep;2026-09-18T10:59:19+00:00;20260918105919-e1e623
ACHETERAIENT;keep;2026-09-18T10:59:19+00:00;20260918105919-e1e623
ACHEVAS;keep;2026-09-18T10:59:21+00:00;20260918105921-ab652f
ACHEVAI;keep;2026-09-18T10:59:21+00:00;20260918105921-ab652f
ACHEVAT;keep;2026-09-18T10:59:21+00:00;20260918105921-ab652f
ACHEVEZ;keep;2026-09-18T10:59:21+00:00;20260918105921-ab652f
ACHEVIEZ;keep;2026-09-18T10:59:21+00:00;20260918105921-ab652f
ACHEVONS;keep;2026-09-18T10:59:21+00:00;20260918105921-ab652f
ACHEVAIS;keep;2026-09-18T10:59:21+00:00;20260918105921-ab652f
ACHEVERA;keep;2026-09-18T10:59:21+00:00;20260918105921-ab652f
ACHEVANT;keep;2026-09-18T10:59:21+00:00;20260918105921-ab652f
ACHEVENT;keep;2026-09-18T10:59:21+00:00;20260918105921-ab652f
ACHEVASSE;keep;2026-09-18T10:59:21+00:00;20260918105921-ab652f
ACHEVATES;keep;2026-09-18T10:59:21+00:00;20260918105921-ab652f
ACHEVERAS;keep;2026-09-18T10:59:21+00:00;20260918105921-ab652f
ACHEVEREZ;keep;2026-09-18T10:59:21+00:00;20260918105921-ab652f
ACHEVERAI;keep;2026-09-18T10:59:21+00:00;20260918105921-ab652f
ACHEVAMES;keep;2026-09-18T10:59:21+00:00;20260918105921-ab652f
ACHEVIONS;keep;2026-09-18T10:59:21+00:00;20260918105921-ab652f
ACHEVASSES;keep;2026-09-18T10:59:21+00:00;20260918105921-ab652f
ACHEVERAIS;keep;2026-09-18T10:59:21+00:00;20260918105921-ab652f
ACHEVERIEZ;keep;2026-09-18T10:59:21+00:00;20260918105921-ab652f
ACHEVERONS;keep;2026-09-18T10:59:21+00:00;20260918105921-ab652f
ACHEVERONT;keep;2026-09-18T10:59:21+00:00;20260918105921-ab652f
ACHEVERAIT;keep;2026-09-18T10:59:21+00:00;20260918105921-ab652f
ACHEVERENT;keep;2026-09-18T10:59:21+00:00;20260918105921-ab652f
ACHEVAIENT;keep;2026-09-18T10:59:21+00:00;20260918105921-ab652f
ACHEVASSENT;keep;2026-09-18T10:59:21+00:00;20260918105921-ab652f
ACHEVASSIEZ;keep;2026-09-18T10:59:21+00:00;20260918105921-ab652f
ACHEVERIONS;keep;2026-09-18T10:59:21+00:00;20260918105921-ab652f
ACHEVASSIONS;keep;2026-09-18T10:59:21+00:00;20260918105921-ab652f
ACHEVERAIENT;keep;2026-09-18T10:59:21+00:00;20260918105921-ab652f
ACHOPPA;delete;2026-09-18T10:59:26+00:00;20260918105926-efc591
ACHOPPE;delete;2026-09-18T10:59:26+00:00;20260918105926-efc591
ACHOPPAS;delete;2026-09-18T10:59:26+00:00;20260918105926-efc591
ACHOPPAT;delete;2026-09-18T10:59:26+00:00;20260918105926-efc591
ACHOPPES;delete;2026-09-18T10:59:26+00:00;20260918105926-efc591
ACHOPPEZ;delete;2026-09-18T10:59:26+00:00;20260918105926-efc591
ACHOPPER;delete;2026-09-18T10:59:26+00:00;20260918105926-efc591
ACHOPPAI;delete;2026-09-18T10:59:26+00:00;20260918105926-efc591
ACHOPPANT;delete;2026-09-18T10:59:26+00:00;20260918105926-efc591
ACHOPPENT;delete;2026-09-18T10:59:26+00:00;20260918105926-efc591
ACHOPPERA;delete;2026-09-18T10:59:26+00:00;20260918105926-efc591
ACHOPPIEZ;delete;2026-09-18T10:59:26+00:00;20260918105926-efc591
ACHOPPONS;delete;2026-09-18T10:59:26+00:00;20260918105926-efc591
ACHOPPAIT;delete;2026-09-18T10:59:26+00:00;20260918105926-efc591
ACHOPPAIS;delete;2026-09-18T10:59:26+00:00;20260918105926-efc591
ACHOPPAMES;delete;2026-09-18T10:59:26+00:00;20260918105926-efc591
ACHOPPASSE;delete;2026-09-18T10:59:26+00:00;20260918105926-efc591
ACHOPPATES;delete;2026-09-18T10:59:26+00:00;20260918105926-efc591
ACHOPPERAI;delete;2026-09-18T10:59:26+00:00;20260918105926-efc591
ACHOPPERAS;delete;2026-09-18T10:59:26+00:00;20260918105926-efc591
ACHOPPEREZ;delete;2026-09-18T10:59:26+00:00;20260918105926-efc591
ACHOPPIONS;delete;2026-09-18T10:59:26+00:00;20260918105926-efc591
ACHOPPASSES;delete;2026-09-18T10:59:26+00:00;20260918105926-efc591
ACHOPPERAIS;delete;2026-09-18T10:59:26+00:00;20260918105926-efc591
ACHOPPERAIT;delete;2026-09-18T10:59:26+00:00;20260918105926-efc591
ACHOPPERENT;delete;2026-09-18T10:59:26+00:00;20260918105926-efc591
ACHOPPERIEZ;delete;2026-09-18T10:59:26+00:00;20260918105926-efc591
ACHOPPERONS;delete;2026-09-18T10:59:26+00:00;20260918105926-efc591
ACHOPPERONT;delete;2026-09-18T10:59:26+00:00;20260918105926-efc591
ACHOPPAIENT;delete;2026-09-18T10:59:26+00:00;20260918105926-efc591
ACHOPPASSENT;delete;2026-09-18T10:59:26+00:00;20260918105926-efc591
ACHOPPASSIEZ;delete;2026-09-18T10:59:26+00:00;20260918105926-efc591
ACHOPPERIONS;delete;2026-09-18T10:59:26+00:00;20260918105926-efc591
ACHOPPASSIONS;delete;2026-09-18T10:59:26+00:00;20260918105926-efc591
ACHOPPERAIENT;delete;2026-09-18T10:59:26+00:00;20260918105926-efc591
ACIDIFIA;keep;2026-09-18T10:59:48+00:00;20260918105948-44d855
ACIDIFIE;keep;2026-09-18T10:59:48+00:00;20260918105948-44d855
ACIDIFIAI;keep;2026-09-18T10:59:48+00:00;20260918105948-44d855
ACIDIFIAS;keep;2026-09-18T10:59:48+00:00;20260918105948-44d855
ACIDIFIAT;keep;2026-09-18T10:59:48+00:00;20260918105948-44d855
ACIDIFIEE;keep;2026-09-18T10:59:48+00:00;20260918105948-44d855
ACIDIFIES;keep;2026-09-18T10:59:48+00:00;20260918105948-44d855
ACIDIFIEZ;keep;2026-09-18T10:59:48+00:00;20260918105948-44d855
ACIDIFIER;keep;2026-09-18T10:59:48+00:00;20260918105948-44d855
ACIDIFIAIS;keep;2026-09-18T10:59:48+00:00;20260918105948-44d855
ACIDIFIAIT;keep;2026-09-18T10:59:48+00:00;20260918105948-44d855
ACIDIFIEES;keep;2026-09-18T10:59:48+00:00;20260918105948-44d855
ACIDIFIENT;keep;2026-09-18T10:59:48+00:00;20260918105948-44d855
ACIDIFIERA;keep;2026-09-18T10:59:48+00:00;20260918105948-44d855
ACIDIFIIEZ;keep;2026-09-18T10:59:48+00:00;20260918105948-44d855
ACIDIFIONS;keep;2026-09-18T10:59:48+00:00;20260918105948-44d855
ACIDIFIANT;keep;2026-09-18T10:59:48+00:00;20260918105948-44d855
ACIDIFIAMES;keep;2026-09-18T10:59:48+00:00;20260918105948-44d855
ACIDIFIASSE;keep;2026-09-18T10:59:48+00:00;20260918105948-44d855
ACIDIFIATES;keep;2026-09-18T10:59:48+00:00;20260918105948-44d855
ACIDIFIERAI;keep;2026-09-18T10:59:48+00:00;20260918105948-44d855
ACIDIFIERAS;keep;2026-09-18T10:59:48+00:00;20260918105948-44d855
ACIDIFIEREZ;keep;2026-09-18T10:59:48+00:00;20260918105948-44d855
ACIDIFIIONS;keep;2026-09-18T10:59:48+00:00;20260918105948-44d855
ACIDIFIAIENT;keep;2026-09-18T10:59:48+00:00;20260918105948-44d855
ACIDIFIASSES;keep;2026-09-18T10:59:48+00:00;20260918105948-44d855
ACIDIFIERAIS;keep;2026-09-18T10:59:48+00:00;20260918105948-44d855
ACIDIFIERAIT;keep;2026-09-18T10:59:48+00:00;20260918105948-44d855
ACIDIFIERENT;keep;2026-09-18T10:59:48+00:00;20260918105948-44d855
ACIDIFIERIEZ;keep;2026-09-18T10:59:48+00:00;20260918105948-44d855
ACIDIFIERONS;keep;2026-09-18T10:59:48+00:00;20260918105948-44d855
ACIDIFIERONT;keep;2026-09-18T10:59:48+00:00;20260918105948-44d855
ACIDIFIASSENT;keep;2026-09-18T10:59:48+00:00;20260918105948-44d855
ACIDIFIASSIEZ;keep;2026-09-18T10:59:48+00:00;20260918105948-44d855
ACIDIFIERIONS;keep;2026-09-18T10:59:48+00:00;20260918105948-44d855
ACIDIFIASSIONS;keep;2026-09-18T10:59:48+00:00;20260918105948-44d855
ACIDIFIERAIENT;keep;2026-09-18T10:59:48+00:00;20260918105948-44d855
ACIDULA;keep;2026-09-18T10:59:49+00:00;20260918105949-033044
ACIDULAI;keep;2026-09-18T10:59:49+00:00;20260918105949-033044
ACIDULAS;keep;2026-09-18T10:59:49+00:00;20260918105949-033044
ACIDULAT;keep;2026-09-18T10:59:49+00:00;20260918105949-033044
ACIDULEZ;keep;2026-09-18T10:59:49+00:00;20260918105949-033044
ACIDULER;keep;2026-09-18T10:59:49+00:00;20260918105949-033044
ACIDULAIS;keep;2026-09-18T10:59:49+00:00;20260918105949-033044
ACIDULAIT;keep;2026-09-18T10:59:49+00:00;20260918105949-033044
ACIDULANT;keep;2026-09-18T10:59:49+00:00;20260918105949-033044
ACIDULENT;keep;2026-09-18T10:59:49+00:00;20260918105949-033044
ACIDULERA;keep;2026-09-18T10:59:49+00:00;20260918105949-033044
ACIDULIEZ;keep;2026-09-18T10:59:49+00:00;20260918105949-033044
ACIDULONS;keep;2026-09-18T10:59:49+00:00;20260918105949-033044
ACIDULAMES;keep;2026-09-18T10:59:49+00:00;20260918105949-033044
ACIDULASSE;keep;2026-09-18T10:59:49+00:00;20260918105949-033044
ACIDULATES;keep;2026-09-18T10:59:49+00:00;20260918105949-033044
ACIDULERAI;keep;2026-09-18T10:59:49+00:00;20260918105949-033044
ACIDULERAS;keep;2026-09-18T10:59:49+00:00;20260918105949-033044
ACIDULEREZ;keep;2026-09-18T10:59:49+00:00;20260918105949-033044
ACIDULIONS;keep;2026-09-18T10:59:49+00:00;20260918105949-033044
ACIDULAIENT;keep;2026-09-18T10:59:49+00:00;20260918105949-033044
ACIDULASSES;keep;2026-09-18T10:59:49+00:00;20260918105949-033044
ACIDULERAIS;keep;2026-09-18T10:59:49+00:00;20260918105949-033044
ACIDULERAIT;keep;2026-09-18T10:59:49+00:00;20260918105949-033044
ACIDULERENT;keep;2026-09-18T10:59:49+00:00;20260918105949-033044
ACIDULERIEZ;keep;2026-09-18T10:59:49+00:00;20260918105949-033044
ACIDULERONS;keep;2026-09-18T10:59:49+00:00;20260918105949-033044
ACIDULERONT;keep;2026-09-18T10:59:49+00:00;20260918105949-033044
ACIDULASSENT;keep;2026-09-18T10:59:49+00:00;20260918105949-033044
ACIDULASSIEZ;keep;2026-09-18T10:59:49+00:00;20260918105949-033044
ACIDULERIONS;keep;2026-09-18T10:59:49+00:00;20260918105949-033044
ACIDULASSIONS;keep;2026-09-18T10:59:49+00:00;20260918105949-033044
ACIDULERAIENT;keep;2026-09-18T10:59:49+00:00;20260918105949-033044
ACIERA;keep;2026-09-18T11:09:23+00:00;20260918110923-b625bb
ACIERE;keep;2026-09-18T11:09:23+00:00;20260918110923-b625bb
ACIERAI;keep;2026-09-18T11:09:23+00:00;20260918110923-b625bb
ACIERAS;keep;2026-09-18T11:09:23+00:00;20260918110923-b625bb
ACIERAT;keep;2026-09-18T11:09:23+00:00;20260918110923-b625bb
ACIEREE;keep;2026-09-18T11:09:23+00:00;20260918110923-b625bb
ACIERES;keep;2026-09-18T11:09:23+00:00;20260918110923-b625bb
ACIEREZ;keep;2026-09-18T11:09:23+00:00;20260918110923-b625bb
ACIERER;keep;2026-09-18T11:09:23+00:00;20260918110923-b625bb
ACIERAIS;keep;2026-09-18T11:09:23+00:00;20260918110923-b625bb
ACIERAIT;keep;2026-09-18T11:09:23+00:00;20260918110923-b625bb
ACIERANT;keep;2026-09-18T11:09:23+00:00;20260918110923-b625bb
ACIEREES;keep;2026-09-18T11:09:23+00:00;20260918110923-b625bb
ACIERENT;keep;2026-09-18T11:09:23+00:00;20260918110923-b625bb
ACIERERA;keep;2026-09-18T11:09:23+00:00;20260918110923-b625bb
ACIERIEZ;keep;2026-09-18T11:09:23+00:00;20260918110923-b625bb
ACIERONS;keep;2026-09-18T11:09:23+00:00;20260918110923-b625bb
ACIERAMES;keep;2026-09-18T11:09:23+00:00;20260918110923-b625bb
ACIERASSE;keep;2026-09-18T11:09:23+00:00;20260918110923-b625bb
ACIERATES;keep;2026-09-18T11:09:23+00:00;20260918110923-b625bb
ACIERERAI;keep;2026-09-18T11:09:23+00:00;20260918110923-b625bb
ACIERERAS;keep;2026-09-18T11:09:23+00:00;20260918110923-b625bb
ACIEREREZ;keep;2026-09-18T11:09:23+00:00;20260918110923-b625bb
ACIERIONS;keep;2026-09-18T11:09:23+00:00;20260918110923-b625bb
ACIERAIENT;keep;2026-09-18T11:09:23+00:00;20260918110923-b625bb
ACIERASSES;keep;2026-09-18T11:09:23+00:00;20260918110923-b625bb
ACIERERAIS;keep;2026-09-18T11:09:23+00:00;20260918110923-b625bb
ACIERERAIT;keep;2026-09-18T11:09:23+00:00;20260918110923-b625bb
ACIERERENT;keep;2026-09-18T11:09:23+00:00;20260918110923-b625bb
ACIERERIEZ;keep;2026-09-18T11:09:23+00:00;20260918110923-b625bb
ACIERERONS;keep;2026-09-18T11:09:23+00:00;20260918110923-b625bb
ACIERERONT;keep;2026-09-18T11:09:23+00:00;20260918110923-b625bb
ACIERASSENT;keep;2026-09-18T11:09:23+00:00;20260918110923-b625bb
ACIERASSIEZ;keep;2026-09-18T11:09:23+00:00;20260918110923-b625bb
ACIERERIONS;keep;2026-09-18T11:09:23+00:00;20260918110923-b625bb
ACIERASSIONS;keep;2026-09-18T11:09:23+00:00;20260918110923-b625bb
ACIERERAIENT;keep;2026-09-18T11:09:23+00:00;20260918110923-b625bb
ACIEREUX;delete;2026-09-18T11:09:26+00:00;20260918110926-93b5c4
ACIEREUSE;delete;2026-09-18T11:09:26+00:00;20260918110926-93b5c4
ACIEREUSES;delete;2026-09-18T11:09:26+00:00;20260918110926-93b5c4
ACIERISA;delete;2026-09-18T11:09:28+00:00;20260918110928-6d2571
ACIERISE;delete;2026-09-18T11:09:28+00:00;20260918110928-6d2571
ACIERISAI;delete;2026-09-18T11:09:28+00:00;20260918110928-6d2571
ACIERISAS;delete;2026-09-18T11:09:28+00:00;20260918110928-6d2571
ACIERISAT;delete;2026-09-18T11:09:28+00:00;20260918110928-6d2571
ACIERISEE;delete;2026-09-18T11:09:28+00:00;20260918110928-6d2571
ACIERISES;delete;2026-09-18T11:09:28+00:00;20260918110928-6d2571
ACIERISEZ;delete;2026-09-18T11:09:28+00:00;20260918110928-6d2571
ACIERISER;delete;2026-09-18T11:09:28+00:00;20260918110928-6d2571
ACIERISAIS;delete;2026-09-18T11:09:28+00:00;20260918110928-6d2571
ACIERISAIT;delete;2026-09-18T11:09:28+00:00;20260918110928-6d2571
ACIERISANT;delete;2026-09-18T11:09:28+00:00;20260918110928-6d2571
ACIERISEES;delete;2026-09-18T11:09:28+00:00;20260918110928-6d2571
ACIERISENT;delete;2026-09-18T11:09:28+00:00;20260918110928-6d2571
ACIERISERA;delete;2026-09-18T11:09:28+00:00;20260918110928-6d2571
ACIERISIEZ;delete;2026-09-18T11:09:28+00:00;20260918110928-6d2571
ACIERISONS;delete;2026-09-18T11:09:28+00:00;20260918110928-6d2571
ACIERISAMES;delete;2026-09-18T11:09:28+00:00;20260918110928-6d2571
ACIERISASSE;delete;2026-09-18T11:09:28+00:00;20260918110928-6d2571
ACIERISATES;delete;2026-09-18T11:09:28+00:00;20260918110928-6d2571
ACIERISERAI;delete;2026-09-18T11:09:28+00:00;20260918110928-6d2571
ACIERISERAS;delete;2026-09-18T11:09:28+00:00;20260918110928-6d2571
ACIERISEREZ;delete;2026-09-18T11:09:28+00:00;20260918110928-6d2571
ACIERISIONS;delete;2026-09-18T11:09:28+00:00;20260918110928-6d2571
ACIERISAIENT;delete;2026-09-18T11:09:28+00:00;20260918110928-6d2571
ACIERISASSES;delete;2026-09-18T11:09:28+00:00;20260918110928-6d2571
ACIERISERAIS;delete;2026-09-18T11:09:28+00:00;20260918110928-6d2571
ACIERISERAIT;delete;2026-09-18T11:09:28+00:00;20260918110928-6d2571
ACIERISERENT;delete;2026-09-18T11:09:28+00:00;20260918110928-6d2571
ACIERISERIEZ;delete;2026-09-18T11:09:28+00:00;20260918110928-6d2571
ACIERISERONS;delete;2026-09-18T11:09:28+00:00;20260918110928-6d2571
ACIERISERONT;delete;2026-09-18T11:09:28+00:00;20260918110928-6d2571
ACIERISASSENT;delete;2026-09-18T11:09:28+00:00;20260918110928-6d2571
ACIERISASSIEZ;delete;2026-09-18T11:09:28+00:00;20260918110928-6d2571
ACIERISERIONS;delete;2026-09-18T11:09:28+00:00;20260918110928-6d2571
ACIERISASSIONS;delete;2026-09-18T11:09:28+00:00;20260918110928-6d2571
ACIERISERAIENT;delete;2026-09-18T11:09:28+00:00;20260918110928-6d2571
ACINEUX;delete;2026-09-18T11:09:29+00:00;20260918110929-4f3b79
ACINEUSE;delete;2026-09-18T11:09:29+00:00;20260918110929-4f3b79
ACINEUSES;delete;2026-09-18T11:09:29+00:00;20260918110929-4f3b79
ACISELA;delete;2026-09-18T11:09:33+00:00;20260918110933-18dd9d
ACISELE;delete;2026-09-18T11:09:33+00:00;20260918110933-18dd9d
ACISELAI;delete;2026-09-18T11:09:33+00:00;20260918110933-18dd9d
ACISELAS;delete;2026-09-18T11:09:33+00:00;20260918110933-18dd9d
ACISELAT;delete;2026-09-18T11:09:33+00:00;20260918110933-18dd9d
ACISELEE;delete;2026-09-18T11:09:33+00:00;20260918110933-18dd9d
ACISELES;delete;2026-09-18T11:09:33+00:00;20260918110933-18dd9d
ACISELEZ;delete;2026-09-18T11:09:33+00:00;20260918110933-18dd9d
ACISELER;delete;2026-09-18T11:09:33+00:00;20260918110933-18dd9d
ACISELAIS;delete;2026-09-18T11:09:33+00:00;20260918110933-18dd9d
ACISELAIT;delete;2026-09-18T11:09:33+00:00;20260918110933-18dd9d
ACISELANT;delete;2026-09-18T11:09:33+00:00;20260918110933-18dd9d
ACISELEES;delete;2026-09-18T11:09:33+00:00;20260918110933-18dd9d
ACISELENT;delete;2026-09-18T11:09:33+00:00;20260918110933-18dd9d
ACISELERA;delete;2026-09-18T11:09:33+00:00;20260918110933-18dd9d
ACISELIEZ;delete;2026-09-18T11:09:33+00:00;20260918110933-18dd9d
ACISELONS;delete;2026-09-18T11:09:33+00:00;20260918110933-18dd9d
ACISELAMES;delete;2026-09-18T11:09:33+00:00;20260918110933-18dd9d
ACISELASSE;delete;2026-09-18T11:09:33+00:00;20260918110933-18dd9d
ACISELATES;delete;2026-09-18T11:09:33+00:00;20260918110933-18dd9d
ACISELERAI;delete;2026-09-18T11:09:33+00:00;20260918110933-18dd9d
ACISELERAS;delete;2026-09-18T11:09:33+00:00;20260918110933-18dd9d
ACISELEREZ;delete;2026-09-18T11:09:33+00:00;20260918110933-18dd9d
ACISELIONS;delete;2026-09-18T11:09:33+00:00;20260918110933-18dd9d
ACISELAIENT;delete;2026-09-18T11:09:33+00:00;20260918110933-18dd9d
ACISELASSES;delete;2026-09-18T11:09:33+00:00;20260918110933-18dd9d
ACISELERAIS;delete;2026-09-18T11:09:33+00:00;20260918110933-18dd9d
ACISELERAIT;delete;2026-09-18T11:09:33+00:00;20260918110933-18dd9d
ACISELERENT;delete;2026-09-18T11:09:33+00:00;20260918110933-18dd9d
ACISELERIEZ;delete;2026-09-18T11:09:33+00:00;20260918110933-18dd9d
ACISELERONS;delete;2026-09-18T11:09:33+00:00;20260918110933-18dd9d
ACISELERONT;delete;2026-09-18T11:09:33+00:00;20260918110933-18dd9d
ACISELASSENT;delete;2026-09-18T11:09:33+00:00;20260918110933-18dd9d
ACISELASSIEZ;delete;2026-09-18T11:09:33+00:00;20260918110933-18dd9d
ACISELERIONS;delete;2026-09-18T11:09:33+00:00;20260918110933-18dd9d
ACISELASSIONS;delete;2026-09-18T11:09:33+00:00;20260918110933-18dd9d
ACISELERAIENT;delete;2026-09-18T11:09:33+00:00;20260918110933-18dd9d
ACLINAL;keep;2026-09-18T11:09:36+00:00;20260918110936-2aa67a
ACLINALE;keep;2026-09-18T11:09:36+00:00;20260918110936-2aa67a
ACLINAUX;keep;2026-09-18T11:09:36+00:00;20260918110936-2aa67a
ACLINALES;keep;2026-09-18T11:09:36+00:00;20260918110936-2aa67a
ACLINAL;undo;2026-09-18T11:09:38+00:00;20260918110936-2aa67a
ACLINALE;undo;2026-09-18T11:09:38+00:00;20260918110936-2aa67a
ACLINAUX;undo;2026-09-18T11:09:38+00:00;20260918110936-2aa67a
ACLINALES;undo;2026-09-18T11:09:38+00:00;20260918110936-2aa67a
ACLINAL;delete;2026-09-18T11:09:43+00:00;20260918110943-6f2987
ACLINALE;delete;2026-09-18T11:09:43+00:00;20260918110943-6f2987
ACLINAUX;delete;2026-09-18T11:09:43+00:00;20260918110943-6f2987
ACLINALES;delete;2026-09-18T11:09:43+00:00;20260918110943-6f2987
ACLIQUA;delete;2026-09-18T11:09:47+00:00;20260918110947-0a2f6b
ACLIQUE;delete;2026-09-18T11:09:47+00:00;20260918110947-0a2f6b
ACLIQUAI;delete;2026-09-18T11:09:47+00:00;20260918110947-0a2f6b
ACLIQUAS;delete;2026-09-18T11:09:47+00:00;20260918110947-0a2f6b
ACLIQUAT;delete;2026-09-18T11:09:47+00:00;20260918110947-0a2f6b
ACLIQUEE;delete;2026-09-18T11:09:47+00:00;20260918110947-0a2f6b
ACLIQUES;delete;2026-09-18T11:09:47+00:00;20260918110947-0a2f6b
ACLIQUEZ;delete;2026-09-18T11:09:47+00:00;20260918110947-0a2f6b
ACLIQUER;delete;2026-09-18T11:09:47+00:00;20260918110947-0a2f6b
ACLIQUAIS;delete;2026-09-18T11:09:47+00:00;20260918110947-0a2f6b
ACLIQUAIT;delete;2026-09-18T11:09:47+00:00;20260918110947-0a2f6b
ACLIQUANT;delete;2026-09-18T11:09:47+00:00;20260918110947-0a2f6b
ACLIQUEES;delete;2026-09-18T11:09:47+00:00;20260918110947-0a2f6b
ACLIQUENT;delete;2026-09-18T11:09:47+00:00;20260918110947-0a2f6b
ACLIQUERA;delete;2026-09-18T11:09:47+00:00;20260918110947-0a2f6b
ACLIQUIEZ;delete;2026-09-18T11:09:47+00:00;20260918110947-0a2f6b
ACLIQUONS;delete;2026-09-18T11:09:47+00:00;20260918110947-0a2f6b
ACLIQUAMES;delete;2026-09-18T11:09:47+00:00;20260918110947-0a2f6b
ACLIQUASSE;delete;2026-09-18T11:09:47+00:00;20260918110947-0a2f6b
ACLIQUATES;delete;2026-09-18T11:09:47+00:00;20260918110947-0a2f6b
ACLIQUERAI;delete;2026-09-18T11:09:47+00:00;20260918110947-0a2f6b
ACLIQUERAS;delete;2026-09-18T11:09:47+00:00;20260918110947-0a2f6b
ACLIQUEREZ;delete;2026-09-18T11:09:47+00:00;20260918110947-0a2f6b
ACLIQUIONS;delete;2026-09-18T11:09:47+00:00;20260918110947-0a2f6b
ACLIQUAIENT;delete;2026-09-18T11:09:47+00:00;20260918110947-0a2f6b
ACLIQUASSES;delete;2026-09-18T11:09:47+00:00;20260918110947-0a2f6b
ACLIQUERAIS;delete;2026-09-18T11:09:47+00:00;20260918110947-0a2f6b
ACLIQUERAIT;delete;2026-09-18T11:09:47+00:00;20260918110947-0a2f6b
ACLIQUERENT;delete;2026-09-18T11:09:47+00:00;20260918110947-0a2f6b
ACLIQUERIEZ;delete;2026-09-18T11:09:47+00:00;20260918110947-0a2f6b
ACLIQUERONS;delete;2026-09-18T11:09:47+00:00;20260918110947-0a2f6b
ACLIQUERONT;delete;2026-09-18T11:09:47+00:00;20260918110947-0a2f6b
ACLIQUASSENT;delete;2026-09-18T11:09:47+00:00;20260918110947-0a2f6b
ACLIQUASSIEZ;delete;2026-09-18T11:09:47+00:00;20260918110947-0a2f6b
ACLIQUERIONS;delete;2026-09-18T11:09:47+00:00;20260918110947-0a2f6b
ACLIQUASSIONS;delete;2026-09-18T11:09:47+00:00;20260918110947-0a2f6b
ACLIQUERAIENT;delete;2026-09-18T11:09:47+00:00;20260918110947-0a2f6b
ACNODAL;delete;2026-09-18T11:09:49+00:00;20260918110949-f3594e
ACNODALE;delete;2026-09-18T11:09:49+00:00;20260918110949-f3594e
ACNODAUX;delete;2026-09-18T11:09:49+00:00;20260918110949-f3594e
ACNODALES;delete;2026-09-18T11:09:49+00:00;20260918110949-f3594e
ACONIER;delete;2026-09-18T11:09:51+00:00;20260918110951-3ee98e
ACONIERE;delete;2026-09-18T11:09:51+00:00;20260918110951-3ee98e
ACONIERS;delete;2026-09-18T11:09:51+00:00;20260918110951-3ee98e
ACONIERES;delete;2026-09-18T11:09:51+00:00;20260918110951-3ee98e
ACOQUINA;delete;2026-09-18T11:09:56+00:00;20260918110956-10890f
ACOQUINE;delete;2026-09-18T11:09:56+00:00;20260918110956-10890f
ACOQUINAI;delete;2026-09-18T11:09:56+00:00;20260918110956-10890f
ACOQUINAS;delete;2026-09-18T11:09:56+00:00;20260918110956-10890f
ACOQUINAT;delete;2026-09-18T11:09:56+00:00;20260918110956-10890f
ACOQUINEZ;delete;2026-09-18T11:09:56+00:00;20260918110956-10890f
ACOQUINEE;delete;2026-09-18T11:09:56+00:00;20260918110956-10890f
ACOQUINES;delete;2026-09-18T11:09:56+00:00;20260918110956-10890f
ACOQUINER;delete;2026-09-18T11:09:56+00:00;20260918110956-10890f
ACOQUINAIS;delete;2026-09-18T11:09:56+00:00;20260918110956-10890f
ACOQUINAIT;delete;2026-09-18T11:09:56+00:00;20260918110956-10890f
ACOQUINEES;delete;2026-09-18T11:09:56+00:00;20260918110956-10890f
ACOQUINENT;delete;2026-09-18T11:09:56+00:00;20260918110956-10890f
ACOQUINERA;delete;2026-09-18T11:09:56+00:00;20260918110956-10890f
ACOQUINIEZ;delete;2026-09-18T11:09:56+00:00;20260918110956-10890f
ACOQUINONS;delete;2026-09-18T11:09:56+00:00;20260918110956-10890f
ACOQUINANT;delete;2026-09-18T11:09:56+00:00;20260918110956-10890f
ACOQUINAMES;delete;2026-09-18T11:09:56+00:00;20260918110956-10890f
ACOQUINASSE;delete;2026-09-18T11:09:56+00:00;20260918110956-10890f
ACOQUINATES;delete;2026-09-18T11:09:56+00:00;20260918110956-10890f
ACOQUINERAI;delete;2026-09-18T11:09:56+00:00;20260918110956-10890f
ACOQUINERAS;delete;2026-09-18T11:09:56+00:00;20260918110956-10890f
ACOQUINEREZ;delete;2026-09-18T11:09:56+00:00;20260918110956-10890f
ACOQUINIONS;delete;2026-09-18T11:09:56+00:00;20260918110956-10890f
ACOQUINAIENT;delete;2026-09-18T11:09:56+00:00;20260918110956-10890f
ACOQUINASSES;delete;2026-09-18T11:09:56+00:00;20260918110956-10890f
ACOQUINERAIS;delete;2026-09-18T11:09:56+00:00;20260918110956-10890f
ACOQUINERAIT;delete;2026-09-18T11:09:56+00:00;20260918110956-10890f
ACOQUINERENT;delete;2026-09-18T11:09:56+00:00;20260918110956-10890f
ACOQUINERIEZ;delete;2026-09-18T11:09:56+00:00;20260918110956-10890f
ACOQUINERONS;delete;2026-09-18T11:09:56+00:00;20260918110956-10890f
ACOQUINERONT;delete;2026-09-18T11:09:56+00:00;20260918110956-10890f
ACOQUINASSENT;delete;2026-09-18T11:09:56+00:00;20260918110956-10890f
ACOQUINASSIEZ;delete;2026-09-18T11:09:56+00:00;20260918110956-10890f
ACOQUINERIONS;delete;2026-09-18T11:09:56+00:00;20260918110956-10890f
ACOQUINASSIONS;delete;2026-09-18T11:09:56+00:00;20260918110956-10890f
ACOQUINERAIENT;delete;2026-09-18T11:09:56+00:00;20260918110956-10890f
ACQUEREZ;keep;2026-09-18T11:10:00+00:00;20260918111000-5ff097
ACQUIMES;keep;2026-09-18T11:10:00+00:00;20260918111000-5ff097
ACQUISSE;keep;2026-09-18T11:10:00+00:00;20260918111000-5ff097
ACQUITES;keep;2026-09-18T11:10:00+00:00;20260918111000-5ff097
ACQUERRA;keep;2026-09-18T11:10:00+00:00;20260918111000-5ff097
ACQUIERS;keep;2026-09-18T11:10:00+00:00;20260918111000-5ff097
ACQUIERE;keep;2026-09-18T11:10:00+00:00;20260918111000-5ff097
ACQUIERT;keep;2026-09-18T11:10:00+00:00;20260918111000-5ff097
ACQUERIEZ;keep;2026-09-18T11:10:00+00:00;20260918111000-5ff097
ACQUERRAS;keep;2026-09-18T11:10:00+00:00;20260918111000-5ff097
ACQUERREZ;keep;2026-09-18T11:10:00+00:00;20260918111000-5ff097
ACQUIERES;keep;2026-09-18T11:10:00+00:00;20260918111000-5ff097
ACQUISSES;keep;2026-09-18T11:10:00+00:00;20260918111000-5ff097
ACQUERONS;keep;2026-09-18T11:10:00+00:00;20260918111000-5ff097
ACQUERRAI;keep;2026-09-18T11:10:00+00:00;20260918111000-5ff097
ACQUIRENT;keep;2026-09-18T11:10:00+00:00;20260918111000-5ff097
ACQUERANT;keep;2026-09-18T11:10:00+00:00;20260918111000-5ff097
ACQUERAIS;keep;2026-09-18T11:10:00+00:00;20260918111000-5ff097
ACQUERAIT;keep;2026-09-18T11:10:00+00:00;20260918111000-5ff097
ACQUERRAIS;keep;2026-09-18T11:10:00+00:00;20260918111000-5ff097
ACQUERRAIT;keep;2026-09-18T11:10:00+00:00;20260918111000-5ff097
ACQUERRIEZ;keep;2026-09-18T11:10:00+00:00;20260918111000-5ff097
ACQUERRONS;keep;2026-09-18T11:10:00+00:00;20260918111000-5ff097
ACQUISSENT;keep;2026-09-18T11:10:00+00:00;20260918111000-5ff097
ACQUISSIEZ;keep;2026-09-18T11:10:00+00:00;20260918111000-5ff097
ACQUERIONS;keep;2026-09-18T11:10:00+00:00;20260918111000-5ff097
ACQUERRONT;keep;2026-09-18T11:10:00+00:00;20260918111000-5ff097
ACQUIERENT;keep;2026-09-18T11:10:00+00:00;20260918111000-5ff097
ACQUERRIONS;keep;2026-09-18T11:10:00+00:00;20260918111000-5ff097
ACQUISSIONS;keep;2026-09-18T11:10:00+00:00;20260918111000-5ff097
ACQUERAIENT;keep;2026-09-18T11:10:00+00:00;20260918111000-5ff097
ACQUERRAIENT;keep;2026-09-18T11:10:00+00:00;20260918111000-5ff097
ACQUETA;delete;2026-09-18T11:10:08+00:00;20260918111008-b9b2a6
ACQUETE;delete;2026-09-18T11:10:08+00:00;20260918111008-b9b2a6
ACQUETAI;delete;2026-09-18T11:10:08+00:00;20260918111008-b9b2a6
ACQUETAS;delete;2026-09-18T11:10:08+00:00;20260918111008-b9b2a6
ACQUETAT;delete;2026-09-18T11:10:08+00:00;20260918111008-b9b2a6
ACQUETEE;delete;2026-09-18T11:10:08+00:00;20260918111008-b9b2a6
ACQUETES;delete;2026-09-18T11:10:08+00:00;20260918111008-b9b2a6
ACQUETEZ;delete;2026-09-18T11:10:08+00:00;20260918111008-b9b2a6
ACQUETER;delete;2026-09-18T11:10:08+00:00;20260918111008-b9b2a6
ACQUETAIS;delete;2026-09-18T11:10:08+00:00;20260918111008-b9b2a6
ACQUETAIT;delete;2026-09-18T11:10:08+00:00;20260918111008-b9b2a6
ACQUETANT;delete;2026-09-18T11:10:08+00:00;20260918111008-b9b2a6
ACQUETEES;delete;2026-09-18T11:10:08+00:00;20260918111008-b9b2a6
ACQUETENT;delete;2026-09-18T11:10:08+00:00;20260918111008-b9b2a6
ACQUETERA;delete;2026-09-18T11:10:08+00:00;20260918111008-b9b2a6
ACQUETIEZ;delete;2026-09-18T11:10:08+00:00;20260918111008-b9b2a6
ACQUETONS;delete;2026-09-18T11:10:08+00:00;20260918111008-b9b2a6
ACQUETAMES;delete;2026-09-18T11:10:08+00:00;20260918111008-b9b2a6
ACQUETASSE;delete;2026-09-18T11:10:08+00:00;20260918111008-b9b2a6
ACQUETATES;delete;2026-09-18T11:10:08+00:00;20260918111008-b9b2a6
ACQUETERAI;delete;2026-09-18T11:10:08+00:00;20260918111008-b9b2a6
ACQUETERAS;delete;2026-09-18T11:10:08+00:00;20260918111008-b9b2a6
ACQUETEREZ;delete;2026-09-18T11:10:08+00:00;20260918111008-b9b2a6
ACQUETIONS;delete;2026-09-18T11:10:08+00:00;20260918111008-b9b2a6
ACQUETAIENT;delete;2026-09-18T11:10:08+00:00;20260918111008-b9b2a6
ACQUETASSES;delete;2026-09-18T11:10:08+00:00;20260918111008-b9b2a6
ACQUETERAIS;delete;2026-09-18T11:10:08+00:00;20260918111008-b9b2a6
ACQUETERAIT;delete;2026-09-18T11:10:08+00:00;20260918111008-b9b2a6
ACQUETERENT;delete;2026-09-18T11:10:08+00:00;20260918111008-b9b2a6
ACQUETERIEZ;delete;2026-09-18T11:10:08+00:00;20260918111008-b9b2a6
ACQUETERONS;delete;2026-09-18T11:10:08+00:00;20260918111008-b9b2a6
ACQUETERONT;delete;2026-09-18T11:10:08+00:00;20260918111008-b9b2a6
ACQUETASSENT;delete;2026-09-18T11:10:08+00:00;20260918111008-b9b2a6
ACQUETASSIEZ;delete;2026-09-18T11:10:08+00:00;20260918111008-b9b2a6
ACQUETERIONS;delete;2026-09-18T11:10:08+00:00;20260918111008-b9b2a6
ACQUETASSIONS;delete;2026-09-18T11:10:08+00:00;20260918111008-b9b2a6
ACQUETERAIENT;delete;2026-09-18T11:10:08+00:00;20260918111008-b9b2a6
ACQUITTA;keep;2026-09-18T11:10:11+00:00;20260918111011-7b8a2a
ACQUITTE;keep;2026-09-18T11:10:11+00:00;20260918111011-7b8a2a
ACQUITTAS;keep;2026-09-18T11:10:11+00:00;20260918111011-7b8a2a
ACQUITTAI;keep;2026-09-18T11:10:11+00:00;20260918111011-7b8a2a
ACQUITTAT;keep;2026-09-18T11:10:11+00:00;20260918111011-7b8a2a
ACQUITTEZ;keep;2026-09-18T11:10:11+00:00;20260918111011-7b8a2a
ACQUITTES;keep;2026-09-18T11:10:11+00:00;20260918111011-7b8a2a
ACQUITTEE;keep;2026-09-18T11:10:11+00:00;20260918111011-7b8a2a
ACQUITTER;keep;2026-09-18T11:10:11+00:00;20260918111011-7b8a2a
ACQUITTEES;keep;2026-09-18T11:10:11+00:00;20260918111011-7b8a2a
ACQUITTIEZ;keep;2026-09-18T11:10:11+00:00;20260918111011-7b8a2a
ACQUITTONS;keep;2026-09-18T11:10:11+00:00;20260918111011-7b8a2a
ACQUITTENT;keep;2026-09-18T11:10:11+00:00;20260918111011-7b8a2a
ACQUITTERA;keep;2026-09-18T11:10:11+00:00;20260918111011-7b8a2a
ACQUITTANT;keep;2026-09-18T11:10:11+00:00;20260918111011-7b8a2a
ACQUITTAIS;keep;2026-09-18T11:10:11+00:00;20260918111011-7b8a2a
ACQUITTAIT;keep;2026-09-18T11:10:11+00:00;20260918111011-7b8a2a
ACQUITTAMES;keep;2026-09-18T11:10:11+00:00;20260918111011-7b8a2a
ACQUITTASSE;keep;2026-09-18T11:10:11+00:00;20260918111011-7b8a2a
ACQUITTATES;keep;2026-09-18T11:10:11+00:00;20260918111011-7b8a2a
ACQUITTERAS;keep;2026-09-18T11:10:11+00:00;20260918111011-7b8a2a
ACQUITTERAI;keep;2026-09-18T11:10:11+00:00;20260918111011-7b8a2a
ACQUITTIONS;keep;2026-09-18T11:10:11+00:00;20260918111011-7b8a2a
ACQUITTEREZ;keep;2026-09-18T11:10:11+00:00;20260918111011-7b8a2a
ACQUITTASSES;keep;2026-09-18T11:10:11+00:00;20260918111011-7b8a2a
ACQUITTERENT;keep;2026-09-18T11:10:11+00:00;20260918111011-7b8a2a
ACQUITTERIEZ;keep;2026-09-18T11:10:11+00:00;20260918111011-7b8a2a
ACQUITTERONS;keep;2026-09-18T11:10:11+00:00;20260918111011-7b8a2a
ACQUITTERONT;keep;2026-09-18T11:10:11+00:00;20260918111011-7b8a2a
ACQUITTERAIS;keep;2026-09-18T11:10:11+00:00;20260918111011-7b8a2a
ACQUITTERAIT;keep;2026-09-18T11:10:11+00:00;20260918111011-7b8a2a
ACQUITTAIENT;keep;2026-09-18T11:10:11+00:00;20260918111011-7b8a2a
ACQUITTASSENT;keep;2026-09-18T11:10:11+00:00;20260918111011-7b8a2a
ACQUITTASSIEZ;keep;2026-09-18T11:10:11+00:00;20260918111011-7b8a2a
ACQUITTERIONS;keep;2026-09-18T11:10:11+00:00;20260918111011-7b8a2a
ACQUITTASSIONS;keep;2026-09-18T11:10:11+00:00;20260918111011-7b8a2a
ACQUITTERAIENT;keep;2026-09-18T11:10:11+00:00;20260918111011-7b8a2a
ACRIDIEN;delete;2026-09-18T11:10:13+00:00;20260918111013-7c8abd
ACRIDIENS;delete;2026-09-18T11:10:13+00:00;20260918111013-7c8abd
ACRIDIENNE;delete;2026-09-18T11:10:13+00:00;20260918111013-7c8abd
ACRIDIENNES;delete;2026-09-18T11:10:13+00:00;20260918111013-7c8abd
ACROMIAL;delete;2026-09-18T11:10:14+00:00;20260918111014-90e22c
ACROMIALE;delete;2026-09-18T11:10:14+00:00;20260918111014-90e22c
ACROMIAUX;delete;2026-09-18T11:10:14+00:00;20260918111014-90e22c
ACROMIALES;delete;2026-09-18T11:10:14+00:00;20260918111014-90e22c
ACTA;keep;2026-09-18T11:10:20+00:00;20260918111020-e13283
ACTEE;keep;2026-09-18T11:10:20+00:00;20260918111020-e13283
ACTER;keep;2026-09-18T11:10:20+00:00;20260918111020-e13283
ACTAIS;keep;2026-09-18T11:10:20+00:00;20260918111020-e13283
ACTAIT;keep;2026-09-18T11:10:20+00:00;20260918111020-e13283
ACTEES;keep;2026-09-18T11:10:20+00:00;20260918111020-e13283
ACTENT;keep;2026-09-18T11:10:20+00:00;20260918111020-e13283
ACTERA;keep;2026-09-18T11:10:20+00:00;20260918111020-e13283
ACTIEZ;keep;2026-09-18T11:10:20+00:00;20260918111020-e13283
ACTONS;keep;2026-09-18T11:10:20+00:00;20260918111020-e13283
ACTANT;keep;2026-09-18T11:10:20+00:00;20260918111020-e13283
ACTAMES;keep;2026-09-18T11:10:20+00:00;20260918111020-e13283
ACTASSE;keep;2026-09-18T11:10:20+00:00;20260918111020-e13283
ACTATES;keep;2026-09-18T11:10:20+00:00;20260918111020-e13283
ACTERAI;keep;2026-09-18T11:10:20+00:00;20260918111020-e13283
ACTERAS;keep;2026-09-18T11:10:20+00:00;20260918111020-e13283
ACTEREZ;keep;2026-09-18T11:10:20+00:00;20260918111020-e13283
ACTAIENT;keep;2026-09-18T11:10:20+00:00;20260918111020-e13283
ACTASSES;keep;2026-09-18T11:10:20+00:00;20260918111020-e13283
ACTERAIS;keep;2026-09-18T11:10:20+00:00;20260918111020-e13283
ACTERAIT;keep;2026-09-18T11:10:20+00:00;20260918111020-e13283
ACTERENT;keep;2026-09-18T11:10:20+00:00;20260918111020-e13283
ACTERIEZ;keep;2026-09-18T11:10:20+00:00;20260918111020-e13283
ACTERONS;keep;2026-09-18T11:10:20+00:00;20260918111020-e13283
ACTERONT;keep;2026-09-18T11:10:20+00:00;20260918111020-e13283
ACTASSENT;keep;2026-09-18T11:10:20+00:00;20260918111020-e13283
ACTASSIEZ;keep;2026-09-18T11:10:20+00:00;20260918111020-e13283
ACTERIONS;keep;2026-09-18T11:10:20+00:00;20260918111020-e13283
ACTASSIONS;keep;2026-09-18T11:10:20+00:00;20260918111020-e13283
ACTERAIENT;keep;2026-09-18T11:10:20+00:00;20260918111020-e13283
ACTINISA;delete;2026-09-18T11:10:27+00:00;20260918111027-68f6af
ACTINISE;delete;2026-09-18T11:10:27+00:00;20260918111027-68f6af
ACTINISAI;delete;2026-09-18T11:10:27+00:00;20260918111027-68f6af
ACTINISAS;delete;2026-09-18T11:10:27+00:00;20260918111027-68f6af
ACTINISAT;delete;2026-09-18T11:10:27+00:00;20260918111027-68f6af
ACTINISEE;delete;2026-09-18T11:10:27+00:00;20260918111027-68f6af
ACTINISES;delete;2026-09-18T11:10:27+00:00;20260918111027-68f6af
ACTINISEZ;delete;2026-09-18T11:10:27+00:00;20260918111027-68f6af
ACTINISER;delete;2026-09-18T11:10:27+00:00;20260918111027-68f6af
ACTINISAIS;delete;2026-09-18T11:10:27+00:00;20260918111027-68f6af
ACTINISAIT;delete;2026-09-18T11:10:27+00:00;20260918111027-68f6af
ACTINISANT;delete;2026-09-18T11:10:27+00:00;20260918111027-68f6af
ACTINISEES;delete;2026-09-18T11:10:27+00:00;20260918111027-68f6af
ACTINISENT;delete;2026-09-18T11:10:27+00:00;20260918111027-68f6af
ACTINISERA;delete;2026-09-18T11:10:27+00:00;20260918111027-68f6af
ACTINISIEZ;delete;2026-09-18T11:10:27+00:00;20260918111027-68f6af
ACTINISONS;delete;2026-09-18T11:10:27+00:00;20260918111027-68f6af
ACTINISAMES;delete;2026-09-18T11:10:27+00:00;20260918111027-68f6af
ACTINISASSE;delete;2026-09-18T11:10:27+00:00;20260918111027-68f6af
ACTINISATES;delete;2026-09-18T11:10:27+00:00;20260918111027-68f6af
ACTINISERAI;delete;2026-09-18T11:10:27+00:00;20260918111027-68f6af
ACTINISERAS;delete;2026-09-18T11:10:27+00:00;20260918111027-68f6af
ACTINISEREZ;delete;2026-09-18T11:10:27+00:00;20260918111027-68f6af
ACTINISIONS;delete;2026-09-18T11:10:27+00:00;20260918111027-68f6af
ACTINISAIENT;delete;2026-09-18T11:10:27+00:00;20260918111027-68f6af
ACTINISASSES;delete;2026-09-18T11:10:27+00:00;20260918111027-68f6af
ACTINISERAIS;delete;2026-09-18T11:10:27+00:00;20260918111027-68f6af
ACTINISERAIT;delete;2026-09-18T11:10:27+00:00;20260918111027-68f6af
ACTINISERENT;delete;2026-09-18T11:10:27+00:00;20260918111027-68f6af
ACTINISERIEZ;delete;2026-09-18T11:10:27+00:00;20260918111027-68f6af
ACTINISERONS;delete;2026-09-18T11:10:27+00:00;20260918111027-68f6af
ACTINISERONT;delete;2026-09-18T11:10:27+00:00;20260918111027-68f6af
ACTINISASSENT;delete;2026-09-18T11:10:27+00:00;20260918111027-68f6af
ACTINISASSIEZ;delete;2026-09-18T11:10:27+00:00;20260918111027-68f6af
ACTINISERIONS;delete;2026-09-18T11:10:27+00:00;20260918111027-68f6af
ACTINISASSIONS;delete;2026-09-18T11:10:27+00:00;20260918111027-68f6af
ACTINISERAIENT;delete;2026-09-18T11:10:27+00:00;20260918111027-68f6af
ACTIONNA;keep;2026-09-18T11:10:28+00:00;20260918111028-a3742a
ACTIONNE;keep;2026-09-18T11:10:28+00:00;20260918111028-a3742a
ACTIONNAS;keep;2026-09-18T11:10:28+00:00;20260918111028-a3742a
ACTIONNAT;keep;2026-09-18T11:10:28+00:00;20260918111028-a3742a
ACTIONNEE;keep;2026-09-18T11:10:28+00:00;20260918111028-a3742a
ACTIONNES;keep;2026-09-18T11:10:28+00:00;20260918111028-a3742a
ACTIONNAI;keep;2026-09-18T11:10:28+00:00;20260918111028-a3742a
ACTIONNEZ;keep;2026-09-18T11:10:28+00:00;20260918111028-a3742a
ACTIONNER;keep;2026-09-18T11:10:28+00:00;20260918111028-a3742a
ACTIONNERA;keep;2026-09-18T11:10:28+00:00;20260918111028-a3742a
ACTIONNIEZ;keep;2026-09-18T11:10:28+00:00;20260918111028-a3742a
ACTIONNONS;keep;2026-09-18T11:10:28+00:00;20260918111028-a3742a
ACTIONNENT;keep;2026-09-18T11:10:28+00:00;20260918111028-a3742a
ACTIONNEES;keep;2026-09-18T11:10:28+00:00;20260918111028-a3742a
ACTIONNAIS;keep;2026-09-18T11:10:28+00:00;20260918111028-a3742a
ACTIONNANT;keep;2026-09-18T11:10:28+00:00;20260918111028-a3742a
ACTIONNAIT;keep;2026-09-18T11:10:28+00:00;20260918111028-a3742a
ACTIONNAMES;keep;2026-09-18T11:10:28+00:00;20260918111028-a3742a
ACTIONNASSE;keep;2026-09-18T11:10:28+00:00;20260918111028-a3742a
ACTIONNATES;keep;2026-09-18T11:10:28+00:00;20260918111028-a3742a
ACTIONNERAI;keep;2026-09-18T11:10:28+00:00;20260918111028-a3742a
ACTIONNERAS;keep;2026-09-18T11:10:28+00:00;20260918111028-a3742a
ACTIONNEREZ;keep;2026-09-18T11:10:28+00:00;20260918111028-a3742a
ACTIONNIONS;keep;2026-09-18T11:10:28+00:00;20260918111028-a3742a
ACTIONNASSES;keep;2026-09-18T11:10:28+00:00;20260918111028-a3742a
ACTIONNERAIS;keep;2026-09-18T11:10:28+00:00;20260918111028-a3742a
ACTIONNERAIT;keep;2026-09-18T11:10:28+00:00;20260918111028-a3742a
ACTIONNERENT;keep;2026-09-18T11:10:28+00:00;20260918111028-a3742a
ACTIONNERIEZ;keep;2026-09-18T11:10:28+00:00;20260918111028-a3742a
ACTIONNERONS;keep;2026-09-18T11:10:28+00:00;20260918111028-a3742a
ACTIONNERONT;keep;2026-09-18T11:10:28+00:00;20260918111028-a3742a
ACTIONNAIENT;keep;2026-09-18T11:10:28+00:00;20260918111028-a3742a
ACTIONNASSENT;keep;2026-09-18T11:10:28+00:00;20260918111028-a3742a
ACTIONNASSIEZ;keep;2026-09-18T11:10:28+00:00;20260918111028-a3742a
ACTIONNERIONS;keep;2026-09-18T11:10:28+00:00;20260918111028-a3742a
ACTIONNASSIONS;keep;2026-09-18T11:10:28+00:00;20260918111028-a3742a
ACTIONNERAIENT;keep;2026-09-18T11:10:28+00:00;20260918111028-a3742a
ACTIVA;keep;2026-09-18T11:10:29+00:00;20260918111029-8ca804
ACTIVAS;keep;2026-09-18T11:10:29+00:00;20260918111029-8ca804
ACTIVAT;keep;2026-09-18T11:10:29+00:00;20260918111029-8ca804
ACTIVAI;keep;2026-09-18T11:10:29+00:00;20260918111029-8ca804
ACTIVEZ;keep;2026-09-18T11:10:29+00:00;20260918111029-8ca804
ACTIVER;keep;2026-09-18T11:10:29+00:00;20260918111029-8ca804
ACTIVAIS;keep;2026-09-18T11:10:29+00:00;20260918111029-8ca804
ACTIVIEZ;keep;2026-09-18T11:10:29+00:00;20260918111029-8ca804
ACTIVERA;keep;2026-09-18T11:10:29+00:00;20260918111029-8ca804
ACTIVANT;keep;2026-09-18T11:10:29+00:00;20260918111029-8ca804
ACTIVONS;keep;2026-09-18T11:10:29+00:00;20260918111029-8ca804
ACTIVENT;keep;2026-09-18T11:10:29+00:00;20260918111029-8ca804
ACTIVAIT;keep;2026-09-18T11:10:29+00:00;20260918111029-8ca804
ACTIVAMES;keep;2026-09-18T11:10:29+00:00;20260918111029-8ca804
ACTIVASSE;keep;2026-09-18T11:10:29+00:00;20260918111029-8ca804
ACTIVATES;keep;2026-09-18T11:10:29+00:00;20260918111029-8ca804
ACTIVEREZ;keep;2026-09-18T11:10:29+00:00;20260918111029-8ca804
ACTIVIONS;keep;2026-09-18T11:10:29+00:00;20260918111029-8ca804
ACTIVERAS;keep;2026-09-18T11:10:29+00:00;20260918111029-8ca804
ACTIVERAI;keep;2026-09-18T11:10:29+00:00;20260918111029-8ca804
ACTIVASSES;keep;2026-09-18T11:10:29+00:00;20260918111029-8ca804
ACTIVERAIS;keep;2026-09-18T11:10:29+00:00;20260918111029-8ca804
ACTIVERIEZ;keep;2026-09-18T11:10:29+00:00;20260918111029-8ca804
ACTIVERONS;keep;2026-09-18T11:10:29+00:00;20260918111029-8ca804
ACTIVERONT;keep;2026-09-18T11:10:29+00:00;20260918111029-8ca804
ACTIVERAIT;keep;2026-09-18T11:10:29+00:00;20260918111029-8ca804
ACTIVERENT;keep;2026-09-18T11:10:29+00:00;20260918111029-8ca804
ACTIVAIENT;keep;2026-09-18T11:10:29+00:00;20260918111029-8ca804
ACTIVASSENT;keep;2026-09-18T11:10:29+00:00;20260918111029-8ca804
ACTIVASSIEZ;keep;2026-09-18T11:10:29+00:00;20260918111029-8ca804
ACTIVERIONS;keep;2026-09-18T11:10:29+00:00;20260918111029-8ca804
ACTIVASSIONS;keep;2026-09-18T11:10:29+00:00;20260918111029-8ca804
ACTIVERAIENT;keep;2026-09-18T11:10:29+00:00;20260918111029-8ca804
ACTUALISA;keep;2026-09-18T11:10:30+00:00;20260918111030-4bfc36
ACTUALISE;keep;2026-09-18T11:10:30+00:00;20260918111030-4bfc36
ACTUALISAI;keep;2026-09-18T11:10:30+00:00;20260918111030-4bfc36
ACTUALISAS;keep;2026-09-18T11:10:30+00:00;20260918111030-4bfc36
ACTUALISAT;keep;2026-09-18T11:10:30+00:00;20260918111030-4bfc36
ACTUALISES;keep;2026-09-18T11:10:30+00:00;20260918111030-4bfc36
ACTUALISEZ;keep;2026-09-18T11:10:30+00:00;20260918111030-4bfc36
ACTUALISEE;keep;2026-09-18T11:10:30+00:00;20260918111030-4bfc36
ACTUALISER;keep;2026-09-18T11:10:30+00:00;20260918111030-4bfc36
ACTUALISAIS;keep;2026-09-18T11:10:30+00:00;20260918111030-4bfc36
ACTUALISAIT;keep;2026-09-18T11:10:30+00:00;20260918111030-4bfc36
ACTUALISANT;keep;2026-09-18T11:10:30+00:00;20260918111030-4bfc36
ACTUALISENT;keep;2026-09-18T11:10:30+00:00;20260918111030-4bfc36
ACTUALISERA;keep;2026-09-18T11:10:30+00:00;20260918111030-4bfc36
ACTUALISIEZ;keep;2026-09-18T11:10:30+00:00;20260918111030-4bfc36
ACTUALISONS;keep;2026-09-18T11:10:30+00:00;20260918111030-4bfc36
ACTUALISEES;keep;2026-09-18T11:10:30+00:00;20260918111030-4bfc36
ACTUALISAMES;keep;2026-09-18T11:10:30+00:00;20260918111030-4bfc36
ACTUALISASSE;keep;2026-09-18T11:10:30+00:00;20260918111030-4bfc36
ACTUALISATES;keep;2026-09-18T11:10:30+00:00;20260918111030-4bfc36
ACTUALISERAI;keep;2026-09-18T11:10:30+00:00;20260918111030-4bfc36
ACTUALISERAS;keep;2026-09-18T11:10:30+00:00;20260918111030-4bfc36
ACTUALISEREZ;keep;2026-09-18T11:10:30+00:00;20260918111030-4bfc36
ACTUALISIONS;keep;2026-09-18T11:10:30+00:00;20260918111030-4bfc36
ACTUALISAIENT;keep;2026-09-18T11:10:30+00:00;20260918111030-4bfc36
ACTUALISASSES;keep;2026-09-18T11:10:30+00:00;20260918111030-4bfc36
ACTUALISERAIS;keep;2026-09-18T11:10:30+00:00;20260918111030-4bfc36
ACTUALISERAIT;keep;2026-09-18T11:10:30+00:00;20260918111030-4bfc36
ACTUALISERENT;keep;2026-09-18T11:10:30+00:00;20260918111030-4bfc36
ACTUALISERIEZ;keep;2026-09-18T11:10:30+00:00;20260918111030-4bfc36
ACTUALISERONS;keep;2026-09-18T11:10:30+00:00;20260918111030-4bfc36
ACTUALISERONT;keep;2026-09-18T11:10:30+00:00;20260918111030-4bfc36
ACTUALISASSENT;keep;2026-09-18T11:10:30+00:00;20260918111030-4bfc36
ACTUALISASSIEZ;keep;2026-09-18T11:10:30+00:00;20260918111030-4bfc36
ACTUALISERIONS;keep;2026-09-18T11:10:30+00:00;20260918111030-4bfc36
ACTUALISASSIONS;keep;2026-09-18T11:10:30+00:00;20260918111030-4bfc36
ACTUALISERAIENT;keep;2026-09-18T11:10:30+00:00;20260918111030-4bfc36
ACUMINE;delete;2026-09-18T11:10:34+00:00;20260918111034-d85c9e
ACUMINEE;delete;2026-09-18T11:10:34+00:00;20260918111034-d85c9e
ACUMINES;delete;2026-09-18T11:10:34+00:00;20260918111034-d85c9e
ACUMINEES;delete;2026-09-18T11:10:34+00:00;20260918111034-d85c9e
ACYLE;delete;2026-09-18T11:10:37+00:00;20260918111037-e12f3c
ACYLAI;delete;2026-09-18T11:10:37+00:00;20260918111037-e12f3c
ACYLAS;delete;2026-09-18T11:10:37+00:00;20260918111037-e12f3c
ACYLAT;delete;2026-09-18T11:10:37+00:00;20260918111037-e12f3c
ACYLEE;delete;2026-09-18T11:10:37+00:00;20260918111037-e12f3c
ACYLES;delete;2026-09-18T11:10:37+00:00;20260918111037-e12f3c
ACYLEZ;delete;2026-09-18T11:10:37+00:00;20260918111037-e12f3c
ACYLER;delete;2026-09-18T11:10:37+00:00;20260918111037-e12f3c
ACYLAIS;delete;2026-09-18T11:10:37+00:00;20260918111037-e12f3c
ACYLAIT;delete;2026-09-18T11:10:37+00:00;20260918111037-e12f3c
ACYLANT;delete;2026-09-18T11:10:37+00:00;20260918111037-e12f3c
ACYLEES;delete;2026-09-18T11:10:37+00:00;20260918111037-e12f3c
ACYLENT;delete;2026-09-18T11:10:37+00:00;20260918111037-e12f3c
ACYLERA;delete;2026-09-18T11:10:37+00:00;20260918111037-e12f3c
ACYLIEZ;delete;2026-09-18T11:10:37+00:00;20260918111037-e12f3c
ACYLONS;delete;2026-09-18T11:10:37+00:00;20260918111037-e12f3c
ACYLAMES;delete;2026-09-18T11:10:37+00:00;20260918111037-e12f3c
ACYLASSE;delete;2026-09-18T11:10:37+00:00;20260918111037-e12f3c
ACYLATES;delete;2026-09-18T11:10:37+00:00;20260918111037-e12f3c
ACYLERAI;delete;2026-09-18T11:10:37+00:00;20260918111037-e12f3c
ACYLERAS;delete;2026-09-18T11:10:37+00:00;20260918111037-e12f3c
ACYLEREZ;delete;2026-09-18T11:10:37+00:00;20260918111037-e12f3c
ACYLIONS;delete;2026-09-18T11:10:37+00:00;20260918111037-e12f3c
ACYLAIENT;delete;2026-09-18T11:10:37+00:00;20260918111037-e12f3c
ACYLASSES;delete;2026-09-18T11:10:37+00:00;20260918111037-e12f3c
ACYLERAIS;delete;2026-09-18T11:10:37+00:00;20260918111037-e12f3c
ACYLERAIT;delete;2026-09-18T11:10:37+00:00;20260918111037-e12f3c
ACYLERENT;delete;2026-09-18T11:10:37+00:00;20260918111037-e12f3c
ACYLERIEZ;delete;2026-09-18T11:10:37+00:00;20260918111037-e12f3c
ACYLERONS;delete;2026-09-18T11:10:37+00:00;20260918111037-e12f3c
ACYLERONT;delete;2026-09-18T11:10:37+00:00;20260918111037-e12f3c
ACYLASSENT;delete;2026-09-18T11:10:37+00:00;20260918111037-e12f3c
ACYLASSIEZ;delete;2026-09-18T11:10:37+00:00;20260918111037-e12f3c
ACYLERIONS;delete;2026-09-18T11:10:37+00:00;20260918111037-e12f3c
ACYLASSIONS;delete;2026-09-18T11:10:37+00:00;20260918111037-e12f3c
ACYLERAIENT;delete;2026-09-18T11:10:37+00:00;20260918111037-e12f3c
ADAPTA;keep;2026-09-18T11:10:38+00:00;20260918111038-066a4e
ADAPTAS;keep;2026-09-18T11:10:38+00:00;20260918111038-066a4e
ADAPTAI;keep;2026-09-18T11:10:38+00:00;20260918111038-066a4e
ADAPTAT;keep;2026-09-18T11:10:38+00:00;20260918111038-066a4e
ADAPTEZ;keep;2026-09-18T11:10:38+00:00;20260918111038-066a4e
ADAPTES;keep;2026-09-18T11:10:38+00:00;20260918111038-066a4e
ADAPTEE;keep;2026-09-18T11:10:38+00:00;20260918111038-066a4e
ADAPTIEZ;keep;2026-09-18T11:10:38+00:00;20260918111038-066a4e
ADAPTONS;keep;2026-09-18T11:10:38+00:00;20260918111038-066a4e
ADAPTAIS;keep;2026-09-18T11:10:38+00:00;20260918111038-066a4e
ADAPTERA;keep;2026-09-18T11:10:38+00:00;20260918111038-066a4e
ADAPTENT;keep;2026-09-18T11:10:38+00:00;20260918111038-066a4e
ADAPTANT;keep;2026-09-18T11:10:38+00:00;20260918111038-066a4e
ADAPTAIT;keep;2026-09-18T11:10:38+00:00;20260918111038-066a4e
ADAPTEES;keep;2026-09-18T11:10:38+00:00;20260918111038-066a4e
ADAPTAMES;keep;2026-09-18T11:10:38+00:00;20260918111038-066a4e
ADAPTASSE;keep;2026-09-18T11:10:38+00:00;20260918111038-066a4e
ADAPTATES;keep;2026-09-18T11:10:38+00:00;20260918111038-066a4e
ADAPTIONS;keep;2026-09-18T11:10:38+00:00;20260918111038-066a4e
ADAPTERAS;keep;2026-09-18T11:10:38+00:00;20260918111038-066a4e
ADAPTEREZ;keep;2026-09-18T11:10:38+00:00;20260918111038-066a4e
ADAPTERAI;keep;2026-09-18T11:10:38+00:00;20260918111038-066a4e
ADAPTASSES;keep;2026-09-18T11:10:38+00:00;20260918111038-066a4e
ADAPTERIEZ;keep;2026-09-18T11:10:38+00:00;20260918111038-066a4e
ADAPTERAIS;keep;2026-09-18T11:10:38+00:00;20260918111038-066a4e
ADAPTERAIT;keep;2026-09-18T11:10:38+00:00;20260918111038-066a4e
ADAPTERENT;keep;2026-09-18T11:10:38+00:00;20260918111038-066a4e
ADAPTERONT;keep;2026-09-18T11:10:38+00:00;20260918111038-066a4e
ADAPTERONS;keep;2026-09-18T11:10:38+00:00;20260918111038-066a4e
ADAPTAIENT;keep;2026-09-18T11:10:38+00:00;20260918111038-066a4e
ADAPTASSENT;keep;2026-09-18T11:10:38+00:00;20260918111038-066a4e
ADAPTASSIEZ;keep;2026-09-18T11:10:38+00:00;20260918111038-066a4e
ADAPTERIONS;keep;2026-09-18T11:10:38+00:00;20260918111038-066a4e
ADAPTASSIONS;keep;2026-09-18T11:10:38+00:00;20260918111038-066a4e
ADAPTERAIENT;keep;2026-09-18T11:10:38+00:00;20260918111038-066a4e
ADDICTIF;keep;2026-09-18T11:10:39+00:00;20260918111039-6fd823
ADDICTIFS;keep;2026-09-18T11:10:39+00:00;20260918111039-6fd823
ADDICTIVE;keep;2026-09-18T11:10:39+00:00;20260918111039-6fd823
ADDICTIVES;keep;2026-09-18T11:10:39+00:00;20260918111039-6fd823
ADDITIF;keep;2026-09-18T11:10:43+00:00;20260918111043-f7316a
ADDITIVE;keep;2026-09-18T11:10:43+00:00;20260918111043-f7316a
ADDITIFS;keep;2026-09-18T11:10:43+00:00;20260918111043-f7316a
ADDITIVEE;keep;2026-09-18T11:10:43+00:00;20260918111043-f7316a
ADDITIVES;keep;2026-09-18T11:10:43+00:00;20260918111043-f7316a
ADDITIVEES;keep;2026-09-18T11:10:43+00:00;20260918111043-f7316a
ADENTA;delete;2026-09-18T11:11:56+00:00;20260918111156-a3ac30
ADENTE;delete;2026-09-18T11:11:56+00:00;20260918111156-a3ac30
ADENTAI;delete;2026-09-18T11:11:56+00:00;20260918111156-a3ac30
ADENTAS;delete;2026-09-18T11:11:56+00:00;20260918111156-a3ac30
ADENTAT;delete;2026-09-18T11:11:56+00:00;20260918111156-a3ac30
ADENTEE;delete;2026-09-18T11:11:56+00:00;20260918111156-a3ac30
ADENTES;delete;2026-09-18T11:11:56+00:00;20260918111156-a3ac30
ADENTEZ;delete;2026-09-18T11:11:56+00:00;20260918111156-a3ac30
ADENTER;delete;2026-09-18T11:11:56+00:00;20260918111156-a3ac30
ADENTAIS;delete;2026-09-18T11:11:56+00:00;20260918111156-a3ac30
ADENTAIT;delete;2026-09-18T11:11:56+00:00;20260918111156-a3ac30
ADENTANT;delete;2026-09-18T11:11:56+00:00;20260918111156-a3ac30
ADENTEES;delete;2026-09-18T11:11:56+00:00;20260918111156-a3ac30
ADENTENT;delete;2026-09-18T11:11:56+00:00;20260918111156-a3ac30
ADENTERA;delete;2026-09-18T11:11:56+00:00;20260918111156-a3ac30
ADENTIEZ;delete;2026-09-18T11:11:56+00:00;20260918111156-a3ac30
ADENTONS;delete;2026-09-18T11:11:56+00:00;20260918111156-a3ac30
ADENTAMES;delete;2026-09-18T11:11:56+00:00;20260918111156-a3ac30
ADENTASSE;delete;2026-09-18T11:11:56+00:00;20260918111156-a3ac30
ADENTATES;delete;2026-09-18T11:11:56+00:00;20260918111156-a3ac30
ADENTERAI;delete;2026-09-18T11:11:56+00:00;20260918111156-a3ac30
ADENTERAS;delete;2026-09-18T11:11:56+00:00;20260918111156-a3ac30
ADENTEREZ;delete;2026-09-18T11:11:56+00:00;20260918111156-a3ac30
ADENTIONS;delete;2026-09-18T11:11:56+00:00;20260918111156-a3ac30
ADENTAIENT;delete;2026-09-18T11:11:56+00:00;20260918111156-a3ac30
ADENTASSES;delete;2026-09-18T11:11:56+00:00;20260918111156-a3ac30
ADENTERAIS;delete;2026-09-18T11:11:56+00:00;20260918111156-a3ac30
ADENTERAIT;delete;2026-09-18T11:11:56+00:00;20260918111156-a3ac30
ADENTERENT;delete;2026-09-18T11:11:56+00:00;20260918111156-a3ac30
ADENTERIEZ;delete;2026-09-18T11:11:56+00:00;20260918111156-a3ac30
ADENTERONS;delete;2026-09-18T11:11:56+00:00;20260918111156-a3ac30
ADENTERONT;delete;2026-09-18T11:11:56+00:00;20260918111156-a3ac30
ADENTASSENT;delete;2026-09-18T11:11:56+00:00;20260918111156-a3ac30
ADENTASSIEZ;delete;2026-09-18T11:11:56+00:00;20260918111156-a3ac30
ADENTERIONS;delete;2026-09-18T11:11:56+00:00;20260918111156-a3ac30
ADENTASSIONS;delete;2026-09-18T11:11:56+00:00;20260918111156-a3ac30
ADENTERAIENT;delete;2026-09-18T11:11:56+00:00;20260918111156-a3ac30
ADEXTRE;delete;2026-09-18T11:11:57+00:00;20260918111157-1f0b39
ADEXTREE;delete;2026-09-18T11:11:57+00:00;20260918111157-1f0b39
ADEXTRES;delete;2026-09-18T11:11:57+00:00;20260918111157-1f0b39
ADEXTREES;delete;2026-09-18T11:11:57+00:00;20260918111157-1f0b39
ADHERA;keep;2026-09-18T11:11:58+00:00;20260918111158-4b83ab
ADHERE;keep;2026-09-18T11:11:58+00:00;20260918111158-4b83ab
ADHERAI;keep;2026-09-18T11:11:58+00:00;20260918111158-4b83ab
ADHERAS;keep;2026-09-18T11:11:58+00:00;20260918111158-4b83ab
ADHERAT;keep;2026-09-18T11:11:58+00:00;20260918111158-4b83ab
ADHERES;keep;2026-09-18T11:11:58+00:00;20260918111158-4b83ab
ADHEREZ;keep;2026-09-18T11:11:58+00:00;20260918111158-4b83ab
ADHERER;keep;2026-09-18T11:11:58+00:00;20260918111158-4b83ab
ADHERERA;keep;2026-09-18T11:11:58+00:00;20260918111158-4b83ab
ADHERIEZ;keep;2026-09-18T11:11:58+00:00;20260918111158-4b83ab
ADHERONS;keep;2026-09-18T11:11:58+00:00;20260918111158-4b83ab
ADHERAIS;keep;2026-09-18T11:11:58+00:00;20260918111158-4b83ab
ADHERANT;keep;2026-09-18T11:11:58+00:00;20260918111158-4b83ab
ADHERAIT;keep;2026-09-18T11:11:58+00:00;20260918111158-4b83ab
ADHERENT;keep;2026-09-18T11:11:58+00:00;20260918111158-4b83ab
ADHERAMES;keep;2026-09-18T11:11:58+00:00;20260918111158-4b83ab
ADHERASSE;keep;2026-09-18T11:11:58+00:00;20260918111158-4b83ab
ADHERATES;keep;2026-09-18T11:11:58+00:00;20260918111158-4b83ab
ADHERERAI;keep;2026-09-18T11:11:58+00:00;20260918111158-4b83ab
ADHERERAS;keep;2026-09-18T11:11:58+00:00;20260918111158-4b83ab
ADHEREREZ;keep;2026-09-18T11:11:58+00:00;20260918111158-4b83ab
ADHERIONS;keep;2026-09-18T11:11:58+00:00;20260918111158-4b83ab
ADHERASSES;keep;2026-09-18T11:11:58+00:00;20260918111158-4b83ab
ADHERERAIS;keep;2026-09-18T11:11:58+00:00;20260918111158-4b83ab
ADHERERAIT;keep;2026-09-18T11:11:58+00:00;20260918111158-4b83ab
ADHERERENT;keep;2026-09-18T11:11:58+00:00;20260918111158-4b83ab
ADHERERIEZ;keep;2026-09-18T11:11:58+00:00;20260918111158-4b83ab
ADHERERONS;keep;2026-09-18T11:11:58+00:00;20260918111158-4b83ab
ADHERERONT;keep;2026-09-18T11:11:58+00:00;20260918111158-4b83ab
ADHERAIENT;keep;2026-09-18T11:11:58+00:00;20260918111158-4b83ab
ADHERASSENT;keep;2026-09-18T11:11:58+00:00;20260918111158-4b83ab
ADHERASSIEZ;keep;2026-09-18T11:11:58+00:00;20260918111158-4b83ab
ADHERERIONS;keep;2026-09-18T11:11:58+00:00;20260918111158-4b83ab
ADHERASSIONS;keep;2026-09-18T11:11:58+00:00;20260918111158-4b83ab
ADHERERAIENT;keep;2026-09-18T11:11:58+00:00;20260918111158-4b83ab
ADIEUSA;delete;2026-09-18T11:11:59+00:00;20260918111159-052bf7
ADIEUSE;delete;2026-09-18T11:11:59+00:00;20260918111159-052bf7
ADIEUSAI;delete;2026-09-18T11:11:59+00:00;20260918111159-052bf7
ADIEUSAS;delete;2026-09-18T11:11:59+00:00;20260918111159-052bf7
ADIEUSAT;delete;2026-09-18T11:11:59+00:00;20260918111159-052bf7
ADIEUSEE;delete;2026-09-18T11:11:59+00:00;20260918111159-052bf7
ADIEUSES;delete;2026-09-18T11:11:59+00:00;20260918111159-052bf7
ADIEUSEZ;delete;2026-09-18T11:11:59+00:00;20260918111159-052bf7
ADIEUSER;delete;2026-09-18T11:11:59+00:00;20260918111159-052bf7
ADIEUSAIS;delete;2026-09-18T11:11:59+00:00;20260918111159-052bf7
ADIEUSAIT;delete;2026-09-18T11:11:59+00:00;20260918111159-052bf7
ADIEUSANT;delete;2026-09-18T11:11:59+00:00;20260918111159-052bf7
ADIEUSEES;delete;2026-09-18T11:11:59+00:00;20260918111159-052bf7
ADIEUSENT;delete;2026-09-18T11:11:59+00:00;20260918111159-052bf7
ADIEUSERA;delete;2026-09-18T11:11:59+00:00;20260918111159-052bf7
ADIEUSIEZ;delete;2026-09-18T11:11:59+00:00;20260918111159-052bf7
ADIEUSONS;delete;2026-09-18T11:11:59+00:00;20260918111159-052bf7
ADIEUSAMES;delete;2026-09-18T11:11:59+00:00;20260918111159-052bf7
ADIEUSASSE;delete;2026-09-18T11:11:59+00:00;20260918111159-052bf7
ADIEUSATES;delete;2026-09-18T11:11:59+00:00;20260918111159-052bf7
ADIEUSERAI;delete;2026-09-18T11:11:59+00:00;20260918111159-052bf7
ADIEUSERAS;delete;2026-09-18T11:11:59+00:00;20260918111159-052bf7
ADIEUSEREZ;delete;2026-09-18T11:11:59+00:00;20260918111159-052bf7
ADIEUSIONS;delete;2026-09-18T11:11:59+00:00;20260918111159-052bf7
ADIEUSAIENT;delete;2026-09-18T11:11:59+00:00;20260918111159-052bf7
ADIEUSASSES;delete;2026-09-18T11:11:59+00:00;20260918111159-052bf7
ADIEUSERAIS;delete;2026-09-18T11:11:59+00:00;20260918111159-052bf7
ADIEUSERAIT;delete;2026-09-18T11:11:59+00:00;20260918111159-052bf7
ADIEUSERENT;delete;2026-09-18T11:11:59+00:00;20260918111159-052bf7
ADIEUSERIEZ;delete;2026-09-18T11:11:59+00:00;20260918111159-052bf7
ADIEUSERONS;delete;2026-09-18T11:11:59+00:00;20260918111159-052bf7
ADIEUSERONT;delete;2026-09-18T11:11:59+00:00;20260918111159-052bf7
ADIEUSASSENT;delete;2026-09-18T11:11:59+00:00;20260918111159-052bf7
ADIEUSASSIEZ;delete;2026-09-18T11:11:59+00:00;20260918111159-052bf7
ADIEUSERIONS;delete;2026-09-18T11:11:59+00:00;20260918111159-052bf7
ADIEUSASSIONS;delete;2026-09-18T11:11:59+00:00;20260918111159-052bf7
ADIEUSERAIENT;delete;2026-09-18T11:11:59+00:00;20260918111159-052bf7
ADIRAI;delete;2026-09-18T11:12:01+00:00;20260918111201-f50d20
ADIRAS;delete;2026-09-18T11:12:01+00:00;20260918111201-f50d20
ADIRAT;delete;2026-09-18T11:12:01+00:00;20260918111201-f50d20
ADIREE;delete;2026-09-18T11:12:01+00:00;20260918111201-f50d20
ADIRES;delete;2026-09-18T11:12:01+00:00;20260918111201-f50d20
ADIREZ;delete;2026-09-18T11:12:01+00:00;20260918111201-f50d20
ADIRER;delete;2026-09-18T11:12:01+00:00;20260918111201-f50d20
ADIRAIS;delete;2026-09-18T11:12:01+00:00;20260918111201-f50d20
ADIRAIT;delete;2026-09-18T11:12:01+00:00;20260918111201-f50d20
ADIRANT;delete;2026-09-18T11:12:01+00:00;20260918111201-f50d20
ADIREES;delete;2026-09-18T11:12:01+00:00;20260918111201-f50d20
ADIRENT;delete;2026-09-18T11:12:01+00:00;20260918111201-f50d20
ADIRERA;delete;2026-09-18T11:12:01+00:00;20260918111201-f50d20
ADIRIEZ;delete;2026-09-18T11:12:01+00:00;20260918111201-f50d20
ADIRONS;delete;2026-09-18T11:12:01+00:00;20260918111201-f50d20
ADIRAMES;delete;2026-09-18T11:12:01+00:00;20260918111201-f50d20
ADIRASSE;delete;2026-09-18T11:12:01+00:00;20260918111201-f50d20
ADIRATES;delete;2026-09-18T11:12:01+00:00;20260918111201-f50d20
ADIRERAI;delete;2026-09-18T11:12:01+00:00;20260918111201-f50d20
ADIRERAS;delete;2026-09-18T11:12:01+00:00;20260918111201-f50d20
ADIREREZ;delete;2026-09-18T11:12:01+00:00;20260918111201-f50d20
ADIRIONS;delete;2026-09-18T11:12:01+00:00;20260918111201-f50d20
ADIRAIENT;delete;2026-09-18T11:12:01+00:00;20260918111201-f50d20
ADIRASSES;delete;2026-09-18T11:12:01+00:00;20260918111201-f50d20
ADIRERAIS;delete;2026-09-18T11:12:01+00:00;20260918111201-f50d20
ADIRERAIT;delete;2026-09-18T11:12:01+00:00;20260918111201-f50d20
ADIRERENT;delete;2026-09-18T11:12:01+00:00;20260918111201-f50d20
ADIRERIEZ;delete;2026-09-18T11:12:01+00:00;20260918111201-f50d20
ADIRERONS;delete;2026-09-18T11:12:01+00:00;20260918111201-f50d20
ADIRERONT;delete;2026-09-18T11:12:01+00:00;20260918111201-f50d20
ADIRASSENT;delete;2026-09-18T11:12:01+00:00;20260918111201-f50d20
ADIRASSIEZ;delete;2026-09-18T11:12:01+00:00;20260918111201-f50d20
ADIRERIONS;delete;2026-09-18T11:12:01+00:00;20260918111201-f50d20
ADIRASSIONS;delete;2026-09-18T11:12:01+00:00;20260918111201-f50d20
ADIRERAIENT;delete;2026-09-18T11:12:01+00:00;20260918111201-f50d20
ADJECTIVA;keep;2026-09-18T11:12:05+00:00;20260918111205-1b0345
ADJECTIVAI;keep;2026-09-18T11:12:05+00:00;20260918111205-1b0345
ADJECTIVAS;keep;2026-09-18T11:12:05+00:00;20260918111205-1b0345
ADJECTIVAT;keep;2026-09-18T11:12:05+00:00;20260918111205-1b0345
ADJECTIVEE;keep;2026-09-18T11:12:05+00:00;20260918111205-1b0345
ADJECTIVEZ;keep;2026-09-18T11:12:05+00:00;20260918111205-1b0345
ADJECTIVER;keep;2026-09-18T11:12:05+00:00;20260918111205-1b0345
ADJECTIVAIS;keep;2026-09-18T11:12:05+00:00;20260918111205-1b0345
ADJECTIVAIT;keep;2026-09-18T11:12:05+00:00;20260918111205-1b0345
ADJECTIVEES;keep;2026-09-18T11:12:05+00:00;20260918111205-1b0345
ADJECTIVENT;keep;2026-09-18T11:12:05+00:00;20260918111205-1b0345
ADJECTIVERA;keep;2026-09-18T11:12:05+00:00;20260918111205-1b0345
ADJECTIVIEZ;keep;2026-09-18T11:12:05+00:00;20260918111205-1b0345
ADJECTIVONS;keep;2026-09-18T11:12:05+00:00;20260918111205-1b0345
ADJECTIVAMES;keep;2026-09-18T11:12:05+00:00;20260918111205-1b0345
ADJECTIVASSE;keep;2026-09-18T11:12:05+00:00;20260918111205-1b0345
ADJECTIVATES;keep;2026-09-18T11:12:05+00:00;20260918111205-1b0345
ADJECTIVERAI;keep;2026-09-18T11:12:05+00:00;20260918111205-1b0345
ADJECTIVERAS;keep;2026-09-18T11:12:05+00:00;20260918111205-1b0345
ADJECTIVEREZ;keep;2026-09-18T11:12:05+00:00;20260918111205-1b0345
ADJECTIVIONS;keep;2026-09-18T11:12:05+00:00;20260918111205-1b0345
ADJECTIVAIENT;keep;2026-09-18T11:12:05+00:00;20260918111205-1b0345
ADJECTIVASSES;keep;2026-09-18T11:12:05+00:00;20260918111205-1b0345
ADJECTIVERAIS;keep;2026-09-18T11:12:05+00:00;20260918111205-1b0345
ADJECTIVERAIT;keep;2026-09-18T11:12:05+00:00;20260918111205-1b0345
ADJECTIVERENT;keep;2026-09-18T11:12:05+00:00;20260918111205-1b0345
ADJECTIVERIEZ;keep;2026-09-18T11:12:05+00:00;20260918111205-1b0345
ADJECTIVERONS;keep;2026-09-18T11:12:05+00:00;20260918111205-1b0345
ADJECTIVERONT;keep;2026-09-18T11:12:05+00:00;20260918111205-1b0345
ADJECTIVASSENT;keep;2026-09-18T11:12:05+00:00;20260918111205-1b0345
ADJECTIVASSIEZ;keep;2026-09-18T11:12:05+00:00;20260918111205-1b0345
ADJECTIVERIONS;keep;2026-09-18T11:12:05+00:00;20260918111205-1b0345
ADJECTIVASSIONS;keep;2026-09-18T11:12:05+00:00;20260918111205-1b0345
ADJECTIVERAIENT;keep;2026-09-18T11:12:05+00:00;20260918111205-1b0345
ADJOINS;keep;2026-09-18T11:12:07+00:00;20260918111207-6f2bdc
ADJOIGNE;keep;2026-09-18T11:12:07+00:00;20260918111207-6f2bdc
ADJOIGNES;keep;2026-09-18T11:12:07+00:00;20260918111207-6f2bdc
ADJOIGNEZ;keep;2026-09-18T11:12:07+00:00;20260918111207-6f2bdc
ADJOIGNIS;keep;2026-09-18T11:12:07+00:00;20260918111207-6f2bdc
ADJOINDRA;keep;2026-09-18T11:12:07+00:00;20260918111207-6f2bdc
ADJOIGNIT;keep;2026-09-18T11:12:07+00:00;20260918111207-6f2bdc
ADJOINDRE;keep;2026-09-18T11:12:07+00:00;20260918111207-6f2bdc
ADJOIGNAIS;keep;2026-09-18T11:12:07+00:00;20260918111207-6f2bdc
ADJOIGNENT;keep;2026-09-18T11:12:07+00:00;20260918111207-6f2bdc
ADJOIGNIEZ;keep;2026-09-18T11:12:07+00:00;20260918111207-6f2bdc
ADJOIGNONS;keep;2026-09-18T11:12:07+00:00;20260918111207-6f2bdc
ADJOINDRAI;keep;2026-09-18T11:12:07+00:00;20260918111207-6f2bdc
ADJOINDRAS;keep;2026-09-18T11:12:07+00:00;20260918111207-6f2bdc
ADJOINDREZ;keep;2026-09-18T11:12:07+00:00;20260918111207-6f2bdc
ADJOIGNAIT;keep;2026-09-18T11:12:07+00:00;20260918111207-6f2bdc
ADJOIGNANT;keep;2026-09-18T11:12:07+00:00;20260918111207-6f2bdc
ADJOIGNIMES;keep;2026-09-18T11:12:07+00:00;20260918111207-6f2bdc
ADJOIGNIONS;keep;2026-09-18T11:12:07+00:00;20260918111207-6f2bdc
ADJOIGNISSE;keep;2026-09-18T11:12:07+00:00;20260918111207-6f2bdc
ADJOIGNITES;keep;2026-09-18T11:12:07+00:00;20260918111207-6f2bdc
ADJOINDRAIS;keep;2026-09-18T11:12:07+00:00;20260918111207-6f2bdc
ADJOINDRAIT;keep;2026-09-18T11:12:07+00:00;20260918111207-6f2bdc
ADJOINDRIEZ;keep;2026-09-18T11:12:07+00:00;20260918111207-6f2bdc
ADJOINDRONS;keep;2026-09-18T11:12:07+00:00;20260918111207-6f2bdc
ADJOINDRONT;keep;2026-09-18T11:12:07+00:00;20260918111207-6f2bdc
ADJOIGNAIENT;keep;2026-09-18T11:12:07+00:00;20260918111207-6f2bdc
ADJOIGNIRENT;keep;2026-09-18T11:12:07+00:00;20260918111207-6f2bdc
ADJOIGNISSES;keep;2026-09-18T11:12:07+00:00;20260918111207-6f2bdc
ADJOINDRIONS;keep;2026-09-18T11:12:07+00:00;20260918111207-6f2bdc
ADJOIGNISSENT;keep;2026-09-18T11:12:07+00:00;20260918111207-6f2bdc
ADJOIGNISSIEZ;keep;2026-09-18T11:12:07+00:00;20260918111207-6f2bdc
ADJOINDRAIENT;keep;2026-09-18T11:12:07+00:00;20260918111207-6f2bdc
ADJOIGNISSIONS;keep;2026-09-18T11:12:07+00:00;20260918111207-6f2bdc
ADJUGE;delete;2026-09-18T11:12:12+00:00;20260918111212-c94381
ADJUGEA;delete;2026-09-18T11:12:12+00:00;20260918111212-c94381
ADJUGEZ;delete;2026-09-18T11:12:12+00:00;20260918111212-c94381
ADJUGES;delete;2026-09-18T11:12:12+00:00;20260918111212-c94381
ADJUGER;delete;2026-09-18T11:12:12+00:00;20260918111212-c94381
ADJUGEE;delete;2026-09-18T11:12:12+00:00;20260918111212-c94381
ADJUGEAI;delete;2026-09-18T11:12:12+00:00;20260918111212-c94381
ADJUGEAS;delete;2026-09-18T11:12:12+00:00;20260918111212-c94381
ADJUGEAT;delete;2026-09-18T11:12:12+00:00;20260918111212-c94381
ADJUGEES;delete;2026-09-18T11:12:12+00:00;20260918111212-c94381
ADJUGENT;delete;2026-09-18T11:12:12+00:00;20260918111212-c94381
ADJUGERA;delete;2026-09-18T11:12:12+00:00;20260918111212-c94381
ADJUGIEZ;delete;2026-09-18T11:12:12+00:00;20260918111212-c94381
ADJUGEAIS;delete;2026-09-18T11:12:12+00:00;20260918111212-c94381
ADJUGEONS;delete;2026-09-18T11:12:12+00:00;20260918111212-c94381
ADJUGERAI;delete;2026-09-18T11:12:12+00:00;20260918111212-c94381
ADJUGERAS;delete;2026-09-18T11:12:12+00:00;20260918111212-c94381
ADJUGEREZ;delete;2026-09-18T11:12:12+00:00;20260918111212-c94381
ADJUGIONS;delete;2026-09-18T11:12:12+00:00;20260918111212-c94381
ADJUGEANT;delete;2026-09-18T11:12:12+00:00;20260918111212-c94381
ADJUGEAIT;delete;2026-09-18T11:12:12+00:00;20260918111212-c94381
ADJUGEAMES;delete;2026-09-18T11:12:12+00:00;20260918111212-c94381
ADJUGEASSE;delete;2026-09-18T11:12:12+00:00;20260918111212-c94381
ADJUGEATES;delete;2026-09-18T11:12:12+00:00;20260918111212-c94381
ADJUGERAIS;delete;2026-09-18T11:12:12+00:00;20260918111212-c94381
ADJUGERAIT;delete;2026-09-18T11:12:12+00:00;20260918111212-c94381
ADJUGERENT;delete;2026-09-18T11:12:12+00:00;20260918111212-c94381
ADJUGERIEZ;delete;2026-09-18T11:12:12+00:00;20260918111212-c94381
ADJUGERONS;delete;2026-09-18T11:12:12+00:00;20260918111212-c94381
ADJUGERONT;delete;2026-09-18T11:12:12+00:00;20260918111212-c94381
ADJUGEAIENT;delete;2026-09-18T11:12:12+00:00;20260918111212-c94381
ADJUGEASSES;delete;2026-09-18T11:12:12+00:00;20260918111212-c94381
ADJUGERIONS;delete;2026-09-18T11:12:12+00:00;20260918111212-c94381
ADJUGEASSENT;delete;2026-09-18T11:12:12+00:00;20260918111212-c94381
ADJUGEASSIEZ;delete;2026-09-18T11:12:12+00:00;20260918111212-c94381
ADJUGERAIENT;delete;2026-09-18T11:12:12+00:00;20260918111212-c94381
ADJUGEASSIONS;delete;2026-09-18T11:12:12+00:00;20260918111212-c94381
ADJURA;delete;2026-09-18T11:12:16+00:00;20260918111216-e43de6
ADJURE;delete;2026-09-18T11:12:16+00:00;20260918111216-e43de6
ADJURAS;delete;2026-09-18T11:12:16+00:00;20260918111216-e43de6
ADJURAT;delete;2026-09-18T11:12:16+00:00;20260918111216-e43de6
ADJUREE;delete;2026-09-18T11:12:16+00:00;20260918111216-e43de6
ADJURES;delete;2026-09-18T11:12:16+00:00;20260918111216-e43de6
ADJUREZ;delete;2026-09-18T11:12:16+00:00;20260918111216-e43de6
ADJURAI;delete;2026-09-18T11:12:16+00:00;20260918111216-e43de6
ADJURER;delete;2026-09-18T11:12:16+00:00;20260918111216-e43de6
ADJUREES;delete;2026-09-18T11:12:16+00:00;20260918111216-e43de6
ADJURENT;delete;2026-09-18T11:12:16+00:00;20260918111216-e43de6
ADJURERA;delete;2026-09-18T11:12:16+00:00;20260918111216-e43de6
ADJURIEZ;delete;2026-09-18T11:12:16+00:00;20260918111216-e43de6
ADJURONS;delete;2026-09-18T11:12:16+00:00;20260918111216-e43de6
ADJURAIS;delete;2026-09-18T11:12:16+00:00;20260918111216-e43de6
ADJURANT;delete;2026-09-18T11:12:16+00:00;20260918111216-e43de6
ADJURAIT;delete;2026-09-18T11:12:16+00:00;20260918111216-e43de6
ADJURAMES;delete;2026-09-18T11:12:16+00:00;20260918111216-e43de6
ADJURASSE;delete;2026-09-18T11:12:16+00:00;20260918111216-e43de6
ADJURATES;delete;2026-09-18T11:12:16+00:00;20260918111216-e43de6
ADJURERAS;delete;2026-09-18T11:12:16+00:00;20260918111216-e43de6
ADJUREREZ;delete;2026-09-18T11:12:16+00:00;20260918111216-e43de6
ADJURIONS;delete;2026-09-18T11:12:16+00:00;20260918111216-e43de6
ADJURERAI;delete;2026-09-18T11:12:16+00:00;20260918111216-e43de6
ADJURASSES;delete;2026-09-18T11:12:16+00:00;20260918111216-e43de6
ADJURERAIS;delete;2026-09-18T11:12:16+00:00;20260918111216-e43de6
ADJURERENT;delete;2026-09-18T11:12:16+00:00;20260918111216-e43de6
ADJURERIEZ;delete;2026-09-18T11:12:16+00:00;20260918111216-e43de6
ADJURERONS;delete;2026-09-18T11:12:16+00:00;20260918111216-e43de6
ADJURERONT;delete;2026-09-18T11:12:16+00:00;20260918111216-e43de6
ADJURAIENT;delete;2026-09-18T11:12:16+00:00;20260918111216-e43de6
ADJURERAIT;delete;2026-09-18T11:12:16+00:00;20260918111216-e43de6
ADJURASSENT;delete;2026-09-18T11:12:16+00:00;20260918111216-e43de6
ADJURASSIEZ;delete;2026-09-18T11:12:16+00:00;20260918111216-e43de6
ADJURERIONS;delete;2026-09-18T11:12:16+00:00;20260918111216-e43de6
ADJURASSIONS;delete;2026-09-18T11:12:16+00:00;20260918111216-e43de6
ADJURERAIENT;delete;2026-09-18T11:12:16+00:00;20260918111216-e43de6
ADJUVA;delete;2026-09-18T11:12:18+00:00;20260918111218-6112ba
ADJUVE;delete;2026-09-18T11:12:18+00:00;20260918111218-6112ba
ADJUVAI;delete;2026-09-18T11:12:18+00:00;20260918111218-6112ba
ADJUVAS;delete;2026-09-18T11:12:18+00:00;20260918111218-6112ba
ADJUVEE;delete;2026-09-18T11:12:18+00:00;20260918111218-6112ba
ADJUVES;delete;2026-09-18T11:12:18+00:00;20260918111218-6112ba
ADJUVEZ;delete;2026-09-18T11:12:18+00:00;20260918111218-6112ba
ADJUVAT;delete;2026-09-18T11:12:18+00:00;20260918111218-6112ba
ADJUVER;delete;2026-09-18T11:12:18+00:00;20260918111218-6112ba
ADJUVAIS;delete;2026-09-18T11:12:18+00:00;20260918111218-6112ba
ADJUVAIT;delete;2026-09-18T11:12:18+00:00;20260918111218-6112ba
ADJUVEES;delete;2026-09-18T11:12:18+00:00;20260918111218-6112ba
ADJUVENT;delete;2026-09-18T11:12:18+00:00;20260918111218-6112ba
ADJUVERA;delete;2026-09-18T11:12:18+00:00;20260918111218-6112ba
ADJUVIEZ;delete;2026-09-18T11:12:18+00:00;20260918111218-6112ba
ADJUVONS;delete;2026-09-18T11:12:18+00:00;20260918111218-6112ba
ADJUVANT;delete;2026-09-18T11:12:18+00:00;20260918111218-6112ba
ADJUVAMES;delete;2026-09-18T11:12:18+00:00;20260918111218-6112ba
ADJUVASSE;delete;2026-09-18T11:12:18+00:00;20260918111218-6112ba
ADJUVATES;delete;2026-09-18T11:12:18+00:00;20260918111218-6112ba
ADJUVERAI;delete;2026-09-18T11:12:18+00:00;20260918111218-6112ba
ADJUVERAS;delete;2026-09-18T11:12:18+00:00;20260918111218-6112ba
ADJUVEREZ;delete;2026-09-18T11:12:18+00:00;20260918111218-6112ba
ADJUVIONS;delete;2026-09-18T11:12:18+00:00;20260918111218-6112ba
ADJUVAIENT;delete;2026-09-18T11:12:18+00:00;20260918111218-6112ba
ADJUVASSES;delete;2026-09-18T11:12:18+00:00;20260918111218-6112ba
ADJUVERAIS;delete;2026-09-18T11:12:18+00:00;20260918111218-6112ba
ADJUVERAIT;delete;2026-09-18T11:12:18+00:00;20260918111218-6112ba
ADJUVERENT;delete;2026-09-18T11:12:18+00:00;20260918111218-6112ba
ADJUVERIEZ;delete;2026-09-18T11:12:18+00:00;20260918111218-6112ba
ADJUVERONS;delete;2026-09-18T11:12:18+00:00;20260918111218-6112ba
ADJUVERONT;delete;2026-09-18T11:12:18+00:00;20260918111218-6112ba
ADJUVASSENT;delete;2026-09-18T11:12:18+00:00;20260918111218-6112ba
ADJUVASSIEZ;delete;2026-09-18T11:12:18+00:00;20260918111218-6112ba
ADJUVERIONS;delete;2026-09-18T11:12:18+00:00;20260918111218-6112ba
ADJUVASSIONS;delete;2026-09-18T11:12:18+00:00;20260918111218-6112ba
ADJUVERAIENT;delete;2026-09-18T11:12:18+00:00;20260918111218-6112ba
ADJUVANTE;delete;2026-09-18T11:12:19+00:00;20260918111219-80664b
ADJUVANTS;delete;2026-09-18T11:12:19+00:00;20260918111219-80664b
ADJUVANTES;delete;2026-09-18T11:12:19+00:00;20260918111219-80664b
ADLERIEN;delete;2026-09-18T11:12:20+00:00;20260918111220-29944d
ADLERIENS;delete;2026-09-18T11:12:20+00:00;20260918111220-29944d
ADLERIENNE;delete;2026-09-18T11:12:20+00:00;20260918111220-29944d
ADLERIENNES;delete;2026-09-18T11:12:20+00:00;20260918111220-29944d
ADMIRA;keep;2026-09-18T11:12:22+00:00;20260918111222-715e5d
ADMIRAS;keep;2026-09-18T11:12:22+00:00;20260918111222-715e5d
ADMIRAT;keep;2026-09-18T11:12:22+00:00;20260918111222-715e5d
ADMIRAI;keep;2026-09-18T11:12:22+00:00;20260918111222-715e5d
ADMIREE;keep;2026-09-18T11:12:22+00:00;20260918111222-715e5d
ADMIRES;keep;2026-09-18T11:12:22+00:00;20260918111222-715e5d
ADMIREZ;keep;2026-09-18T11:12:22+00:00;20260918111222-715e5d
ADMIRERA;keep;2026-09-18T11:12:22+00:00;20260918111222-715e5d
ADMIRIEZ;keep;2026-09-18T11:12:22+00:00;20260918111222-715e5d
ADMIREES;keep;2026-09-18T11:12:22+00:00;20260918111222-715e5d
ADMIRONS;keep;2026-09-18T11:12:22+00:00;20260918111222-715e5d
ADMIRENT;keep;2026-09-18T11:12:22+00:00;20260918111222-715e5d
ADMIRANT;keep;2026-09-18T11:12:22+00:00;20260918111222-715e5d
ADMIRANTE;keep;2026-09-18T11:12:22+00:00;20260918111222-715e5d
ADMIRANTS;keep;2026-09-18T11:12:22+00:00;20260918111222-715e5d
ADMIRASSE;keep;2026-09-18T11:12:22+00:00;20260918111222-715e5d
ADMIRATES;keep;2026-09-18T11:12:22+00:00;20260918111222-715e5d
ADMIRERAS;keep;2026-09-18T11:12:22+00:00;20260918111222-715e5d
ADMIRAMES;keep;2026-09-18T11:12:22+00:00;20260918111222-715e5d
ADMIREREZ;keep;2026-09-18T11:12:22+00:00;20260918111222-715e5d
ADMIRERAI;keep;2026-09-18T11:12:22+00:00;20260918111222-715e5d
ADMIRIONS;keep;2026-09-18T11:12:22+00:00;20260918111222-715e5d
ADMIRANTES;keep;2026-09-18T11:12:22+00:00;20260918111222-715e5d
ADMIRASSES;keep;2026-09-18T11:12:22+00:00;20260918111222-715e5d
ADMIRERIEZ;keep;2026-09-18T11:12:22+00:00;20260918111222-715e5d
ADMIRERONS;keep;2026-09-18T11:12:22+00:00;20260918111222-715e5d
ADMIRERAIS;keep;2026-09-18T11:12:22+00:00;20260918111222-715e5d
ADMIRERONT;keep;2026-09-18T11:12:22+00:00;20260918111222-715e5d
ADMIRERAIT;keep;2026-09-18T11:12:22+00:00;20260918111222-715e5d
ADMIRERENT;keep;2026-09-18T11:12:22+00:00;20260918111222-715e5d
ADMIRAIENT;keep;2026-09-18T11:12:22+00:00;20260918111222-715e5d
ADMIRASSENT;keep;2026-09-18T11:12:22+00:00;20260918111222-715e5d
ADMIRASSIEZ;keep;2026-09-18T11:12:22+00:00;20260918111222-715e5d
ADMIRERIONS;keep;2026-09-18T11:12:22+00:00;20260918111222-715e5d
ADMIRASSIONS;keep;2026-09-18T11:12:22+00:00;20260918111222-715e5d
ADMIRERAIENT;keep;2026-09-18T11:12:22+00:00;20260918111222-715e5d
ADMIT;keep;2026-09-18T11:12:35+00:00;20260918111235-69a3f7
ADMISE;keep;2026-09-18T11:12:35+00:00;20260918111235-69a3f7
ADMIMES;keep;2026-09-18T11:12:35+00:00;20260918111235-69a3f7
ADMISSE;keep;2026-09-18T11:12:35+00:00;20260918111235-69a3f7
ADMITES;keep;2026-09-18T11:12:35+00:00;20260918111235-69a3f7
ADMETTE;keep;2026-09-18T11:12:35+00:00;20260918111235-69a3f7
ADMISES;keep;2026-09-18T11:12:35+00:00;20260918111235-69a3f7
ADMISSES;keep;2026-09-18T11:12:35+00:00;20260918111235-69a3f7
ADMETTES;keep;2026-09-18T11:12:35+00:00;20260918111235-69a3f7
ADMETTRA;keep;2026-09-18T11:12:35+00:00;20260918111235-69a3f7
ADMETTEZ;keep;2026-09-18T11:12:35+00:00;20260918111235-69a3f7
ADMISSENT;keep;2026-09-18T11:12:35+00:00;20260918111235-69a3f7
ADMISSIEZ;keep;2026-09-18T11:12:35+00:00;20260918111235-69a3f7
ADMETTIEZ;keep;2026-09-18T11:12:35+00:00;20260918111235-69a3f7
ADMETTRAS;keep;2026-09-18T11:12:35+00:00;20260918111235-69a3f7
ADMETTREZ;keep;2026-09-18T11:12:35+00:00;20260918111235-69a3f7
ADMETTRAI;keep;2026-09-18T11:12:35+00:00;20260918111235-69a3f7
ADMETTENT;keep;2026-09-18T11:12:35+00:00;20260918111235-69a3f7
ADMETTAIS;keep;2026-09-18T11:12:35+00:00;20260918111235-69a3f7
ADMETTAIT;keep;2026-09-18T11:12:35+00:00;20260918111235-69a3f7
ADMETTANT;keep;2026-09-18T11:12:35+00:00;20260918111235-69a3f7
ADMETTRIEZ;keep;2026-09-18T11:12:35+00:00;20260918111235-69a3f7
ADMETTRONT;keep;2026-09-18T11:12:35+00:00;20260918111235-69a3f7
ADMETTRONS;keep;2026-09-18T11:12:35+00:00;20260918111235-69a3f7
ADMETTIONS;keep;2026-09-18T11:12:35+00:00;20260918111235-69a3f7
ADMETTRAIS;keep;2026-09-18T11:12:35+00:00;20260918111235-69a3f7
ADMETTRAIT;keep;2026-09-18T11:12:35+00:00;20260918111235-69a3f7
ADMETTRIONS;keep;2026-09-18T11:12:35+00:00;20260918111235-69a3f7
ADMETTAIENT;keep;2026-09-18T11:12:35+00:00;20260918111235-69a3f7
ADMETTRAIENT;keep;2026-09-18T11:12:35+00:00;20260918111235-69a3f7
ADONIEN;delete;2026-09-18T11:13:19+00:00;20260918111319-04623e
ADONIENS;delete;2026-09-18T11:13:19+00:00;20260918111319-04623e
ADONIENNE;delete;2026-09-18T11:13:19+00:00;20260918111319-04623e
ADONIENNES;delete;2026-09-18T11:13:19+00:00;20260918111319-04623e
ADONISA;delete;2026-09-18T11:13:22+00:00;20260918111322-439195
ADONISE;delete;2026-09-18T11:13:22+00:00;20260918111322-439195
ADONISAI;delete;2026-09-18T11:13:22+00:00;20260918111322-439195
ADONISAS;delete;2026-09-18T11:13:22+00:00;20260918111322-439195
ADONISAT;delete;2026-09-18T11:13:22+00:00;20260918111322-439195
ADONISEZ;delete;2026-09-18T11:13:22+00:00;20260918111322-439195
ADONISER;delete;2026-09-18T11:13:22+00:00;20260918111322-439195
ADONISAIS;delete;2026-09-18T11:13:22+00:00;20260918111322-439195
ADONISAIT;delete;2026-09-18T11:13:22+00:00;20260918111322-439195
ADONISENT;delete;2026-09-18T11:13:22+00:00;20260918111322-439195
ADONISERA;delete;2026-09-18T11:13:22+00:00;20260918111322-439195
ADONISIEZ;delete;2026-09-18T11:13:22+00:00;20260918111322-439195
ADONISONS;delete;2026-09-18T11:13:22+00:00;20260918111322-439195
ADONISANT;delete;2026-09-18T11:13:22+00:00;20260918111322-439195
ADONISAMES;delete;2026-09-18T11:13:22+00:00;20260918111322-439195
ADONISASSE;delete;2026-09-18T11:13:22+00:00;20260918111322-439195
ADONISATES;delete;2026-09-18T11:13:22+00:00;20260918111322-439195
ADONISERAI;delete;2026-09-18T11:13:22+00:00;20260918111322-439195
ADONISERAS;delete;2026-09-18T11:13:22+00:00;20260918111322-439195
ADONISEREZ;delete;2026-09-18T11:13:22+00:00;20260918111322-439195
ADONISIONS;delete;2026-09-18T11:13:22+00:00;20260918111322-439195
ADONISAIENT;delete;2026-09-18T11:13:22+00:00;20260918111322-439195
ADONISASSES;delete;2026-09-18T11:13:22+00:00;20260918111322-439195
ADONISERAIS;delete;2026-09-18T11:13:22+00:00;20260918111322-439195
ADONISERAIT;delete;2026-09-18T11:13:22+00:00;20260918111322-439195
ADONISERENT;delete;2026-09-18T11:13:22+00:00;20260918111322-439195
ADONISERIEZ;delete;2026-09-18T11:13:22+00:00;20260918111322-439195
ADONISERONS;delete;2026-09-18T11:13:22+00:00;20260918111322-439195
ADONISERONT;delete;2026-09-18T11:13:22+00:00;20260918111322-439195
ADONISASSENT;delete;2026-09-18T11:13:22+00:00;20260918111322-439195
ADONISASSIEZ;delete;2026-09-18T11:13:22+00:00;20260918111322-439195
ADONISERIONS;delete;2026-09-18T11:13:22+00:00;20260918111322-439195
ADONISASSIONS;delete;2026-09-18T11:13:22+00:00;20260918111322-439195
ADONISERAIENT;delete;2026-09-18T11:13:22+00:00;20260918111322-439195
ADONISEE;delete;2026-09-18T11:13:23+00:00;20260918111323-b8ecdc
ADONISES;delete;2026-09-18T11:13:23+00:00;20260918111323-b8ecdc
ADONISEES;delete;2026-09-18T11:13:23+00:00;20260918111323-b8ecdc
ADONNA;delete;2026-09-18T11:13:25+00:00;20260918111325-61e342
ADONNE;delete;2026-09-18T11:13:25+00:00;20260918111325-61e342
ADONNAS;delete;2026-09-18T11:13:25+00:00;20260918111325-61e342
ADONNAT;delete;2026-09-18T11:13:25+00:00;20260918111325-61e342
ADONNEZ;delete;2026-09-18T11:13:25+00:00;20260918111325-61e342
ADONNEE;delete;2026-09-18T11:13:25+00:00;20260918111325-61e342
ADONNAI;delete;2026-09-18T11:13:25+00:00;20260918111325-61e342
ADONNES;delete;2026-09-18T11:13:25+00:00;20260918111325-61e342
ADONNER;delete;2026-09-18T11:13:25+00:00;20260918111325-61e342
ADONNERA;delete;2026-09-18T11:13:25+00:00;20260918111325-61e342
ADONNIEZ;delete;2026-09-18T11:13:25+00:00;20260918111325-61e342
ADONNONS;delete;2026-09-18T11:13:25+00:00;20260918111325-61e342
ADONNEES;delete;2026-09-18T11:13:25+00:00;20260918111325-61e342
ADONNANT;delete;2026-09-18T11:13:25+00:00;20260918111325-61e342
ADONNAIS;delete;2026-09-18T11:13:25+00:00;20260918111325-61e342
ADONNENT;delete;2026-09-18T11:13:25+00:00;20260918111325-61e342
ADONNAIT;delete;2026-09-18T11:13:25+00:00;20260918111325-61e342
ADONNAMES;delete;2026-09-18T11:13:25+00:00;20260918111325-61e342
ADONNASSE;delete;2026-09-18T11:13:25+00:00;20260918111325-61e342
ADONNATES;delete;2026-09-18T11:13:25+00:00;20260918111325-61e342
ADONNERAI;delete;2026-09-18T11:13:25+00:00;20260918111325-61e342
ADONNERAS;delete;2026-09-18T11:13:25+00:00;20260918111325-61e342
ADONNEREZ;delete;2026-09-18T11:13:25+00:00;20260918111325-61e342
ADONNIONS;delete;2026-09-18T11:13:25+00:00;20260918111325-61e342
ADONNASSES;delete;2026-09-18T11:13:25+00:00;20260918111325-61e342
ADONNERAIS;delete;2026-09-18T11:13:25+00:00;20260918111325-61e342
ADONNERENT;delete;2026-09-18T11:13:25+00:00;20260918111325-61e342
ADONNERIEZ;delete;2026-09-18T11:13:25+00:00;20260918111325-61e342
ADONNERONS;delete;2026-09-18T11:13:25+00:00;20260918111325-61e342
ADONNERONT;delete;2026-09-18T11:13:25+00:00;20260918111325-61e342
ADONNERAIT;delete;2026-09-18T11:13:25+00:00;20260918111325-61e342
ADONNAIENT;delete;2026-09-18T11:13:25+00:00;20260918111325-61e342
ADONNASSENT;delete;2026-09-18T11:13:25+00:00;20260918111325-61e342
ADONNASSIEZ;delete;2026-09-18T11:13:25+00:00;20260918111325-61e342
ADONNERIONS;delete;2026-09-18T11:13:25+00:00;20260918111325-61e342
ADONNASSIONS;delete;2026-09-18T11:13:25+00:00;20260918111325-61e342
ADONNERAIENT;delete;2026-09-18T11:13:25+00:00;20260918111325-61e342
ADOPTA;keep;2026-09-18T11:13:26+00:00;20260918111326-56148a
ADOPTAS;keep;2026-09-18T11:13:26+00:00;20260918111326-56148a
ADOPTEZ;keep;2026-09-18T11:13:26+00:00;20260918111326-56148a
ADOPTAT;keep;2026-09-18T11:13:26+00:00;20260918111326-56148a
ADOPTAI;keep;2026-09-18T11:13:26+00:00;20260918111326-56148a
ADOPTES;keep;2026-09-18T11:13:26+00:00;20260918111326-56148a
ADOPTEE;keep;2026-09-18T11:13:26+00:00;20260918111326-56148a
ADOPTIEZ;keep;2026-09-18T11:13:26+00:00;20260918111326-56148a
ADOPTAIS;keep;2026-09-18T11:13:26+00:00;20260918111326-56148a
ADOPTERA;keep;2026-09-18T11:13:26+00:00;20260918111326-56148a
ADOPTONS;keep;2026-09-18T11:13:26+00:00;20260918111326-56148a
ADOPTENT;keep;2026-09-18T11:13:26+00:00;20260918111326-56148a
ADOPTEES;keep;2026-09-18T11:13:26+00:00;20260918111326-56148a
ADOPTANT;keep;2026-09-18T11:13:26+00:00;20260918111326-56148a
ADOPTAIT;keep;2026-09-18T11:13:26+00:00;20260918111326-56148a
ADOPTAMES;keep;2026-09-18T11:13:26+00:00;20260918111326-56148a
ADOPTASSE;keep;2026-09-18T11:13:26+00:00;20260918111326-56148a
ADOPTATES;keep;2026-09-18T11:13:26+00:00;20260918111326-56148a
ADOPTERAS;keep;2026-09-18T11:13:26+00:00;20260918111326-56148a
ADOPTERAI;keep;2026-09-18T11:13:26+00:00;20260918111326-56148a
ADOPTEREZ;keep;2026-09-18T11:13:26+00:00;20260918111326-56148a
ADOPTIONS;keep;2026-09-18T11:13:26+00:00;20260918111326-56148a
ADOPTASSES;keep;2026-09-18T11:13:26+00:00;20260918111326-56148a
ADOPTERAIS;keep;2026-09-18T11:13:26+00:00;20260918111326-56148a
ADOPTERIEZ;keep;2026-09-18T11:13:26+00:00;20260918111326-56148a
ADOPTERONS;keep;2026-09-18T11:13:26+00:00;20260918111326-56148a
ADOPTAIENT;keep;2026-09-18T11:13:26+00:00;20260918111326-56148a
ADOPTERONT;keep;2026-09-18T11:13:26+00:00;20260918111326-56148a
ADOPTERAIT;keep;2026-09-18T11:13:26+00:00;20260918111326-56148a
ADOPTERENT;keep;2026-09-18T11:13:26+00:00;20260918111326-56148a
ADOPTASSENT;keep;2026-09-18T11:13:26+00:00;20260918111326-56148a
ADOPTASSIEZ;keep;2026-09-18T11:13:26+00:00;20260918111326-56148a
ADOPTERIONS;keep;2026-09-18T11:13:26+00:00;20260918111326-56148a
ADOPTASSIONS;keep;2026-09-18T11:13:26+00:00;20260918111326-56148a
ADOPTERAIENT;keep;2026-09-18T11:13:26+00:00;20260918111326-56148a
ADOPTANTS;keep;2026-09-18T11:13:27+00:00;20260918111327-cb5026
ADOPTANTE;keep;2026-09-18T11:13:27+00:00;20260918111327-cb5026
ADOPTANTES;keep;2026-09-18T11:13:27+00:00;20260918111327-cb5026
ADORA;keep;2026-09-18T11:13:30+00:00;20260918111330-b85c88
ADORAS;keep;2026-09-18T11:13:30+00:00;20260918111330-b85c88
ADORAT;keep;2026-09-18T11:13:30+00:00;20260918111330-b85c88
ADORAI;keep;2026-09-18T11:13:30+00:00;20260918111330-b85c88
ADOREZ;keep;2026-09-18T11:13:30+00:00;20260918111330-b85c88
ADOREE;keep;2026-09-18T11:13:30+00:00;20260918111330-b85c88
ADORES;keep;2026-09-18T11:13:30+00:00;20260918111330-b85c88
ADORIEZ;keep;2026-09-18T11:13:30+00:00;20260918111330-b85c88
ADORANT;keep;2026-09-18T11:13:30+00:00;20260918111330-b85c88
ADOREES;keep;2026-09-18T11:13:30+00:00;20260918111330-b85c88
ADORERA;keep;2026-09-18T11:13:30+00:00;20260918111330-b85c88
ADORONS;keep;2026-09-18T11:13:30+00:00;20260918111330-b85c88
ADORAMES;keep;2026-09-18T11:13:30+00:00;20260918111330-b85c88
ADORASSE;keep;2026-09-18T11:13:30+00:00;20260918111330-b85c88
ADORATES;keep;2026-09-18T11:13:30+00:00;20260918111330-b85c88
ADORANTE;keep;2026-09-18T11:13:30+00:00;20260918111330-b85c88
ADORANTS;keep;2026-09-18T11:13:30+00:00;20260918111330-b85c88
ADORIONS;keep;2026-09-18T11:13:30+00:00;20260918111330-b85c88
ADORERAI;keep;2026-09-18T11:13:30+00:00;20260918111330-b85c88
ADOREREZ;keep;2026-09-18T11:13:30+00:00;20260918111330-b85c88
ADORERAS;keep;2026-09-18T11:13:30+00:00;20260918111330-b85c88
ADORANTES;keep;2026-09-18T11:13:30+00:00;20260918111330-b85c88
ADORASSES;keep;2026-09-18T11:13:30+00:00;20260918111330-b85c88
ADORERONS;keep;2026-09-18T11:13:30+00:00;20260918111330-b85c88
ADORERENT;keep;2026-09-18T11:13:30+00:00;20260918111330-b85c88
ADORERIEZ;keep;2026-09-18T11:13:30+00:00;20260918111330-b85c88
ADORERONT;keep;2026-09-18T11:13:30+00:00;20260918111330-b85c88
ADORERAIT;keep;2026-09-18T11:13:30+00:00;20260918111330-b85c88
ADORAIENT;keep;2026-09-18T11:13:30+00:00;20260918111330-b85c88
ADORASSENT;keep;2026-09-18T11:13:30+00:00;20260918111330-b85c88
ADORASSIEZ;keep;2026-09-18T11:13:30+00:00;20260918111330-b85c88
ADORERIONS;keep;2026-09-18T11:13:30+00:00;20260918111330-b85c88
ADORASSIONS;keep;2026-09-18T11:13:30+00:00;20260918111330-b85c88
ADORERAIENT;keep;2026-09-18T11:13:30+00:00;20260918111330-b85c88
ADORNA;delete;2026-09-18T11:13:36+00:00;20260918111336-cbc389
ADORNE;delete;2026-09-18T11:13:36+00:00;20260918111336-cbc389
ADORNAI;delete;2026-09-18T11:13:36+00:00;20260918111336-cbc389
ADORNAS;delete;2026-09-18T11:13:36+00:00;20260918111336-cbc389
ADORNAT;delete;2026-09-18T11:13:36+00:00;20260918111336-cbc389
ADORNEE;delete;2026-09-18T11:13:36+00:00;20260918111336-cbc389
ADORNES;delete;2026-09-18T11:13:36+00:00;20260918111336-cbc389
ADORNEZ;delete;2026-09-18T11:13:36+00:00;20260918111336-cbc389
ADORNER;delete;2026-09-18T11:13:36+00:00;20260918111336-cbc389
ADORNAIS;delete;2026-09-18T11:13:36+00:00;20260918111336-cbc389
ADORNANT;delete;2026-09-18T11:13:36+00:00;20260918111336-cbc389
ADORNEES;delete;2026-09-18T11:13:36+00:00;20260918111336-cbc389
ADORNENT;delete;2026-09-18T11:13:36+00:00;20260918111336-cbc389
ADORNERA;delete;2026-09-18T11:13:36+00:00;20260918111336-cbc389
ADORNIEZ;delete;2026-09-18T11:13:36+00:00;20260918111336-cbc389
ADORNONS;delete;2026-09-18T11:13:36+00:00;20260918111336-cbc389
ADORNAIT;delete;2026-09-18T11:13:36+00:00;20260918111336-cbc389
ADORNAMES;delete;2026-09-18T11:13:36+00:00;20260918111336-cbc389
ADORNASSE;delete;2026-09-18T11:13:36+00:00;20260918111336-cbc389
ADORNATES;delete;2026-09-18T11:13:36+00:00;20260918111336-cbc389
ADORNERAI;delete;2026-09-18T11:13:36+00:00;20260918111336-cbc389
ADORNERAS;delete;2026-09-18T11:13:36+00:00;20260918111336-cbc389
ADORNEREZ;delete;2026-09-18T11:13:36+00:00;20260918111336-cbc389
ADORNIONS;delete;2026-09-18T11:13:36+00:00;20260918111336-cbc389
ADORNASSES;delete;2026-09-18T11:13:36+00:00;20260918111336-cbc389
ADORNERAIS;delete;2026-09-18T11:13:36+00:00;20260918111336-cbc389
ADORNERAIT;delete;2026-09-18T11:13:36+00:00;20260918111336-cbc389
ADORNERENT;delete;2026-09-18T11:13:36+00:00;20260918111336-cbc389
ADORNERIEZ;delete;2026-09-18T11:13:36+00:00;20260918111336-cbc389
ADORNERONS;delete;2026-09-18T11:13:36+00:00;20260918111336-cbc389
ADORNERONT;delete;2026-09-18T11:13:36+00:00;20260918111336-cbc389
ADORNAIENT;delete;2026-09-18T11:13:36+00:00;20260918111336-cbc389
ADORNASSENT;delete;2026-09-18T11:13:36+00:00;20260918111336-cbc389
ADORNASSIEZ;delete;2026-09-18T11:13:36+00:00;20260918111336-cbc389
ADORNERIONS;delete;2026-09-18T11:13:36+00:00;20260918111336-cbc389
ADORNASSIONS;delete;2026-09-18T11:13:36+00:00;20260918111336-cbc389
ADORNERAIENT;delete;2026-09-18T11:13:36+00:00;20260918111336-cbc389
ADOSSA;keep;2026-09-18T11:13:37+00:00;20260918111337-f66fba
ADOSSAS;keep;2026-09-18T11:13:37+00:00;20260918111337-f66fba
ADOSSAT;keep;2026-09-18T11:13:37+00:00;20260918111337-f66fba
ADOSSEZ;keep;2026-09-18T11:13:37+00:00;20260918111337-f66fba
ADOSSAI;keep;2026-09-18T11:13:37+00:00;20260918111337-f66fba
ADOSSER;keep;2026-09-18T11:13:37+00:00;20260918111337-f66fba
ADOSSES;keep;2026-09-18T11:13:37+00:00;20260918111337-f66fba
ADOSSEE;keep;2026-09-18T11:13:37+00:00;20260918111337-f66fba
ADOSSERA;keep;2026-09-18T11:13:37+00:00;20260918111337-f66fba
ADOSSIEZ;keep;2026-09-18T11:13:37+00:00;20260918111337-f66fba
ADOSSONS;keep;2026-09-18T11:13:37+00:00;20260918111337-f66fba
ADOSSENT;keep;2026-09-18T11:13:37+00:00;20260918111337-f66fba
ADOSSAIS;keep;2026-09-18T11:13:37+00:00;20260918111337-f66fba
ADOSSANT;keep;2026-09-18T11:13:37+00:00;20260918111337-f66fba
ADOSSEES;keep;2026-09-18T11:13:37+00:00;20260918111337-f66fba
ADOSSAIT;keep;2026-09-18T11:13:37+00:00;20260918111337-f66fba
ADOSSAMES;keep;2026-09-18T11:13:37+00:00;20260918111337-f66fba
ADOSSASSE;keep;2026-09-18T11:13:37+00:00;20260918111337-f66fba
ADOSSATES;keep;2026-09-18T11:13:37+00:00;20260918111337-f66fba
ADOSSERAI;keep;2026-09-18T11:13:37+00:00;20260918111337-f66fba
ADOSSERAS;keep;2026-09-18T11:13:37+00:00;20260918111337-f66fba
ADOSSEREZ;keep;2026-09-18T11:13:37+00:00;20260918111337-f66fba
ADOSSIONS;keep;2026-09-18T11:13:37+00:00;20260918111337-f66fba
ADOSSASSES;keep;2026-09-18T11:13:37+00:00;20260918111337-f66fba
ADOSSERAIS;keep;2026-09-18T11:13:37+00:00;20260918111337-f66fba
ADOSSERAIT;keep;2026-09-18T11:13:37+00:00;20260918111337-f66fba
ADOSSERIEZ;keep;2026-09-18T11:13:37+00:00;20260918111337-f66fba
ADOSSERONS;keep;2026-09-18T11:13:37+00:00;20260918111337-f66fba
ADOSSERONT;keep;2026-09-18T11:13:37+00:00;20260918111337-f66fba
ADOSSERENT;keep;2026-09-18T11:13:37+00:00;20260918111337-f66fba
ADOSSAIENT;keep;2026-09-18T11:13:37+00:00;20260918111337-f66fba
ADOSSASSENT;keep;2026-09-18T11:13:37+00:00;20260918111337-f66fba
ADOSSASSIEZ;keep;2026-09-18T11:13:37+00:00;20260918111337-f66fba
ADOSSERIONS;keep;2026-09-18T11:13:37+00:00;20260918111337-f66fba
ADOSSASSIONS;keep;2026-09-18T11:13:37+00:00;20260918111337-f66fba
ADOSSERAIENT;keep;2026-09-18T11:13:37+00:00;20260918111337-f66fba
ADOUBA;keep;2026-09-18T11:13:39+00:00;20260918111339-be228c
ADOUBE;keep;2026-09-18T11:13:39+00:00;20260918111339-be228c
ADOUBAI;keep;2026-09-18T11:13:39+00:00;20260918111339-be228c
ADOUBAS;keep;2026-09-18T11:13:39+00:00;20260918111339-be228c
ADOUBAT;keep;2026-09-18T11:13:39+00:00;20260918111339-be228c
ADOUBEE;keep;2026-09-18T11:13:39+00:00;20260918111339-be228c
ADOUBES;keep;2026-09-18T11:13:39+00:00;20260918111339-be228c
ADOUBEZ;keep;2026-09-18T11:13:39+00:00;20260918111339-be228c
ADOUBER;keep;2026-09-18T11:13:39+00:00;20260918111339-be228c
ADOUBAIS;keep;2026-09-18T11:13:39+00:00;20260918111339-be228c
ADOUBAIT;keep;2026-09-18T11:13:39+00:00;20260918111339-be228c
ADOUBANT;keep;2026-09-18T11:13:39+00:00;20260918111339-be228c
ADOUBEES;keep;2026-09-18T11:13:39+00:00;20260918111339-be228c
ADOUBENT;keep;2026-09-18T11:13:39+00:00;20260918111339-be228c
ADOUBERA;keep;2026-09-18T11:13:39+00:00;20260918111339-be228c
ADOUBIEZ;keep;2026-09-18T11:13:39+00:00;20260918111339-be228c
ADOUBONS;keep;2026-09-18T11:13:39+00:00;20260918111339-be228c
ADOUBAMES;keep;2026-09-18T11:13:39+00:00;20260918111339-be228c
ADOUBASSE;keep;2026-09-18T11:13:39+00:00;20260918111339-be228c
ADOUBATES;keep;2026-09-18T11:13:39+00:00;20260918111339-be228c
ADOUBERAI;keep;2026-09-18T11:13:39+00:00;20260918111339-be228c
ADOUBERAS;keep;2026-09-18T11:13:39+00:00;20260918111339-be228c
ADOUBEREZ;keep;2026-09-18T11:13:39+00:00;20260918111339-be228c
ADOUBIONS;keep;2026-09-18T11:13:39+00:00;20260918111339-be228c
ADOUBAIENT;keep;2026-09-18T11:13:39+00:00;20260918111339-be228c
ADOUBASSES;keep;2026-09-18T11:13:39+00:00;20260918111339-be228c
ADOUBERAIS;keep;2026-09-18T11:13:39+00:00;20260918111339-be228c
ADOUBERAIT;keep;2026-09-18T11:13:39+00:00;20260918111339-be228c
ADOUBERENT;keep;2026-09-18T11:13:39+00:00;20260918111339-be228c
ADOUBERIEZ;keep;2026-09-18T11:13:39+00:00;20260918111339-be228c
ADOUBERONS;keep;2026-09-18T11:13:39+00:00;20260918111339-be228c
ADOUBERONT;keep;2026-09-18T11:13:39+00:00;20260918111339-be228c
ADOUBASSENT;keep;2026-09-18T11:13:39+00:00;20260918111339-be228c
ADOUBASSIEZ;keep;2026-09-18T11:13:39+00:00;20260918111339-be228c
ADOUBERIONS;keep;2026-09-18T11:13:39+00:00;20260918111339-be228c
ADOUBASSIONS;keep;2026-09-18T11:13:39+00:00;20260918111339-be228c
ADOUBERAIENT;keep;2026-09-18T11:13:39+00:00;20260918111339-be228c
ADOUCI;keep;2026-09-18T11:13:40+00:00;20260918111340-76f8cf
ADOUCIS;keep;2026-09-18T11:13:40+00:00;20260918111340-76f8cf
ADOUCIE;keep;2026-09-18T11:13:40+00:00;20260918111340-76f8cf
ADOUCIT;keep;2026-09-18T11:13:40+00:00;20260918111340-76f8cf
ADOUCIR;keep;2026-09-18T11:13:40+00:00;20260918111340-76f8cf
ADOUCIRA;keep;2026-09-18T11:13:40+00:00;20260918111340-76f8cf
ADOUCIES;keep;2026-09-18T11:13:40+00:00;20260918111340-76f8cf
ADOUCIMES;keep;2026-09-18T11:13:40+00:00;20260918111340-76f8cf
ADOUCIRAI;keep;2026-09-18T11:13:40+00:00;20260918111340-76f8cf
ADOUCIRAS;keep;2026-09-18T11:13:40+00:00;20260918111340-76f8cf
ADOUCIREZ;keep;2026-09-18T11:13:40+00:00;20260918111340-76f8cf
ADOUCITES;keep;2026-09-18T11:13:40+00:00;20260918111340-76f8cf
ADOUCISSE;keep;2026-09-18T11:13:40+00:00;20260918111340-76f8cf
ADOUCIRAIS;keep;2026-09-18T11:13:40+00:00;20260918111340-76f8cf
ADOUCIRIEZ;keep;2026-09-18T11:13:40+00:00;20260918111340-76f8cf
ADOUCIRONS;keep;2026-09-18T11:13:40+00:00;20260918111340-76f8cf
ADOUCIRONT;keep;2026-09-18T11:13:40+00:00;20260918111340-76f8cf
ADOUCISSES;keep;2026-09-18T11:13:40+00:00;20260918111340-76f8cf
ADOUCIRENT;keep;2026-09-18T11:13:40+00:00;20260918111340-76f8cf
ADOUCISSEZ;keep;2026-09-18T11:13:40+00:00;20260918111340-76f8cf
ADOUCIRAIT;keep;2026-09-18T11:13:40+00:00;20260918111340-76f8cf
ADOUCIRIONS;keep;2026-09-18T11:13:40+00:00;20260918111340-76f8cf
ADOUCISSAIS;keep;2026-09-18T11:13:40+00:00;20260918111340-76f8cf
ADOUCISSIEZ;keep;2026-09-18T11:13:40+00:00;20260918111340-76f8cf
ADOUCISSONS;keep;2026-09-18T11:13:40+00:00;20260918111340-76f8cf
ADOUCISSENT;keep;2026-09-18T11:13:40+00:00;20260918111340-76f8cf
ADOUCISSANT;keep;2026-09-18T11:13:40+00:00;20260918111340-76f8cf
ADOUCISSAIT;keep;2026-09-18T11:13:40+00:00;20260918111340-76f8cf
ADOUCIRAIENT;keep;2026-09-18T11:13:40+00:00;20260918111340-76f8cf
ADOUCISSIONS;keep;2026-09-18T11:13:40+00:00;20260918111340-76f8cf
ADOUCISSAIENT;keep;2026-09-18T11:13:40+00:00;20260918111340-76f8cf
ADROGE;delete;2026-09-18T11:13:41+00:00;20260918111341-61b4df
ADROGEA;delete;2026-09-18T11:13:41+00:00;20260918111341-61b4df
ADROGEE;delete;2026-09-18T11:13:41+00:00;20260918111341-61b4df
ADROGES;delete;2026-09-18T11:13:41+00:00;20260918111341-61b4df
ADROGEZ;delete;2026-09-18T11:13:41+00:00;20260918111341-61b4df
ADROGER;delete;2026-09-18T11:13:41+00:00;20260918111341-61b4df
ADROGEAI;delete;2026-09-18T11:13:41+00:00;20260918111341-61b4df
ADROGEAS;delete;2026-09-18T11:13:41+00:00;20260918111341-61b4df
ADROGEAT;delete;2026-09-18T11:13:41+00:00;20260918111341-61b4df
ADROGEES;delete;2026-09-18T11:13:41+00:00;20260918111341-61b4df
ADROGENT;delete;2026-09-18T11:13:41+00:00;20260918111341-61b4df
ADROGERA;delete;2026-09-18T11:13:41+00:00;20260918111341-61b4df
ADROGIEZ;delete;2026-09-18T11:13:41+00:00;20260918111341-61b4df
ADROGEAIS;delete;2026-09-18T11:13:41+00:00;20260918111341-61b4df
ADROGEAIT;delete;2026-09-18T11:13:41+00:00;20260918111341-61b4df
ADROGEANT;delete;2026-09-18T11:13:41+00:00;20260918111341-61b4df
ADROGEONS;delete;2026-09-18T11:13:41+00:00;20260918111341-61b4df
ADROGERAI;delete;2026-09-18T11:13:41+00:00;20260918111341-61b4df
ADROGERAS;delete;2026-09-18T11:13:41+00:00;20260918111341-61b4df
ADROGEREZ;delete;2026-09-18T11:13:41+00:00;20260918111341-61b4df
ADROGIONS;delete;2026-09-18T11:13:41+00:00;20260918111341-61b4df
ADROGEAMES;delete;2026-09-18T11:13:41+00:00;20260918111341-61b4df
ADROGEASSE;delete;2026-09-18T11:13:41+00:00;20260918111341-61b4df
ADROGEATES;delete;2026-09-18T11:13:41+00:00;20260918111341-61b4df
ADROGERAIS;delete;2026-09-18T11:13:41+00:00;20260918111341-61b4df
ADROGERAIT;delete;2026-09-18T11:13:41+00:00;20260918111341-61b4df
ADROGERENT;delete;2026-09-18T11:13:41+00:00;20260918111341-61b4df
ADROGERIEZ;delete;2026-09-18T11:13:41+00:00;20260918111341-61b4df
ADROGERONS;delete;2026-09-18T11:13:41+00:00;20260918111341-61b4df
ADROGERONT;delete;2026-09-18T11:13:41+00:00;20260918111341-61b4df
ADROGEAIENT;delete;2026-09-18T11:13:41+00:00;20260918111341-61b4df
ADROGEASSES;delete;2026-09-18T11:13:41+00:00;20260918111341-61b4df
ADROGERIONS;delete;2026-09-18T11:13:41+00:00;20260918111341-61b4df
ADROGEASSENT;delete;2026-09-18T11:13:41+00:00;20260918111341-61b4df
ADROGEASSIEZ;delete;2026-09-18T11:13:41+00:00;20260918111341-61b4df
ADROGERAIENT;delete;2026-09-18T11:13:41+00:00;20260918111341-61b4df
ADROGEASSIONS;delete;2026-09-18T11:13:41+00:00;20260918111341-61b4df
ADSCRIT;delete;2026-09-18T11:13:43+00:00;20260918111343-b45c1e
ADSCRITE;delete;2026-09-18T11:13:43+00:00;20260918111343-b45c1e
ADSCRITS;delete;2026-09-18T11:13:43+00:00;20260918111343-b45c1e
ADSCRITES;delete;2026-09-18T11:13:43+00:00;20260918111343-b45c1e
ADSORBA;delete;2026-09-18T11:13:44+00:00;20260918111344-21aa98
ADSORBE;delete;2026-09-18T11:13:44+00:00;20260918111344-21aa98
ADSORBAI;delete;2026-09-18T11:13:44+00:00;20260918111344-21aa98
ADSORBAS;delete;2026-09-18T11:13:44+00:00;20260918111344-21aa98
ADSORBEE;delete;2026-09-18T11:13:44+00:00;20260918111344-21aa98
ADSORBES;delete;2026-09-18T11:13:44+00:00;20260918111344-21aa98
ADSORBEZ;delete;2026-09-18T11:13:44+00:00;20260918111344-21aa98
ADSORBAT;delete;2026-09-18T11:13:44+00:00;20260918111344-21aa98
ADSORBER;delete;2026-09-18T11:13:44+00:00;20260918111344-21aa98
ADSORBAIS;delete;2026-09-18T11:13:44+00:00;20260918111344-21aa98
ADSORBAIT;delete;2026-09-18T11:13:44+00:00;20260918111344-21aa98
ADSORBEES;delete;2026-09-18T11:13:44+00:00;20260918111344-21aa98
ADSORBENT;delete;2026-09-18T11:13:44+00:00;20260918111344-21aa98
ADSORBERA;delete;2026-09-18T11:13:44+00:00;20260918111344-21aa98
ADSORBIEZ;delete;2026-09-18T11:13:44+00:00;20260918111344-21aa98
ADSORBONS;delete;2026-09-18T11:13:44+00:00;20260918111344-21aa98
ADSORBANT;delete;2026-09-18T11:13:44+00:00;20260918111344-21aa98
ADSORBAMES;delete;2026-09-18T11:13:44+00:00;20260918111344-21aa98
ADSORBASSE;delete;2026-09-18T11:13:44+00:00;20260918111344-21aa98
ADSORBATES;delete;2026-09-18T11:13:44+00:00;20260918111344-21aa98
ADSORBERAI;delete;2026-09-18T11:13:44+00:00;20260918111344-21aa98
ADSORBERAS;delete;2026-09-18T11:13:44+00:00;20260918111344-21aa98
ADSORBEREZ;delete;2026-09-18T11:13:44+00:00;20260918111344-21aa98
ADSORBIONS;delete;2026-09-18T11:13:44+00:00;20260918111344-21aa98
ADSORBAIENT;delete;2026-09-18T11:13:44+00:00;20260918111344-21aa98
ADSORBASSES;delete;2026-09-18T11:13:44+00:00;20260918111344-21aa98
ADSORBERAIS;delete;2026-09-18T11:13:44+00:00;20260918111344-21aa98
ADSORBERAIT;delete;2026-09-18T11:13:44+00:00;20260918111344-21aa98
ADSORBERENT;delete;2026-09-18T11:13:44+00:00;20260918111344-21aa98
ADSORBERIEZ;delete;2026-09-18T11:13:44+00:00;20260918111344-21aa98
ADSORBERONS;delete;2026-09-18T11:13:44+00:00;20260918111344-21aa98
ADSORBERONT;delete;2026-09-18T11:13:44+00:00;20260918111344-21aa98
ADSORBASSENT;delete;2026-09-18T11:13:44+00:00;20260918111344-21aa98
ADSORBASSIEZ;delete;2026-09-18T11:13:44+00:00;20260918111344-21aa98
ADSORBERIONS;delete;2026-09-18T11:13:44+00:00;20260918111344-21aa98
ADSORBASSIONS;delete;2026-09-18T11:13:44+00:00;20260918111344-21aa98
ADSORBERAIENT;delete;2026-09-18T11:13:44+00:00;20260918111344-21aa98
ADULE;keep;2026-09-18T11:13:51+00:00;20260918111351-15d5c9
ADULAI;keep;2026-09-18T11:13:51+00:00;20260918111351-15d5c9
ADULAS;keep;2026-09-18T11:13:51+00:00;20260918111351-15d5c9
ADULAT;keep;2026-09-18T11:13:51+00:00;20260918111351-15d5c9
ADULEZ;keep;2026-09-18T11:13:51+00:00;20260918111351-15d5c9
ADULER;keep;2026-09-18T11:13:51+00:00;20260918111351-15d5c9
ADULES;keep;2026-09-18T11:13:51+00:00;20260918111351-15d5c9
ADULEE;keep;2026-09-18T11:13:51+00:00;20260918111351-15d5c9
ADULANT;keep;2026-09-18T11:13:51+00:00;20260918111351-15d5c9
ADULERA;keep;2026-09-18T11:13:51+00:00;20260918111351-15d5c9
ADULIEZ;keep;2026-09-18T11:13:51+00:00;20260918111351-15d5c9
ADULONS;keep;2026-09-18T11:13:51+00:00;20260918111351-15d5c9
ADULAIS;keep;2026-09-18T11:13:51+00:00;20260918111351-15d5c9
ADULAIT;keep;2026-09-18T11:13:51+00:00;20260918111351-15d5c9
ADULENT;keep;2026-09-18T11:13:51+00:00;20260918111351-15d5c9
ADULAMES;keep;2026-09-18T11:13:51+00:00;20260918111351-15d5c9
ADULASSE;keep;2026-09-18T11:13:51+00:00;20260918111351-15d5c9
ADULATES;keep;2026-09-18T11:13:51+00:00;20260918111351-15d5c9
ADULERAI;keep;2026-09-18T11:13:51+00:00;20260918111351-15d5c9
ADULERAS;keep;2026-09-18T11:13:51+00:00;20260918111351-15d5c9
ADULEREZ;keep;2026-09-18T11:13:51+00:00;20260918111351-15d5c9
ADULIONS;keep;2026-09-18T11:13:51+00:00;20260918111351-15d5c9
ADULASSES;keep;2026-09-18T11:13:51+00:00;20260918111351-15d5c9
ADULERAIS;keep;2026-09-18T11:13:51+00:00;20260918111351-15d5c9
ADULERAIT;keep;2026-09-18T11:13:51+00:00;20260918111351-15d5c9
ADULERENT;keep;2026-09-18T11:13:51+00:00;20260918111351-15d5c9
ADULERIEZ;keep;2026-09-18T11:13:51+00:00;20260918111351-15d5c9
ADULERONS;keep;2026-09-18T11:13:51+00:00;20260918111351-15d5c9
ADULERONT;keep;2026-09-18T11:13:51+00:00;20260918111351-15d5c9
ADULAIENT;keep;2026-09-18T11:13:51+00:00;20260918111351-15d5c9
ADULASSENT;keep;2026-09-18T11:13:51+00:00;20260918111351-15d5c9
ADULASSIEZ;keep;2026-09-18T11:13:51+00:00;20260918111351-15d5c9
ADULERIONS;keep;2026-09-18T11:13:51+00:00;20260918111351-15d5c9
ADULASSIONS;keep;2026-09-18T11:13:51+00:00;20260918111351-15d5c9
ADULERAIENT;keep;2026-09-18T11:13:51+00:00;20260918111351-15d5c9
ADULTERAI;keep;2026-09-18T11:14:03+00:00;20260918111403-0dce16
ADULTERAS;keep;2026-09-18T11:14:03+00:00;20260918111403-0dce16
ADULTERAT;keep;2026-09-18T11:14:03+00:00;20260918111403-0dce16
ADULTEREE;keep;2026-09-18T11:14:03+00:00;20260918111403-0dce16
ADULTEREZ;keep;2026-09-18T11:14:03+00:00;20260918111403-0dce16
ADULTERER;keep;2026-09-18T11:14:03+00:00;20260918111403-0dce16
ADULTERAIS;keep;2026-09-18T11:14:03+00:00;20260918111403-0dce16
ADULTERAIT;keep;2026-09-18T11:14:03+00:00;20260918111403-0dce16
ADULTERANT;keep;2026-09-18T11:14:03+00:00;20260918111403-0dce16
ADULTERENT;keep;2026-09-18T11:14:03+00:00;20260918111403-0dce16
ADULTERERA;keep;2026-09-18T11:14:03+00:00;20260918111403-0dce16
ADULTERIEZ;keep;2026-09-18T11:14:03+00:00;20260918111403-0dce16
ADULTERONS;keep;2026-09-18T11:14:03+00:00;20260918111403-0dce16
ADULTEREES;keep;2026-09-18T11:14:03+00:00;20260918111403-0dce16
ADULTERAMES;keep;2026-09-18T11:14:03+00:00;20260918111403-0dce16
ADULTERASSE;keep;2026-09-18T11:14:03+00:00;20260918111403-0dce16
ADULTERATES;keep;2026-09-18T11:14:03+00:00;20260918111403-0dce16
ADULTERERAI;keep;2026-09-18T11:14:03+00:00;20260918111403-0dce16
ADULTERERAS;keep;2026-09-18T11:14:03+00:00;20260918111403-0dce16
ADULTEREREZ;keep;2026-09-18T11:14:03+00:00;20260918111403-0dce16
ADULTERIONS;keep;2026-09-18T11:14:03+00:00;20260918111403-0dce16
ADULTERASSES;keep;2026-09-18T11:14:03+00:00;20260918111403-0dce16
ADULTERERAIS;keep;2026-09-18T11:14:03+00:00;20260918111403-0dce16
ADULTERERAIT;keep;2026-09-18T11:14:03+00:00;20260918111403-0dce16
ADULTERERENT;keep;2026-09-18T11:14:03+00:00;20260918111403-0dce16
ADULTERERIEZ;keep;2026-09-18T11:14:03+00:00;20260918111403-0dce16
ADULTERERONS;keep;2026-09-18T11:14:03+00:00;20260918111403-0dce16
ADULTERERONT;keep;2026-09-18T11:14:03+00:00;20260918111403-0dce16
ADULTERAIENT;keep;2026-09-18T11:14:03+00:00;20260918111403-0dce16
ADULTERASSENT;keep;2026-09-18T11:14:03+00:00;20260918111403-0dce16
ADULTERASSIEZ;keep;2026-09-18T11:14:03+00:00;20260918111403-0dce16
ADULTERERIONS;keep;2026-09-18T11:14:03+00:00;20260918111403-0dce16
ADULTERASSIONS;keep;2026-09-18T11:14:03+00:00;20260918111403-0dce16
ADULTERERAIENT;keep;2026-09-18T11:14:03+00:00;20260918111403-0dce16
ADVENTIF;delete;2026-09-18T11:14:07+00:00;20260918111407-32547d
ADVENTIFS;delete;2026-09-18T11:14:07+00:00;20260918111407-32547d
ADVENTIVE;delete;2026-09-18T11:14:07+00:00;20260918111407-32547d
ADVENTIVES;delete;2026-09-18T11:14:07+00:00;20260918111407-32547d
ADVERBAL;keep;2026-09-18T11:14:11+00:00;20260918111411-c2be95
ADVERBALE;keep;2026-09-18T11:14:11+00:00;20260918111411-c2be95
ADVERBAUX;keep;2026-09-18T11:14:11+00:00;20260918111411-c2be95
ADVERBALES;keep;2026-09-18T11:14:11+00:00;20260918111411-c2be95
ADVERSIF;keep;2026-09-18T11:14:14+00:00;20260918111414-9de5ee
ADVERSIFS;keep;2026-09-18T11:14:14+00:00;20260918111414-9de5ee
ADVERSIVE;keep;2026-09-18T11:14:14+00:00;20260918111414-9de5ee
ADVERSIVES;keep;2026-09-18T11:14:14+00:00;20260918111414-9de5ee
ADVENU;keep;2026-09-18T11:14:15+00:00;20260918111415-45803f
ADVINT;keep;2026-09-18T11:14:15+00:00;20260918111415-45803f
ADVENUS;keep;2026-09-18T11:14:15+00:00;20260918111415-45803f
ADVENUE;keep;2026-09-18T11:14:15+00:00;20260918111415-45803f
ADVIENT;keep;2026-09-18T11:14:15+00:00;20260918111415-45803f
ADVENIR;keep;2026-09-18T11:14:15+00:00;20260918111415-45803f
ADVENANT;keep;2026-09-18T11:14:15+00:00;20260918111415-45803f
ADVENUES;keep;2026-09-18T11:14:15+00:00;20260918111415-45803f
ADVENAIT;keep;2026-09-18T11:14:15+00:00;20260918111415-45803f
ADVIENNE;keep;2026-09-18T11:14:15+00:00;20260918111415-45803f
ADVINRENT;keep;2026-09-18T11:14:15+00:00;20260918111415-45803f
ADVIENDRA;keep;2026-09-18T11:14:15+00:00;20260918111415-45803f
ADVENAIENT;keep;2026-09-18T11:14:15+00:00;20260918111415-45803f
ADVINSSENT;keep;2026-09-18T11:14:15+00:00;20260918111415-45803f
ADVIENNENT;keep;2026-09-18T11:14:15+00:00;20260918111415-45803f
ADVIENDRONT;keep;2026-09-18T11:14:15+00:00;20260918111415-45803f
ADVIENDRAIT;keep;2026-09-18T11:14:15+00:00;20260918111415-45803f
ADVIENDRAIENT;keep;2026-09-18T11:14:15+00:00;20260918111415-45803f
AERE;keep;2026-09-18T11:14:16+00:00;20260918111416-145c86
AEREZ;keep;2026-09-18T11:14:16+00:00;20260918111416-145c86
AERER;keep;2026-09-18T11:14:16+00:00;20260918111416-145c86
AERAIS;keep;2026-09-18T11:14:16+00:00;20260918111416-145c86
AERANT;keep;2026-09-18T11:14:16+00:00;20260918111416-145c86
AERENT;keep;2026-09-18T11:14:16+00:00;20260918111416-145c86
AERERA;keep;2026-09-18T11:14:16+00:00;20260918111416-145c86
AERIEZ;keep;2026-09-18T11:14:16+00:00;20260918111416-145c86
AERONS;keep;2026-09-18T11:14:16+00:00;20260918111416-145c86
AERAIT;keep;2026-09-18T11:14:16+00:00;20260918111416-145c86
AERAMES;keep;2026-09-18T11:14:16+00:00;20260918111416-145c86
AERASSE;keep;2026-09-18T11:14:16+00:00;20260918111416-145c86
AERATES;keep;2026-09-18T11:14:16+00:00;20260918111416-145c86
AERERAI;keep;2026-09-18T11:14:16+00:00;20260918111416-145c86
AERERAS;keep;2026-09-18T11:14:16+00:00;20260918111416-145c86
AEREREZ;keep;2026-09-18T11:14:16+00:00;20260918111416-145c86
AERIONS;keep;2026-09-18T11:14:16+00:00;20260918111416-145c86
AERASSES;keep;2026-09-18T11:14:16+00:00;20260918111416-145c86
AERERAIS;keep;2026-09-18T11:14:16+00:00;20260918111416-145c86
AERERAIT;keep;2026-09-18T11:14:16+00:00;20260918111416-145c86
AERERIEZ;keep;2026-09-18T11:14:16+00:00;20260918111416-145c86
AERERONS;keep;2026-09-18T11:14:16+00:00;20260918111416-145c86
AERERONT;keep;2026-09-18T11:14:16+00:00;20260918111416-145c86
AERAIENT;keep;2026-09-18T11:14:16+00:00;20260918111416-145c86
AERERENT;keep;2026-09-18T11:14:16+00:00;20260918111416-145c86
AERASSENT;keep;2026-09-18T11:14:16+00:00;20260918111416-145c86
AERASSIEZ;keep;2026-09-18T11:14:16+00:00;20260918111416-145c86
AERERIONS;keep;2026-09-18T11:14:16+00:00;20260918111416-145c86
AERASSIONS;keep;2026-09-18T11:14:16+00:00;20260918111416-145c86
AERERAIENT;keep;2026-09-18T11:14:16+00:00;20260918111416-145c86
AEROPORTA;keep;2026-09-18T11:14:17+00:00;20260918111417-b4fb4f
AEROPORTAI;keep;2026-09-18T11:14:17+00:00;20260918111417-b4fb4f
AEROPORTAS;keep;2026-09-18T11:14:17+00:00;20260918111417-b4fb4f
AEROPORTAT;keep;2026-09-18T11:14:17+00:00;20260918111417-b4fb4f
AEROPORTEZ;keep;2026-09-18T11:14:17+00:00;20260918111417-b4fb4f
AEROPORTER;keep;2026-09-18T11:14:17+00:00;20260918111417-b4fb4f
AEROPORTAIS;keep;2026-09-18T11:14:17+00:00;20260918111417-b4fb4f
AEROPORTAIT;keep;2026-09-18T11:14:17+00:00;20260918111417-b4fb4f
AEROPORTANT;keep;2026-09-18T11:14:17+00:00;20260918111417-b4fb4f
AEROPORTENT;keep;2026-09-18T11:14:17+00:00;20260918111417-b4fb4f
AEROPORTERA;keep;2026-09-18T11:14:17+00:00;20260918111417-b4fb4f
AEROPORTIEZ;keep;2026-09-18T11:14:17+00:00;20260918111417-b4fb4f
AEROPORTONS;keep;2026-09-18T11:14:17+00:00;20260918111417-b4fb4f
AEROPORTAMES;keep;2026-09-18T11:14:17+00:00;20260918111417-b4fb4f
AEROPORTASSE;keep;2026-09-18T11:14:17+00:00;20260918111417-b4fb4f
AEROPORTATES;keep;2026-09-18T11:14:17+00:00;20260918111417-b4fb4f
AEROPORTERAI;keep;2026-09-18T11:14:17+00:00;20260918111417-b4fb4f
AEROPORTERAS;keep;2026-09-18T11:14:17+00:00;20260918111417-b4fb4f
AEROPORTEREZ;keep;2026-09-18T11:14:17+00:00;20260918111417-b4fb4f
AEROPORTIONS;keep;2026-09-18T11:14:17+00:00;20260918111417-b4fb4f
AEROPORTAIENT;keep;2026-09-18T11:14:17+00:00;20260918111417-b4fb4f
AEROPORTASSES;keep;2026-09-18T11:14:17+00:00;20260918111417-b4fb4f
AEROPORTERAIS;keep;2026-09-18T11:14:17+00:00;20260918111417-b4fb4f
AEROPORTERAIT;keep;2026-09-18T11:14:17+00:00;20260918111417-b4fb4f
AEROPORTERENT;keep;2026-09-18T11:14:17+00:00;20260918111417-b4fb4f
AEROPORTERIEZ;keep;2026-09-18T11:14:17+00:00;20260918111417-b4fb4f
AEROPORTERONS;keep;2026-09-18T11:14:17+00:00;20260918111417-b4fb4f
AEROPORTERONT;keep;2026-09-18T11:14:17+00:00;20260918111417-b4fb4f
AEROPORTASSENT;keep;2026-09-18T11:14:17+00:00;20260918111417-b4fb4f
AEROPORTASSIEZ;keep;2026-09-18T11:14:17+00:00;20260918111417-b4fb4f
AEROPORTERIONS;keep;2026-09-18T11:14:17+00:00;20260918111417-b4fb4f
AEROPORTASSIONS;keep;2026-09-18T11:14:17+00:00;20260918111417-b4fb4f
AEROPORTERAIENT;keep;2026-09-18T11:14:17+00:00;20260918111417-b4fb4f
AFFABULA;delete;2026-09-18T11:14:27+00:00;20260918111427-c1e274
AFFABULE;delete;2026-09-18T11:14:27+00:00;20260918111427-c1e274
AFFABULAI;delete;2026-09-18T11:14:27+00:00;20260918111427-c1e274
AFFABULAS;delete;2026-09-18T11:14:27+00:00;20260918111427-c1e274
AFFABULAT;delete;2026-09-18T11:14:27+00:00;20260918111427-c1e274
AFFABULEZ;delete;2026-09-18T11:14:27+00:00;20260918111427-c1e274
AFFABULER;delete;2026-09-18T11:14:27+00:00;20260918111427-c1e274
AFFABULES;delete;2026-09-18T11:14:27+00:00;20260918111427-c1e274
AFFABULAIS;delete;2026-09-18T11:14:27+00:00;20260918111427-c1e274
AFFABULAIT;delete;2026-09-18T11:14:27+00:00;20260918111427-c1e274
AFFABULANT;delete;2026-09-18T11:14:27+00:00;20260918111427-c1e274
AFFABULENT;delete;2026-09-18T11:14:27+00:00;20260918111427-c1e274
AFFABULERA;delete;2026-09-18T11:14:27+00:00;20260918111427-c1e274
AFFABULIEZ;delete;2026-09-18T11:14:27+00:00;20260918111427-c1e274
AFFABULONS;delete;2026-09-18T11:14:27+00:00;20260918111427-c1e274
AFFABULAMES;delete;2026-09-18T11:14:27+00:00;20260918111427-c1e274
AFFABULASSE;delete;2026-09-18T11:14:27+00:00;20260918111427-c1e274
AFFABULATES;delete;2026-09-18T11:14:27+00:00;20260918111427-c1e274
AFFABULERAI;delete;2026-09-18T11:14:27+00:00;20260918111427-c1e274
AFFABULERAS;delete;2026-09-18T11:14:27+00:00;20260918111427-c1e274
AFFABULEREZ;delete;2026-09-18T11:14:27+00:00;20260918111427-c1e274
AFFABULIONS;delete;2026-09-18T11:14:27+00:00;20260918111427-c1e274
AFFABULAIENT;delete;2026-09-18T11:14:27+00:00;20260918111427-c1e274
AFFABULASSES;delete;2026-09-18T11:14:27+00:00;20260918111427-c1e274
AFFABULERAIS;delete;2026-09-18T11:14:27+00:00;20260918111427-c1e274
AFFABULERAIT;delete;2026-09-18T11:14:27+00:00;20260918111427-c1e274
AFFABULERENT;delete;2026-09-18T11:14:27+00:00;20260918111427-c1e274
AFFABULERIEZ;delete;2026-09-18T11:14:27+00:00;20260918111427-c1e274
AFFABULERONS;delete;2026-09-18T11:14:27+00:00;20260918111427-c1e274
AFFABULERONT;delete;2026-09-18T11:14:27+00:00;20260918111427-c1e274
AFFABULASSENT;delete;2026-09-18T11:14:27+00:00;20260918111427-c1e274
AFFABULASSIEZ;delete;2026-09-18T11:14:27+00:00;20260918111427-c1e274
AFFABULERIONS;delete;2026-09-18T11:14:27+00:00;20260918111427-c1e274
AFFABULASSIONS;delete;2026-09-18T11:14:27+00:00;20260918111427-c1e274
AFFABULERAIENT;delete;2026-09-18T11:14:27+00:00;20260918111427-c1e274
AFFACTURA;delete;2026-09-18T11:14:29+00:00;20260918111429-366031
AFFACTURE;delete;2026-09-18T11:14:29+00:00;20260918111429-366031
AFFACTURAI;delete;2026-09-18T11:14:29+00:00;20260918111429-366031
AFFACTURAS;delete;2026-09-18T11:14:29+00:00;20260918111429-366031
AFFACTURAT;delete;2026-09-18T11:14:29+00:00;20260918111429-366031
AFFACTUREE;delete;2026-09-18T11:14:29+00:00;20260918111429-366031
AFFACTURES;delete;2026-09-18T11:14:29+00:00;20260918111429-366031
AFFACTUREZ;delete;2026-09-18T11:14:29+00:00;20260918111429-366031
AFFACTURER;delete;2026-09-18T11:14:29+00:00;20260918111429-366031
AFFACTURAIS;delete;2026-09-18T11:14:29+00:00;20260918111429-366031
AFFACTURAIT;delete;2026-09-18T11:14:29+00:00;20260918111429-366031
AFFACTURANT;delete;2026-09-18T11:14:29+00:00;20260918111429-366031
AFFACTUREES;delete;2026-09-18T11:14:29+00:00;20260918111429-366031
AFFACTURENT;delete;2026-09-18T11:14:29+00:00;20260918111429-366031
AFFACTURERA;delete;2026-09-18T11:14:29+00:00;20260918111429-366031
AFFACTURIEZ;delete;2026-09-18T11:14:29+00:00;20260918111429-366031
AFFACTURONS;delete;2026-09-18T11:14:29+00:00;20260918111429-366031
AFFACTURAMES;delete;2026-09-18T11:14:29+00:00;20260918111429-366031
AFFACTURASSE;delete;2026-09-18T11:14:29+00:00;20260918111429-366031
AFFACTURATES;delete;2026-09-18T11:14:29+00:00;20260918111429-366031
AFFACTURERAI;delete;2026-09-18T11:14:29+00:00;20260918111429-366031
AFFACTURERAS;delete;2026-09-18T11:14:29+00:00;20260918111429-366031
AFFACTUREREZ;delete;2026-09-18T11:14:29+00:00;20260918111429-366031
AFFACTURIONS;delete;2026-09-18T11:14:29+00:00;20260918111429-366031
AFFACTURAIENT;delete;2026-09-18T11:14:29+00:00;20260918111429-366031
AFFACTURASSES;delete;2026-09-18T11:14:29+00:00;20260918111429-366031
AFFACTURERAIS;delete;2026-09-18T11:14:29+00:00;20260918111429-366031
AFFACTURERAIT;delete;2026-09-18T11:14:29+00:00;20260918111429-366031
AFFACTURERENT;delete;2026-09-18T11:14:29+00:00;20260918111429-366031
AFFACTURERIEZ;delete;2026-09-18T11:14:29+00:00;20260918111429-366031
AFFACTURERONS;delete;2026-09-18T11:14:29+00:00;20260918111429-366031
AFFACTURERONT;delete;2026-09-18T11:14:29+00:00;20260918111429-366031
AFFACTURASSENT;delete;2026-09-18T11:14:29+00:00;20260918111429-366031
AFFACTURASSIEZ;delete;2026-09-18T11:14:29+00:00;20260918111429-366031
AFFACTURERIONS;delete;2026-09-18T11:14:29+00:00;20260918111429-366031
AFFACTURASSIONS;delete;2026-09-18T11:14:29+00:00;20260918111429-366031
AFFACTURERAIENT;delete;2026-09-18T11:14:29+00:00;20260918111429-366031
AFFADI;delete;2026-09-18T11:14:31+00:00;20260918111431-a770bf
AFFADIS;delete;2026-09-18T11:14:31+00:00;20260918111431-a770bf
AFFADIT;delete;2026-09-18T11:14:31+00:00;20260918111431-a770bf
AFFADIR;delete;2026-09-18T11:14:31+00:00;20260918111431-a770bf
AFFADIE;delete;2026-09-18T11:14:31+00:00;20260918111431-a770bf
AFFADIRA;delete;2026-09-18T11:14:31+00:00;20260918111431-a770bf
AFFADIES;delete;2026-09-18T11:14:31+00:00;20260918111431-a770bf
AFFADIMES;delete;2026-09-18T11:14:31+00:00;20260918111431-a770bf
AFFADIRAI;delete;2026-09-18T11:14:31+00:00;20260918111431-a770bf
AFFADIRAS;delete;2026-09-18T11:14:31+00:00;20260918111431-a770bf
AFFADIREZ;delete;2026-09-18T11:14:31+00:00;20260918111431-a770bf
AFFADITES;delete;2026-09-18T11:14:31+00:00;20260918111431-a770bf
AFFADISSE;delete;2026-09-18T11:14:31+00:00;20260918111431-a770bf
AFFADIRAIS;delete;2026-09-18T11:14:31+00:00;20260918111431-a770bf
AFFADIRAIT;delete;2026-09-18T11:14:31+00:00;20260918111431-a770bf
AFFADIRENT;delete;2026-09-18T11:14:31+00:00;20260918111431-a770bf
AFFADIRIEZ;delete;2026-09-18T11:14:31+00:00;20260918111431-a770bf
AFFADIRONS;delete;2026-09-18T11:14:31+00:00;20260918111431-a770bf
AFFADIRONT;delete;2026-09-18T11:14:31+00:00;20260918111431-a770bf
AFFADISSES;delete;2026-09-18T11:14:31+00:00;20260918111431-a770bf
AFFADISSEZ;delete;2026-09-18T11:14:31+00:00;20260918111431-a770bf
AFFADIRIONS;delete;2026-09-18T11:14:31+00:00;20260918111431-a770bf
AFFADISSAIS;delete;2026-09-18T11:14:31+00:00;20260918111431-a770bf
AFFADISSENT;delete;2026-09-18T11:14:31+00:00;20260918111431-a770bf
AFFADISSIEZ;delete;2026-09-18T11:14:31+00:00;20260918111431-a770bf
AFFADISSONS;delete;2026-09-18T11:14:31+00:00;20260918111431-a770bf
AFFADISSANT;delete;2026-09-18T11:14:31+00:00;20260918111431-a770bf
AFFADISSAIT;delete;2026-09-18T11:14:31+00:00;20260918111431-a770bf
AFFADIRAIENT;delete;2026-09-18T11:14:31+00:00;20260918111431-a770bf
AFFADISSIONS;delete;2026-09-18T11:14:31+00:00;20260918111431-a770bf
AFFADISSAIENT;delete;2026-09-18T11:14:31+00:00;20260918111431-a770bf
AFFAIRA;delete;2026-09-18T11:14:32+00:00;20260918111432-a8a294
AFFAIRAS;delete;2026-09-18T11:14:32+00:00;20260918111432-a8a294
AFFAIRAT;delete;2026-09-18T11:14:32+00:00;20260918111432-a8a294
AFFAIREZ;delete;2026-09-18T11:14:32+00:00;20260918111432-a8a294
AFFAIRAI;delete;2026-09-18T11:14:32+00:00;20260918111432-a8a294
AFFAIRER;delete;2026-09-18T11:14:32+00:00;20260918111432-a8a294
AFFAIRERA;delete;2026-09-18T11:14:32+00:00;20260918111432-a8a294
AFFAIRIEZ;delete;2026-09-18T11:14:32+00:00;20260918111432-a8a294
AFFAIRAIS;delete;2026-09-18T11:14:32+00:00;20260918111432-a8a294
AFFAIRONS;delete;2026-09-18T11:14:32+00:00;20260918111432-a8a294
AFFAIRANT;delete;2026-09-18T11:14:32+00:00;20260918111432-a8a294
AFFAIRENT;delete;2026-09-18T11:14:32+00:00;20260918111432-a8a294
AFFAIRAIT;delete;2026-09-18T11:14:32+00:00;20260918111432-a8a294
AFFAIRAMES;delete;2026-09-18T11:14:32+00:00;20260918111432-a8a294
AFFAIRASSE;delete;2026-09-18T11:14:32+00:00;20260918111432-a8a294
AFFAIRATES;delete;2026-09-18T11:14:32+00:00;20260918111432-a8a294
AFFAIRERAI;delete;2026-09-18T11:14:32+00:00;20260918111432-a8a294
AFFAIRERAS;delete;2026-09-18T11:14:32+00:00;20260918111432-a8a294
AFFAIREREZ;delete;2026-09-18T11:14:32+00:00;20260918111432-a8a294
AFFAIRIONS;delete;2026-09-18T11:14:32+00:00;20260918111432-a8a294
AFFAIRASSES;delete;2026-09-18T11:14:32+00:00;20260918111432-a8a294
AFFAIRERAIS;delete;2026-09-18T11:14:32+00:00;20260918111432-a8a294
AFFAIRERAIT;delete;2026-09-18T11:14:32+00:00;20260918111432-a8a294
AFFAIRERIEZ;delete;2026-09-18T11:14:32+00:00;20260918111432-a8a294
AFFAIRERONS;delete;2026-09-18T11:14:32+00:00;20260918111432-a8a294
AFFAIRERONT;delete;2026-09-18T11:14:32+00:00;20260918111432-a8a294
AFFAIRERENT;delete;2026-09-18T11:14:32+00:00;20260918111432-a8a294
AFFAIRAIENT;delete;2026-09-18T11:14:32+00:00;20260918111432-a8a294
AFFAIRASSENT;delete;2026-09-18T11:14:32+00:00;20260918111432-a8a294
AFFAIRASSIEZ;delete;2026-09-18T11:14:32+00:00;20260918111432-a8a294
AFFAIRERIONS;delete;2026-09-18T11:14:32+00:00;20260918111432-a8a294
AFFAIRASSIONS;delete;2026-09-18T11:14:32+00:00;20260918111432-a8a294
AFFAIRERAIENT;delete;2026-09-18T11:14:32+00:00;20260918111432-a8a294
AFFAISSA;keep;2026-09-18T11:14:34+00:00;20260918111434-102638
AFFAISSE;keep;2026-09-18T11:14:34+00:00;20260918111434-102638
AFFAISSAI;keep;2026-09-18T11:14:34+00:00;20260918111434-102638
AFFAISSAS;keep;2026-09-18T11:14:34+00:00;20260918111434-102638
AFFAISSAT;keep;2026-09-18T11:14:34+00:00;20260918111434-102638
AFFAISSEZ;keep;2026-09-18T11:14:34+00:00;20260918111434-102638
AFFAISSES;keep;2026-09-18T11:14:34+00:00;20260918111434-102638
AFFAISSER;keep;2026-09-18T11:14:34+00:00;20260918111434-102638
AFFAISSEE;keep;2026-09-18T11:14:34+00:00;20260918111434-102638
AFFAISSAIS;keep;2026-09-18T11:14:34+00:00;20260918111434-102638
AFFAISSERA;keep;2026-09-18T11:14:34+00:00;20260918111434-102638
AFFAISSIEZ;keep;2026-09-18T11:14:34+00:00;20260918111434-102638
AFFAISSONS;keep;2026-09-18T11:14:34+00:00;20260918111434-102638
AFFAISSEES;keep;2026-09-18T11:14:34+00:00;20260918111434-102638
AFFAISSANT;keep;2026-09-18T11:14:34+00:00;20260918111434-102638
AFFAISSAIT;keep;2026-09-18T11:14:34+00:00;20260918111434-102638
AFFAISSENT;keep;2026-09-18T11:14:34+00:00;20260918111434-102638
AFFAISSAMES;keep;2026-09-18T11:14:34+00:00;20260918111434-102638
AFFAISSASSE;keep;2026-09-18T11:14:34+00:00;20260918111434-102638
AFFAISSATES;keep;2026-09-18T11:14:34+00:00;20260918111434-102638
AFFAISSERAI;keep;2026-09-18T11:14:34+00:00;20260918111434-102638
AFFAISSERAS;keep;2026-09-18T11:14:34+00:00;20260918111434-102638
AFFAISSEREZ;keep;2026-09-18T11:14:34+00:00;20260918111434-102638
AFFAISSIONS;keep;2026-09-18T11:14:34+00:00;20260918111434-102638
AFFAISSASSES;keep;2026-09-18T11:14:34+00:00;20260918111434-102638
AFFAISSERAIS;keep;2026-09-18T11:14:34+00:00;20260918111434-102638
AFFAISSERIEZ;keep;2026-09-18T11:14:34+00:00;20260918111434-102638
AFFAISSERONS;keep;2026-09-18T11:14:34+00:00;20260918111434-102638
AFFAISSERONT;keep;2026-09-18T11:14:34+00:00;20260918111434-102638
AFFAISSERAIT;keep;2026-09-18T11:14:34+00:00;20260918111434-102638
AFFAISSERENT;keep;2026-09-18T11:14:34+00:00;20260918111434-102638
AFFAISSAIENT;keep;2026-09-18T11:14:34+00:00;20260918111434-102638
AFFAISSASSENT;keep;2026-09-18T11:14:34+00:00;20260918111434-102638
AFFAISSASSIEZ;keep;2026-09-18T11:14:34+00:00;20260918111434-102638
AFFAISSERIONS;keep;2026-09-18T11:14:34+00:00;20260918111434-102638
AFFAISSASSIONS;keep;2026-09-18T11:14:34+00:00;20260918111434-102638
AFFAISSERAIENT;keep;2026-09-18T11:14:34+00:00;20260918111434-102638
AFFAITA;delete;2026-09-18T11:14:37+00:00;20260918111437-29da33
AFFAITE;delete;2026-09-18T11:14:37+00:00;20260918111437-29da33
AFFAITAI;delete;2026-09-18T11:14:37+00:00;20260918111437-29da33
AFFAITAS;delete;2026-09-18T11:14:37+00:00;20260918111437-29da33
AFFAITAT;delete;2026-09-18T11:14:37+00:00;20260918111437-29da33
AFFAITEE;delete;2026-09-18T11:14:37+00:00;20260918111437-29da33
AFFAITES;delete;2026-09-18T11:14:37+00:00;20260918111437-29da33
AFFAITEZ;delete;2026-09-18T11:14:37+00:00;20260918111437-29da33
AFFAITER;delete;2026-09-18T11:14:37+00:00;20260918111437-29da33
AFFAITAIS;delete;2026-09-18T11:14:37+00:00;20260918111437-29da33
AFFAITAIT;delete;2026-09-18T11:14:37+00:00;20260918111437-29da33
AFFAITANT;delete;2026-09-18T11:14:37+00:00;20260918111437-29da33
AFFAITEES;delete;2026-09-18T11:14:37+00:00;20260918111437-29da33
AFFAITENT;delete;2026-09-18T11:14:37+00:00;20260918111437-29da33
AFFAITERA;delete;2026-09-18T11:14:37+00:00;20260918111437-29da33
AFFAITIEZ;delete;2026-09-18T11:14:37+00:00;20260918111437-29da33
AFFAITONS;delete;2026-09-18T11:14:37+00:00;20260918111437-29da33
AFFAITAMES;delete;2026-09-18T11:14:37+00:00;20260918111437-29da33
AFFAITASSE;delete;2026-09-18T11:14:37+00:00;20260918111437-29da33
AFFAITATES;delete;2026-09-18T11:14:37+00:00;20260918111437-29da33
AFFAITERAI;delete;2026-09-18T11:14:37+00:00;20260918111437-29da33
AFFAITERAS;delete;2026-09-18T11:14:37+00:00;20260918111437-29da33
AFFAITEREZ;delete;2026-09-18T11:14:37+00:00;20260918111437-29da33
AFFAITIONS;delete;2026-09-18T11:14:37+00:00;20260918111437-29da33
AFFAITAIENT;delete;2026-09-18T11:14:37+00:00;20260918111437-29da33
AFFAITASSES;delete;2026-09-18T11:14:37+00:00;20260918111437-29da33
AFFAITERAIS;delete;2026-09-18T11:14:37+00:00;20260918111437-29da33
AFFAITERAIT;delete;2026-09-18T11:14:37+00:00;20260918111437-29da33
AFFAITERENT;delete;2026-09-18T11:14:37+00:00;20260918111437-29da33
AFFAITERIEZ;delete;2026-09-18T11:14:37+00:00;20260918111437-29da33
AFFAITERONS;delete;2026-09-18T11:14:37+00:00;20260918111437-29da33
AFFAITERONT;delete;2026-09-18T11:14:37+00:00;20260918111437-29da33
AFFAITASSENT;delete;2026-09-18T11:14:37+00:00;20260918111437-29da33
AFFAITASSIEZ;delete;2026-09-18T11:14:37+00:00;20260918111437-29da33
AFFAITERIONS;delete;2026-09-18T11:14:37+00:00;20260918111437-29da33
AFFAITASSIONS;delete;2026-09-18T11:14:37+00:00;20260918111437-29da33
AFFAITERAIENT;delete;2026-09-18T11:14:37+00:00;20260918111437-29da33
AFFALA;keep;2026-09-18T11:14:38+00:00;20260918111438-5f6b7e
AFFALE;keep;2026-09-18T11:14:38+00:00;20260918111438-5f6b7e
AFFALAS;keep;2026-09-18T11:14:38+00:00;20260918111438-5f6b7e
AFFALAT;keep;2026-09-18T11:14:38+00:00;20260918111438-5f6b7e
AFFALEZ;keep;2026-09-18T11:14:38+00:00;20260918111438-5f6b7e
AFFALAI;keep;2026-09-18T11:14:38+00:00;20260918111438-5f6b7e
AFFALEE;keep;2026-09-18T11:14:38+00:00;20260918111438-5f6b7e
AFFALES;keep;2026-09-18T11:14:38+00:00;20260918111438-5f6b7e
AFFALER;keep;2026-09-18T11:14:38+00:00;20260918111438-5f6b7e
AFFALERA;keep;2026-09-18T11:14:38+00:00;20260918111438-5f6b7e
AFFALIEZ;keep;2026-09-18T11:14:38+00:00;20260918111438-5f6b7e
AFFALONS;keep;2026-09-18T11:14:38+00:00;20260918111438-5f6b7e
AFFALAIS;keep;2026-09-18T11:14:38+00:00;20260918111438-5f6b7e
AFFALENT;keep;2026-09-18T11:14:38+00:00;20260918111438-5f6b7e
AFFALAIT;keep;2026-09-18T11:14:38+00:00;20260918111438-5f6b7e
AFFALEES;keep;2026-09-18T11:14:38+00:00;20260918111438-5f6b7e
AFFALANT;keep;2026-09-18T11:14:38+00:00;20260918111438-5f6b7e
AFFALAMES;keep;2026-09-18T11:14:38+00:00;20260918111438-5f6b7e
AFFALASSE;keep;2026-09-18T11:14:38+00:00;20260918111438-5f6b7e
AFFALATES;keep;2026-09-18T11:14:38+00:00;20260918111438-5f6b7e
AFFALERAI;keep;2026-09-18T11:14:38+00:00;20260918111438-5f6b7e
AFFALERAS;keep;2026-09-18T11:14:38+00:00;20260918111438-5f6b7e
AFFALEREZ;keep;2026-09-18T11:14:38+00:00;20260918111438-5f6b7e
AFFALIONS;keep;2026-09-18T11:14:38+00:00;20260918111438-5f6b7e
AFFALASSES;keep;2026-09-18T11:14:38+00:00;20260918111438-5f6b7e
AFFALERAIS;keep;2026-09-18T11:14:38+00:00;20260918111438-5f6b7e
AFFALERAIT;keep;2026-09-18T11:14:38+00:00;20260918111438-5f6b7e
AFFALERIEZ;keep;2026-09-18T11:14:38+00:00;20260918111438-5f6b7e
AFFALERONS;keep;2026-09-18T11:14:38+00:00;20260918111438-5f6b7e
AFFALERONT;keep;2026-09-18T11:14:38+00:00;20260918111438-5f6b7e
AFFALERENT;keep;2026-09-18T11:14:38+00:00;20260918111438-5f6b7e
AFFALAIENT;keep;2026-09-18T11:14:38+00:00;20260918111438-5f6b7e
AFFALASSENT;keep;2026-09-18T11:14:38+00:00;20260918111438-5f6b7e
AFFALASSIEZ;keep;2026-09-18T11:14:38+00:00;20260918111438-5f6b7e
AFFALERIONS;keep;2026-09-18T11:14:38+00:00;20260918111438-5f6b7e
AFFALASSIONS;keep;2026-09-18T11:14:38+00:00;20260918111438-5f6b7e
AFFALERAIENT;keep;2026-09-18T11:14:38+00:00;20260918111438-5f6b7e
AFFAMA;keep;2026-09-18T11:14:39+00:00;20260918111439-9e8379
AFFAMAI;keep;2026-09-18T11:14:39+00:00;20260918111439-9e8379
AFFAMAS;keep;2026-09-18T11:14:39+00:00;20260918111439-9e8379
AFFAMAT;keep;2026-09-18T11:14:39+00:00;20260918111439-9e8379
AFFAMEZ;keep;2026-09-18T11:14:39+00:00;20260918111439-9e8379
AFFAMER;keep;2026-09-18T11:14:39+00:00;20260918111439-9e8379
AFFAMEE;keep;2026-09-18T11:14:39+00:00;20260918111439-9e8379
AFFAMAIS;keep;2026-09-18T11:14:39+00:00;20260918111439-9e8379
AFFAMIEZ;keep;2026-09-18T11:14:39+00:00;20260918111439-9e8379
AFFAMONS;keep;2026-09-18T11:14:39+00:00;20260918111439-9e8379
AFFAMERA;keep;2026-09-18T11:14:39+00:00;20260918111439-9e8379
AFFAMENT;keep;2026-09-18T11:14:39+00:00;20260918111439-9e8379
AFFAMANT;keep;2026-09-18T11:14:39+00:00;20260918111439-9e8379
AFFAMAIT;keep;2026-09-18T11:14:39+00:00;20260918111439-9e8379
AFFAMAMES;keep;2026-09-18T11:14:39+00:00;20260918111439-9e8379
AFFAMASSE;keep;2026-09-18T11:14:39+00:00;20260918111439-9e8379
AFFAMATES;keep;2026-09-18T11:14:39+00:00;20260918111439-9e8379
AFFAMERAI;keep;2026-09-18T11:14:39+00:00;20260918111439-9e8379
AFFAMERAS;keep;2026-09-18T11:14:39+00:00;20260918111439-9e8379
AFFAMEREZ;keep;2026-09-18T11:14:39+00:00;20260918111439-9e8379
AFFAMIONS;keep;2026-09-18T11:14:39+00:00;20260918111439-9e8379
AFFAMASSES;keep;2026-09-18T11:14:39+00:00;20260918111439-9e8379
AFFAMERAIS;keep;2026-09-18T11:14:39+00:00;20260918111439-9e8379
AFFAMERAIT;keep;2026-09-18T11:14:39+00:00;20260918111439-9e8379
AFFAMERENT;keep;2026-09-18T11:14:39+00:00;20260918111439-9e8379
AFFAMERIEZ;keep;2026-09-18T11:14:39+00:00;20260918111439-9e8379
AFFAMERONS;keep;2026-09-18T11:14:39+00:00;20260918111439-9e8379
AFFAMERONT;keep;2026-09-18T11:14:39+00:00;20260918111439-9e8379
AFFAMAIENT;keep;2026-09-18T11:14:39+00:00;20260918111439-9e8379
AFFAMASSENT;keep;2026-09-18T11:14:39+00:00;20260918111439-9e8379
AFFAMASSIEZ;keep;2026-09-18T11:14:39+00:00;20260918111439-9e8379
AFFAMERIONS;keep;2026-09-18T11:14:39+00:00;20260918111439-9e8379
AFFAMASSIONS;keep;2026-09-18T11:14:39+00:00;20260918111439-9e8379
AFFAMERAIENT;keep;2026-09-18T11:14:39+00:00;20260918111439-9e8379
AFFEAGE;delete;2026-09-18T11:14:41+00:00;20260918111441-f0c2d8
AFFEAGEA;delete;2026-09-18T11:14:41+00:00;20260918111441-f0c2d8
AFFEAGEE;delete;2026-09-18T11:14:41+00:00;20260918111441-f0c2d8
AFFEAGEZ;delete;2026-09-18T11:14:41+00:00;20260918111441-f0c2d8
AFFEAGER;delete;2026-09-18T11:14:41+00:00;20260918111441-f0c2d8
AFFEAGEAI;delete;2026-09-18T11:14:41+00:00;20260918111441-f0c2d8
AFFEAGEAS;delete;2026-09-18T11:14:41+00:00;20260918111441-f0c2d8
AFFEAGEAT;delete;2026-09-18T11:14:41+00:00;20260918111441-f0c2d8
AFFEAGEES;delete;2026-09-18T11:14:41+00:00;20260918111441-f0c2d8
AFFEAGENT;delete;2026-09-18T11:14:41+00:00;20260918111441-f0c2d8
AFFEAGERA;delete;2026-09-18T11:14:41+00:00;20260918111441-f0c2d8
AFFEAGIEZ;delete;2026-09-18T11:14:41+00:00;20260918111441-f0c2d8
AFFEAGEAIS;delete;2026-09-18T11:14:41+00:00;20260918111441-f0c2d8
AFFEAGEAIT;delete;2026-09-18T11:14:41+00:00;20260918111441-f0c2d8
AFFEAGEANT;delete;2026-09-18T11:14:41+00:00;20260918111441-f0c2d8
AFFEAGEONS;delete;2026-09-18T11:14:41+00:00;20260918111441-f0c2d8
AFFEAGERAI;delete;2026-09-18T11:14:41+00:00;20260918111441-f0c2d8
AFFEAGERAS;delete;2026-09-18T11:14:41+00:00;20260918111441-f0c2d8
AFFEAGEREZ;delete;2026-09-18T11:14:41+00:00;20260918111441-f0c2d8
AFFEAGIONS;delete;2026-09-18T11:14:41+00:00;20260918111441-f0c2d8
AFFEAGEAMES;delete;2026-09-18T11:14:41+00:00;20260918111441-f0c2d8
AFFEAGEASSE;delete;2026-09-18T11:14:41+00:00;20260918111441-f0c2d8
AFFEAGEATES;delete;2026-09-18T11:14:41+00:00;20260918111441-f0c2d8
AFFEAGERAIS;delete;2026-09-18T11:14:41+00:00;20260918111441-f0c2d8
AFFEAGERAIT;delete;2026-09-18T11:14:41+00:00;20260918111441-f0c2d8
AFFEAGERENT;delete;2026-09-18T11:14:41+00:00;20260918111441-f0c2d8
AFFEAGERIEZ;delete;2026-09-18T11:14:41+00:00;20260918111441-f0c2d8
AFFEAGERONS;delete;2026-09-18T11:14:41+00:00;20260918111441-f0c2d8
AFFEAGERONT;delete;2026-09-18T11:14:41+00:00;20260918111441-f0c2d8
AFFEAGEAIENT;delete;2026-09-18T11:14:41+00:00;20260918111441-f0c2d8
AFFEAGEASSES;delete;2026-09-18T11:14:41+00:00;20260918111441-f0c2d8
AFFEAGERIONS;delete;2026-09-18T11:14:41+00:00;20260918111441-f0c2d8
AFFEAGEASSENT;delete;2026-09-18T11:14:41+00:00;20260918111441-f0c2d8
AFFEAGEASSIEZ;delete;2026-09-18T11:14:41+00:00;20260918111441-f0c2d8
AFFEAGERAIENT;delete;2026-09-18T11:14:41+00:00;20260918111441-f0c2d8
AFFEAGEASSIONS;delete;2026-09-18T11:14:41+00:00;20260918111441-f0c2d8
AFFENA;delete;2026-09-18T11:14:42+00:00;20260918111442-d0af31
AFFENE;delete;2026-09-18T11:14:42+00:00;20260918111442-d0af31
AFFENAI;delete;2026-09-18T11:14:42+00:00;20260918111442-d0af31
AFFENAS;delete;2026-09-18T11:14:42+00:00;20260918111442-d0af31
AFFENAT;delete;2026-09-18T11:14:42+00:00;20260918111442-d0af31
AFFENEE;delete;2026-09-18T11:14:42+00:00;20260918111442-d0af31
AFFENES;delete;2026-09-18T11:14:42+00:00;20260918111442-d0af31
AFFENEZ;delete;2026-09-18T11:14:42+00:00;20260918111442-d0af31
AFFENER;delete;2026-09-18T11:14:42+00:00;20260918111442-d0af31
AFFENAIS;delete;2026-09-18T11:14:42+00:00;20260918111442-d0af31
AFFENAIT;delete;2026-09-18T11:14:42+00:00;20260918111442-d0af31
AFFENANT;delete;2026-09-18T11:14:42+00:00;20260918111442-d0af31
AFFENEES;delete;2026-09-18T11:14:42+00:00;20260918111442-d0af31
AFFENENT;delete;2026-09-18T11:14:42+00:00;20260918111442-d0af31
AFFENERA;delete;2026-09-18T11:14:42+00:00;20260918111442-d0af31
AFFENIEZ;delete;2026-09-18T11:14:42+00:00;20260918111442-d0af31
AFFENONS;delete;2026-09-18T11:14:42+00:00;20260918111442-d0af31
AFFENAMES;delete;2026-09-18T11:14:42+00:00;20260918111442-d0af31
AFFENASSE;delete;2026-09-18T11:14:42+00:00;20260918111442-d0af31
AFFENATES;delete;2026-09-18T11:14:42+00:00;20260918111442-d0af31
AFFENERAI;delete;2026-09-18T11:14:42+00:00;20260918111442-d0af31
AFFENERAS;delete;2026-09-18T11:14:42+00:00;20260918111442-d0af31
AFFENEREZ;delete;2026-09-18T11:14:42+00:00;20260918111442-d0af31
AFFENIONS;delete;2026-09-18T11:14:42+00:00;20260918111442-d0af31
AFFENAIENT;delete;2026-09-18T11:14:42+00:00;20260918111442-d0af31
AFFENASSES;delete;2026-09-18T11:14:42+00:00;20260918111442-d0af31
AFFENERAIS;delete;2026-09-18T11:14:42+00:00;20260918111442-d0af31
AFFENERAIT;delete;2026-09-18T11:14:42+00:00;20260918111442-d0af31
AFFENERENT;delete;2026-09-18T11:14:42+00:00;20260918111442-d0af31
AFFENERIEZ;delete;2026-09-18T11:14:42+00:00;20260918111442-d0af31
AFFENERONS;delete;2026-09-18T11:14:42+00:00;20260918111442-d0af31
AFFENERONT;delete;2026-09-18T11:14:42+00:00;20260918111442-d0af31
AFFENASSENT;delete;2026-09-18T11:14:42+00:00;20260918111442-d0af31
AFFENASSIEZ;delete;2026-09-18T11:14:42+00:00;20260918111442-d0af31
AFFENERIONS;delete;2026-09-18T11:14:42+00:00;20260918111442-d0af31
AFFENASSIONS;delete;2026-09-18T11:14:42+00:00;20260918111442-d0af31
AFFENERAIENT;delete;2026-09-18T11:14:42+00:00;20260918111442-d0af31
AFFERA;delete;2026-09-18T11:14:45+00:00;20260918111445-8c1210
AFFERE;delete;2026-09-18T11:14:45+00:00;20260918111445-8c1210
AFFERAI;delete;2026-09-18T11:14:45+00:00;20260918111445-8c1210
AFFERAS;delete;2026-09-18T11:14:45+00:00;20260918111445-8c1210
AFFERAT;delete;2026-09-18T11:14:45+00:00;20260918111445-8c1210
AFFEREE;delete;2026-09-18T11:14:45+00:00;20260918111445-8c1210
AFFERES;delete;2026-09-18T11:14:45+00:00;20260918111445-8c1210
AFFEREZ;delete;2026-09-18T11:14:45+00:00;20260918111445-8c1210
AFFERER;delete;2026-09-18T11:14:45+00:00;20260918111445-8c1210
AFFERAIS;delete;2026-09-18T11:14:45+00:00;20260918111445-8c1210
AFFERAIT;delete;2026-09-18T11:14:45+00:00;20260918111445-8c1210
AFFERANT;delete;2026-09-18T11:14:45+00:00;20260918111445-8c1210
AFFEREES;delete;2026-09-18T11:14:45+00:00;20260918111445-8c1210
AFFERERA;delete;2026-09-18T11:14:45+00:00;20260918111445-8c1210
AFFERIEZ;delete;2026-09-18T11:14:45+00:00;20260918111445-8c1210
AFFERONS;delete;2026-09-18T11:14:45+00:00;20260918111445-8c1210
AFFERAMES;delete;2026-09-18T11:14:45+00:00;20260918111445-8c1210
AFFERASSE;delete;2026-09-18T11:14:45+00:00;20260918111445-8c1210
AFFERATES;delete;2026-09-18T11:14:45+00:00;20260918111445-8c1210
AFFERERAI;delete;2026-09-18T11:14:45+00:00;20260918111445-8c1210
AFFERERAS;delete;2026-09-18T11:14:45+00:00;20260918111445-8c1210
AFFEREREZ;delete;2026-09-18T11:14:45+00:00;20260918111445-8c1210
AFFERIONS;delete;2026-09-18T11:14:45+00:00;20260918111445-8c1210
AFFERAIENT;delete;2026-09-18T11:14:45+00:00;20260918111445-8c1210
AFFERASSES;delete;2026-09-18T11:14:45+00:00;20260918111445-8c1210
AFFERERAIS;delete;2026-09-18T11:14:45+00:00;20260918111445-8c1210
AFFERERAIT;delete;2026-09-18T11:14:45+00:00;20260918111445-8c1210
AFFERERENT;delete;2026-09-18T11:14:45+00:00;20260918111445-8c1210
AFFERERIEZ;delete;2026-09-18T11:14:45+00:00;20260918111445-8c1210
AFFERERONS;delete;2026-09-18T11:14:45+00:00;20260918111445-8c1210
AFFERERONT;delete;2026-09-18T11:14:45+00:00;20260918111445-8c1210
AFFERASSENT;delete;2026-09-18T11:14:45+00:00;20260918111445-8c1210
AFFERASSIEZ;delete;2026-09-18T11:14:45+00:00;20260918111445-8c1210
AFFERERIONS;delete;2026-09-18T11:14:45+00:00;20260918111445-8c1210
AFFERASSIONS;delete;2026-09-18T11:14:45+00:00;20260918111445-8c1210
AFFERERAIENT;delete;2026-09-18T11:14:45+00:00;20260918111445-8c1210
AFFERMA;delete;2026-09-18T11:14:49+00:00;20260918111449-020e27
AFFERME;delete;2026-09-18T11:14:49+00:00;20260918111449-020e27
AFFERMAI;delete;2026-09-18T11:14:49+00:00;20260918111449-020e27
AFFERMAS;delete;2026-09-18T11:14:49+00:00;20260918111449-020e27
AFFERMAT;delete;2026-09-18T11:14:49+00:00;20260918111449-020e27
AFFERMEE;delete;2026-09-18T11:14:49+00:00;20260918111449-020e27
AFFERMES;delete;2026-09-18T11:14:49+00:00;20260918111449-020e27
AFFERMEZ;delete;2026-09-18T11:14:49+00:00;20260918111449-020e27
AFFERMER;delete;2026-09-18T11:14:49+00:00;20260918111449-020e27
AFFERMAIS;delete;2026-09-18T11:14:49+00:00;20260918111449-020e27
AFFERMAIT;delete;2026-09-18T11:14:49+00:00;20260918111449-020e27
AFFERMANT;delete;2026-09-18T11:14:49+00:00;20260918111449-020e27
AFFERMEES;delete;2026-09-18T11:14:49+00:00;20260918111449-020e27
AFFERMENT;delete;2026-09-18T11:14:49+00:00;20260918111449-020e27
AFFERMERA;delete;2026-09-18T11:14:49+00:00;20260918111449-020e27
AFFERMIEZ;delete;2026-09-18T11:14:49+00:00;20260918111449-020e27
AFFERMONS;delete;2026-09-18T11:14:49+00:00;20260918111449-020e27
AFFERMAMES;delete;2026-09-18T11:14:49+00:00;20260918111449-020e27
AFFERMASSE;delete;2026-09-18T11:14:49+00:00;20260918111449-020e27
AFFERMATES;delete;2026-09-18T11:14:49+00:00;20260918111449-020e27
AFFERMERAI;delete;2026-09-18T11:14:49+00:00;20260918111449-020e27
AFFERMERAS;delete;2026-09-18T11:14:49+00:00;20260918111449-020e27
AFFERMEREZ;delete;2026-09-18T11:14:49+00:00;20260918111449-020e27
AFFERMIONS;delete;2026-09-18T11:14:49+00:00;20260918111449-020e27
AFFERMAIENT;delete;2026-09-18T11:14:49+00:00;20260918111449-020e27
AFFERMASSES;delete;2026-09-18T11:14:49+00:00;20260918111449-020e27
AFFERMERAIS;delete;2026-09-18T11:14:49+00:00;20260918111449-020e27
AFFERMERAIT;delete;2026-09-18T11:14:49+00:00;20260918111449-020e27
AFFERMERENT;delete;2026-09-18T11:14:49+00:00;20260918111449-020e27
AFFERMERIEZ;delete;2026-09-18T11:14:49+00:00;20260918111449-020e27
AFFERMERONS;delete;2026-09-18T11:14:49+00:00;20260918111449-020e27
AFFERMERONT;delete;2026-09-18T11:14:49+00:00;20260918111449-020e27
AFFERMASSENT;delete;2026-09-18T11:14:49+00:00;20260918111449-020e27
AFFERMASSIEZ;delete;2026-09-18T11:14:49+00:00;20260918111449-020e27
AFFERMERIONS;delete;2026-09-18T11:14:49+00:00;20260918111449-020e27
AFFERMASSIONS;delete;2026-09-18T11:14:49+00:00;20260918111449-020e27
AFFERMERAIENT;delete;2026-09-18T11:14:49+00:00;20260918111449-020e27
AFFERMI;keep;2026-09-18T11:14:53+00:00;20260918111453-9f71c2
AFFERMIS;keep;2026-09-18T11:14:53+00:00;20260918111453-9f71c2
AFFERMIE;keep;2026-09-18T11:14:53+00:00;20260918111453-9f71c2
AFFERMIT;keep;2026-09-18T11:14:53+00:00;20260918111453-9f71c2
AFFERMIR;keep;2026-09-18T11:14:53+00:00;20260918111453-9f71c2
AFFERMIES;keep;2026-09-18T11:14:53+00:00;20260918111453-9f71c2
AFFERMIRA;keep;2026-09-18T11:14:53+00:00;20260918111453-9f71c2
AFFERMIMES;keep;2026-09-18T11:14:53+00:00;20260918111453-9f71c2
AFFERMIRAI;keep;2026-09-18T11:14:53+00:00;20260918111453-9f71c2
AFFERMIRAS;keep;2026-09-18T11:14:53+00:00;20260918111453-9f71c2
AFFERMIREZ;keep;2026-09-18T11:14:53+00:00;20260918111453-9f71c2
AFFERMITES;keep;2026-09-18T11:14:53+00:00;20260918111453-9f71c2
AFFERMISSE;keep;2026-09-18T11:14:53+00:00;20260918111453-9f71c2
AFFERMIRAIS;keep;2026-09-18T11:14:53+00:00;20260918111453-9f71c2
AFFERMIRAIT;keep;2026-09-18T11:14:53+00:00;20260918111453-9f71c2
AFFERMIRENT;keep;2026-09-18T11:14:53+00:00;20260918111453-9f71c2
AFFERMIRIEZ;keep;2026-09-18T11:14:53+00:00;20260918111453-9f71c2
AFFERMIRONS;keep;2026-09-18T11:14:53+00:00;20260918111453-9f71c2
AFFERMIRONT;keep;2026-09-18T11:14:53+00:00;20260918111453-9f71c2
AFFERMISSES;keep;2026-09-18T11:14:53+00:00;20260918111453-9f71c2
AFFERMISSEZ;keep;2026-09-18T11:14:53+00:00;20260918111453-9f71c2
AFFERMIRIONS;keep;2026-09-18T11:14:53+00:00;20260918111453-9f71c2
AFFERMISSAIS;keep;2026-09-18T11:14:53+00:00;20260918111453-9f71c2
AFFERMISSIEZ;keep;2026-09-18T11:14:53+00:00;20260918111453-9f71c2
AFFERMISSONS;keep;2026-09-18T11:14:53+00:00;20260918111453-9f71c2
AFFERMISSENT;keep;2026-09-18T11:14:53+00:00;20260918111453-9f71c2
AFFERMISSAIT;keep;2026-09-18T11:14:53+00:00;20260918111453-9f71c2
AFFERMISSANT;keep;2026-09-18T11:14:53+00:00;20260918111453-9f71c2
AFFERMIRAIENT;keep;2026-09-18T11:14:53+00:00;20260918111453-9f71c2
AFFERMISSIONS;keep;2026-09-18T11:14:53+00:00;20260918111453-9f71c2
AFFERMISSAIENT;keep;2026-09-18T11:14:53+00:00;20260918111453-9f71c2
AFFICHA;keep;2026-09-18T11:14:54+00:00;20260918111454-c99208
AFFICHAI;keep;2026-09-18T11:14:54+00:00;20260918111454-c99208
AFFICHAS;keep;2026-09-18T11:14:54+00:00;20260918111454-c99208
AFFICHAT;keep;2026-09-18T11:14:54+00:00;20260918111454-c99208
AFFICHEZ;keep;2026-09-18T11:14:54+00:00;20260918111454-c99208
AFFICHEE;keep;2026-09-18T11:14:54+00:00;20260918111454-c99208
AFFICHER;keep;2026-09-18T11:14:54+00:00;20260918111454-c99208
AFFICHIEZ;keep;2026-09-18T11:14:54+00:00;20260918111454-c99208
AFFICHERA;keep;2026-09-18T11:14:54+00:00;20260918111454-c99208
AFFICHONS;keep;2026-09-18T11:14:54+00:00;20260918111454-c99208
AFFICHEES;keep;2026-09-18T11:14:54+00:00;20260918111454-c99208
AFFICHAIS;keep;2026-09-18T11:14:54+00:00;20260918111454-c99208
AFFICHENT;keep;2026-09-18T11:14:54+00:00;20260918111454-c99208
AFFICHANT;keep;2026-09-18T11:14:54+00:00;20260918111454-c99208
AFFICHAIT;keep;2026-09-18T11:14:54+00:00;20260918111454-c99208
AFFICHAMES;keep;2026-09-18T11:14:54+00:00;20260918111454-c99208
AFFICHASSE;keep;2026-09-18T11:14:54+00:00;20260918111454-c99208
AFFICHATES;keep;2026-09-18T11:14:54+00:00;20260918111454-c99208
AFFICHERAS;keep;2026-09-18T11:14:54+00:00;20260918111454-c99208
AFFICHEREZ;keep;2026-09-18T11:14:54+00:00;20260918111454-c99208
AFFICHERAI;keep;2026-09-18T11:14:54+00:00;20260918111454-c99208
AFFICHIONS;keep;2026-09-18T11:14:54+00:00;20260918111454-c99208
AFFICHASSES;keep;2026-09-18T11:14:54+00:00;20260918111454-c99208
AFFICHERAIS;keep;2026-09-18T11:14:54+00:00;20260918111454-c99208
AFFICHERIEZ;keep;2026-09-18T11:14:54+00:00;20260918111454-c99208
AFFICHERONS;keep;2026-09-18T11:14:54+00:00;20260918111454-c99208
AFFICHERONT;keep;2026-09-18T11:14:54+00:00;20260918111454-c99208
AFFICHERAIT;keep;2026-09-18T11:14:54+00:00;20260918111454-c99208
AFFICHERENT;keep;2026-09-18T11:14:54+00:00;20260918111454-c99208
AFFICHAIENT;keep;2026-09-18T11:14:54+00:00;20260918111454-c99208
AFFICHASSENT;keep;2026-09-18T11:14:54+00:00;20260918111454-c99208
AFFICHASSIEZ;keep;2026-09-18T11:14:54+00:00;20260918111454-c99208
AFFICHERIONS;keep;2026-09-18T11:14:54+00:00;20260918111454-c99208
AFFICHASSIONS;keep;2026-09-18T11:14:54+00:00;20260918111454-c99208
AFFICHERAIENT;keep;2026-09-18T11:14:54+00:00;20260918111454-c99208
AFFIDA;delete;2026-09-18T11:14:56+00:00;20260918111456-ff6a4e
AFFIDAI;delete;2026-09-18T11:14:56+00:00;20260918111456-ff6a4e
AFFIDAS;delete;2026-09-18T11:14:56+00:00;20260918111456-ff6a4e
AFFIDAT;delete;2026-09-18T11:14:56+00:00;20260918111456-ff6a4e
AFFIDEZ;delete;2026-09-18T11:14:56+00:00;20260918111456-ff6a4e
AFFIDER;delete;2026-09-18T11:14:56+00:00;20260918111456-ff6a4e
AFFIDAIS;delete;2026-09-18T11:14:56+00:00;20260918111456-ff6a4e
AFFIDAIT;delete;2026-09-18T11:14:56+00:00;20260918111456-ff6a4e
AFFIDANT;delete;2026-09-18T11:14:56+00:00;20260918111456-ff6a4e
AFFIDEES;delete;2026-09-18T11:14:56+00:00;20260918111456-ff6a4e
AFFIDERA;delete;2026-09-18T11:14:56+00:00;20260918111456-ff6a4e
AFFIDIEZ;delete;2026-09-18T11:14:56+00:00;20260918111456-ff6a4e
AFFIDONS;delete;2026-09-18T11:14:56+00:00;20260918111456-ff6a4e
AFFIDENT;delete;2026-09-18T11:14:56+00:00;20260918111456-ff6a4e
AFFIDAMES;delete;2026-09-18T11:14:56+00:00;20260918111456-ff6a4e
AFFIDASSE;delete;2026-09-18T11:14:56+00:00;20260918111456-ff6a4e
AFFIDATES;delete;2026-09-18T11:14:56+00:00;20260918111456-ff6a4e
AFFIDERAI;delete;2026-09-18T11:14:56+00:00;20260918111456-ff6a4e
AFFIDERAS;delete;2026-09-18T11:14:56+00:00;20260918111456-ff6a4e
AFFIDEREZ;delete;2026-09-18T11:14:56+00:00;20260918111456-ff6a4e
AFFIDIONS;delete;2026-09-18T11:14:56+00:00;20260918111456-ff6a4e
AFFIDAIENT;delete;2026-09-18T11:14:56+00:00;20260918111456-ff6a4e
AFFIDASSES;delete;2026-09-18T11:14:56+00:00;20260918111456-ff6a4e
AFFIDERAIS;delete;2026-09-18T11:14:56+00:00;20260918111456-ff6a4e
AFFIDERAIT;delete;2026-09-18T11:14:56+00:00;20260918111456-ff6a4e
AFFIDERENT;delete;2026-09-18T11:14:56+00:00;20260918111456-ff6a4e
AFFIDERIEZ;delete;2026-09-18T11:14:56+00:00;20260918111456-ff6a4e
AFFIDERONS;delete;2026-09-18T11:14:56+00:00;20260918111456-ff6a4e
AFFIDERONT;delete;2026-09-18T11:14:56+00:00;20260918111456-ff6a4e
AFFIDASSENT;delete;2026-09-18T11:14:56+00:00;20260918111456-ff6a4e
AFFIDASSIEZ;delete;2026-09-18T11:14:56+00:00;20260918111456-ff6a4e
AFFIDERIONS;delete;2026-09-18T11:14:56+00:00;20260918111456-ff6a4e
AFFIDASSIONS;delete;2026-09-18T11:14:56+00:00;20260918111456-ff6a4e
AFFIDERAIENT;delete;2026-09-18T11:14:56+00:00;20260918111456-ff6a4e
AFFILA;delete;2026-09-18T11:14:58+00:00;20260918111458-8139a9
AFFILAI;delete;2026-09-18T11:14:58+00:00;20260918111458-8139a9
AFFILAS;delete;2026-09-18T11:14:58+00:00;20260918111458-8139a9
AFFILAT;delete;2026-09-18T11:14:58+00:00;20260918111458-8139a9
AFFILEZ;delete;2026-09-18T11:14:58+00:00;20260918111458-8139a9
AFFILER;delete;2026-09-18T11:14:58+00:00;20260918111458-8139a9
AFFILAIS;delete;2026-09-18T11:14:58+00:00;20260918111458-8139a9
AFFILAIT;delete;2026-09-18T11:14:58+00:00;20260918111458-8139a9
AFFILANT;delete;2026-09-18T11:14:58+00:00;20260918111458-8139a9
AFFILENT;delete;2026-09-18T11:14:58+00:00;20260918111458-8139a9
AFFILERA;delete;2026-09-18T11:14:58+00:00;20260918111458-8139a9
AFFILONS;delete;2026-09-18T11:14:58+00:00;20260918111458-8139a9
AFFILAMES;delete;2026-09-18T11:14:58+00:00;20260918111458-8139a9
AFFILASSE;delete;2026-09-18T11:14:58+00:00;20260918111458-8139a9
AFFILATES;delete;2026-09-18T11:14:58+00:00;20260918111458-8139a9
AFFILERAI;delete;2026-09-18T11:14:58+00:00;20260918111458-8139a9
AFFILERAS;delete;2026-09-18T11:14:58+00:00;20260918111458-8139a9
AFFILEREZ;delete;2026-09-18T11:14:58+00:00;20260918111458-8139a9
AFFILAIENT;delete;2026-09-18T11:14:58+00:00;20260918111458-8139a9
AFFILASSES;delete;2026-09-18T11:14:58+00:00;20260918111458-8139a9
AFFILERAIS;delete;2026-09-18T11:14:58+00:00;20260918111458-8139a9
AFFILERAIT;delete;2026-09-18T11:14:58+00:00;20260918111458-8139a9
AFFILERENT;delete;2026-09-18T11:14:58+00:00;20260918111458-8139a9
AFFILERIEZ;delete;2026-09-18T11:14:58+00:00;20260918111458-8139a9
AFFILERONS;delete;2026-09-18T11:14:58+00:00;20260918111458-8139a9
AFFILERONT;delete;2026-09-18T11:14:58+00:00;20260918111458-8139a9
AFFILASSENT;delete;2026-09-18T11:14:58+00:00;20260918111458-8139a9
AFFILASSIEZ;delete;2026-09-18T11:14:58+00:00;20260918111458-8139a9
AFFILERIONS;delete;2026-09-18T11:14:58+00:00;20260918111458-8139a9
AFFILASSIONS;delete;2026-09-18T11:14:58+00:00;20260918111458-8139a9
AFFILERAIENT;delete;2026-09-18T11:14:58+00:00;20260918111458-8139a9
AFFILIA;delete;2026-09-18T11:15:00+00:00;20260918111500-c65464
AFFILIE;delete;2026-09-18T11:15:00+00:00;20260918111500-c65464
AFFILIAI;delete;2026-09-18T11:15:00+00:00;20260918111500-c65464
AFFILIAS;delete;2026-09-18T11:15:00+00:00;20260918111500-c65464
AFFILIAT;delete;2026-09-18T11:15:00+00:00;20260918111500-c65464
AFFILIEZ;delete;2026-09-18T11:15:00+00:00;20260918111500-c65464
AFFILIER;delete;2026-09-18T11:15:00+00:00;20260918111500-c65464
AFFILIAIS;delete;2026-09-18T11:15:00+00:00;20260918111500-c65464
AFFILIAIT;delete;2026-09-18T11:15:00+00:00;20260918111500-c65464
AFFILIENT;delete;2026-09-18T11:15:00+00:00;20260918111500-c65464
AFFILIERA;delete;2026-09-18T11:15:00+00:00;20260918111500-c65464
AFFILIIEZ;delete;2026-09-18T11:15:00+00:00;20260918111500-c65464
AFFILIONS;delete;2026-09-18T11:15:00+00:00;20260918111500-c65464
AFFILIANT;delete;2026-09-18T11:15:00+00:00;20260918111500-c65464
AFFILIAMES;delete;2026-09-18T11:15:00+00:00;20260918111500-c65464
AFFILIASSE;delete;2026-09-18T11:15:00+00:00;20260918111500-c65464
AFFILIATES;delete;2026-09-18T11:15:00+00:00;20260918111500-c65464
AFFILIERAI;delete;2026-09-18T11:15:00+00:00;20260918111500-c65464
AFFILIERAS;delete;2026-09-18T11:15:00+00:00;20260918111500-c65464
AFFILIEREZ;delete;2026-09-18T11:15:00+00:00;20260918111500-c65464
AFFILIIONS;delete;2026-09-18T11:15:00+00:00;20260918111500-c65464
AFFILIASSES;delete;2026-09-18T11:15:00+00:00;20260918111500-c65464
AFFILIERAIS;delete;2026-09-18T11:15:00+00:00;20260918111500-c65464
AFFILIERAIT;delete;2026-09-18T11:15:00+00:00;20260918111500-c65464
AFFILIERENT;delete;2026-09-18T11:15:00+00:00;20260918111500-c65464
AFFILIERIEZ;delete;2026-09-18T11:15:00+00:00;20260918111500-c65464
AFFILIERONS;delete;2026-09-18T11:15:00+00:00;20260918111500-c65464
AFFILIERONT;delete;2026-09-18T11:15:00+00:00;20260918111500-c65464
AFFILIAIENT;delete;2026-09-18T11:15:00+00:00;20260918111500-c65464
AFFILIASSENT;delete;2026-09-18T11:15:00+00:00;20260918111500-c65464
AFFILIASSIEZ;delete;2026-09-18T11:15:00+00:00;20260918111500-c65464
AFFILIERIONS;delete;2026-09-18T11:15:00+00:00;20260918111500-c65464
AFFILIASSIONS;delete;2026-09-18T11:15:00+00:00;20260918111500-c65464
AFFILIERAIENT;delete;2026-09-18T11:15:00+00:00;20260918111500-c65464
AFFINA;keep;2026-09-18T11:15:00+00:00;20260918111500-a3b9a1
AFFINE;keep;2026-09-18T11:15:00+00:00;20260918111500-a3b9a1
AFFINAI;keep;2026-09-18T11:15:00+00:00;20260918111500-a3b9a1
AFFINAS;keep;2026-09-18T11:15:00+00:00;20260918111500-a3b9a1
AFFINAT;keep;2026-09-18T11:15:00+00:00;20260918111500-a3b9a1
AFFINEZ;keep;2026-09-18T11:15:00+00:00;20260918111500-a3b9a1
AFFINEE;keep;2026-09-18T11:15:00+00:00;20260918111500-a3b9a1
AFFINER;keep;2026-09-18T11:15:00+00:00;20260918111500-a3b9a1
AFFINAIS;keep;2026-09-18T11:15:00+00:00;20260918111500-a3b9a1
AFFINIEZ;keep;2026-09-18T11:15:00+00:00;20260918111500-a3b9a1
AFFINONS;keep;2026-09-18T11:15:00+00:00;20260918111500-a3b9a1
AFFINERA;keep;2026-09-18T11:15:00+00:00;20260918111500-a3b9a1
AFFINENT;keep;2026-09-18T11:15:00+00:00;20260918111500-a3b9a1
AFFINEES;keep;2026-09-18T11:15:00+00:00;20260918111500-a3b9a1
AFFINANT;keep;2026-09-18T11:15:00+00:00;20260918111500-a3b9a1
AFFINAIT;keep;2026-09-18T11:15:00+00:00;20260918111500-a3b9a1
AFFINAMES;keep;2026-09-18T11:15:00+00:00;20260918111500-a3b9a1
AFFINASSE;keep;2026-09-18T11:15:00+00:00;20260918111500-a3b9a1
AFFINATES;keep;2026-09-18T11:15:00+00:00;20260918111500-a3b9a1
AFFINERAI;keep;2026-09-18T11:15:00+00:00;20260918111500-a3b9a1
AFFINERAS;keep;2026-09-18T11:15:00+00:00;20260918111500-a3b9a1
AFFINEREZ;keep;2026-09-18T11:15:00+00:00;20260918111500-a3b9a1
AFFINIONS;keep;2026-09-18T11:15:00+00:00;20260918111500-a3b9a1
AFFINASSES;keep;2026-09-18T11:15:00+00:00;20260918111500-a3b9a1
AFFINERAIS;keep;2026-09-18T11:15:00+00:00;20260918111500-a3b9a1
AFFINERENT;keep;2026-09-18T11:15:00+00:00;20260918111500-a3b9a1
AFFINERIEZ;keep;2026-09-18T11:15:00+00:00;20260918111500-a3b9a1
AFFINERONS;keep;2026-09-18T11:15:00+00:00;20260918111500-a3b9a1
AFFINERONT;keep;2026-09-18T11:15:00+00:00;20260918111500-a3b9a1
AFFINAIENT;keep;2026-09-18T11:15:00+00:00;20260918111500-a3b9a1
AFFINERAIT;keep;2026-09-18T11:15:00+00:00;20260918111500-a3b9a1
AFFINASSENT;keep;2026-09-18T11:15:00+00:00;20260918111500-a3b9a1
AFFINASSIEZ;keep;2026-09-18T11:15:00+00:00;20260918111500-a3b9a1
AFFINERIONS;keep;2026-09-18T11:15:00+00:00;20260918111500-a3b9a1
AFFINASSIONS;keep;2026-09-18T11:15:00+00:00;20260918111500-a3b9a1
AFFINERAIENT;keep;2026-09-18T11:15:00+00:00;20260918111500-a3b9a1
AFFIRMAS;keep;2026-09-18T11:15:01+00:00;20260918111501-a2b7f3
AFFIRMAT;keep;2026-09-18T11:15:01+00:00;20260918111501-a2b7f3
AFFIRMEE;keep;2026-09-18T11:15:01+00:00;20260918111501-a2b7f3
AFFIRMES;keep;2026-09-18T11:15:01+00:00;20260918111501-a2b7f3
AFFIRMAI;keep;2026-09-18T11:15:01+00:00;20260918111501-a2b7f3
AFFIRMEZ;keep;2026-09-18T11:15:01+00:00;20260918111501-a2b7f3
AFFIRMERA;keep;2026-09-18T11:15:01+00:00;20260918111501-a2b7f3
AFFIRMEES;keep;2026-09-18T11:15:01+00:00;20260918111501-a2b7f3
AFFIRMIEZ;keep;2026-09-18T11:15:01+00:00;20260918111501-a2b7f3
AFFIRMONS;keep;2026-09-18T11:15:01+00:00;20260918111501-a2b7f3
AFFIRMAIS;keep;2026-09-18T11:15:01+00:00;20260918111501-a2b7f3
AFFIRMENT;keep;2026-09-18T11:15:01+00:00;20260918111501-a2b7f3
AFFIRMANT;keep;2026-09-18T11:15:01+00:00;20260918111501-a2b7f3
AFFIRMAMES;keep;2026-09-18T11:15:01+00:00;20260918111501-a2b7f3
AFFIRMASSE;keep;2026-09-18T11:15:01+00:00;20260918111501-a2b7f3
AFFIRMATES;keep;2026-09-18T11:15:01+00:00;20260918111501-a2b7f3
AFFIRMEREZ;keep;2026-09-18T11:15:01+00:00;20260918111501-a2b7f3
AFFIRMERAI;keep;2026-09-18T11:15:01+00:00;20260918111501-a2b7f3
AFFIRMERAS;keep;2026-09-18T11:15:01+00:00;20260918111501-a2b7f3
AFFIRMIONS;keep;2026-09-18T11:15:01+00:00;20260918111501-a2b7f3
AFFIRMASSES;keep;2026-09-18T11:15:01+00:00;20260918111501-a2b7f3
AFFIRMERAIS;keep;2026-09-18T11:15:01+00:00;20260918111501-a2b7f3
AFFIRMERONS;keep;2026-09-18T11:15:01+00:00;20260918111501-a2b7f3
AFFIRMERIEZ;keep;2026-09-18T11:15:01+00:00;20260918111501-a2b7f3
AFFIRMERONT;keep;2026-09-18T11:15:01+00:00;20260918111501-a2b7f3
AFFIRMERAIT;keep;2026-09-18T11:15:01+00:00;20260918111501-a2b7f3
AFFIRMERENT;keep;2026-09-18T11:15:01+00:00;20260918111501-a2b7f3
AFFIRMAIENT;keep;2026-09-18T11:15:01+00:00;20260918111501-a2b7f3
AFFIRMASSENT;keep;2026-09-18T11:15:01+00:00;20260918111501-a2b7f3
AFFIRMASSIEZ;keep;2026-09-18T11:15:01+00:00;20260918111501-a2b7f3
AFFIRMERIONS;keep;2026-09-18T11:15:01+00:00;20260918111501-a2b7f3
AFFIRMASSIONS;keep;2026-09-18T11:15:01+00:00;20260918111501-a2b7f3
AFFIRMERAIENT;keep;2026-09-18T11:15:01+00:00;20260918111501-a2b7f3
AFFISTOLA;delete;2026-09-18T11:15:02+00:00;20260918111502-45151b
AFFISTOLE;delete;2026-09-18T11:15:02+00:00;20260918111502-45151b
AFFISTOLAI;delete;2026-09-18T11:15:02+00:00;20260918111502-45151b
AFFISTOLAS;delete;2026-09-18T11:15:02+00:00;20260918111502-45151b
AFFISTOLAT;delete;2026-09-18T11:15:02+00:00;20260918111502-45151b
AFFISTOLEE;delete;2026-09-18T11:15:02+00:00;20260918111502-45151b
AFFISTOLES;delete;2026-09-18T11:15:02+00:00;20260918111502-45151b
AFFISTOLEZ;delete;2026-09-18T11:15:02+00:00;20260918111502-45151b
AFFISTOLER;delete;2026-09-18T11:15:02+00:00;20260918111502-45151b
AFFISTOLAIS;delete;2026-09-18T11:15:02+00:00;20260918111502-45151b
AFFISTOLAIT;delete;2026-09-18T11:15:02+00:00;20260918111502-45151b
AFFISTOLANT;delete;2026-09-18T11:15:02+00:00;20260918111502-45151b
AFFISTOLEES;delete;2026-09-18T11:15:02+00:00;20260918111502-45151b
AFFISTOLENT;delete;2026-09-18T11:15:02+00:00;20260918111502-45151b
AFFISTOLERA;delete;2026-09-18T11:15:02+00:00;20260918111502-45151b
AFFISTOLIEZ;delete;2026-09-18T11:15:02+00:00;20260918111502-45151b
AFFISTOLONS;delete;2026-09-18T11:15:02+00:00;20260918111502-45151b
AFFISTOLAMES;delete;2026-09-18T11:15:02+00:00;20260918111502-45151b
AFFISTOLASSE;delete;2026-09-18T11:15:02+00:00;20260918111502-45151b
AFFISTOLATES;delete;2026-09-18T11:15:02+00:00;20260918111502-45151b
AFFISTOLERAI;delete;2026-09-18T11:15:02+00:00;20260918111502-45151b
AFFISTOLERAS;delete;2026-09-18T11:15:02+00:00;20260918111502-45151b
AFFISTOLEREZ;delete;2026-09-18T11:15:02+00:00;20260918111502-45151b
AFFISTOLIONS;delete;2026-09-18T11:15:02+00:00;20260918111502-45151b
AFFISTOLAIENT;delete;2026-09-18T11:15:02+00:00;20260918111502-45151b
AFFISTOLASSES;delete;2026-09-18T11:15:02+00:00;20260918111502-45151b
AFFISTOLERAIS;delete;2026-09-18T11:15:02+00:00;20260918111502-45151b
AFFISTOLERAIT;delete;2026-09-18T11:15:02+00:00;20260918111502-45151b
AFFISTOLERENT;delete;2026-09-18T11:15:02+00:00;20260918111502-45151b
AFFISTOLERIEZ;delete;2026-09-18T11:15:02+00:00;20260918111502-45151b
AFFISTOLERONS;delete;2026-09-18T11:15:02+00:00;20260918111502-45151b
AFFISTOLERONT;delete;2026-09-18T11:15:02+00:00;20260918111502-45151b
AFFISTOLASSENT;delete;2026-09-18T11:15:02+00:00;20260918111502-45151b
AFFISTOLASSIEZ;delete;2026-09-18T11:15:02+00:00;20260918111502-45151b
AFFISTOLERIONS;delete;2026-09-18T11:15:02+00:00;20260918111502-45151b
AFFISTOLASSIONS;delete;2026-09-18T11:15:02+00:00;20260918111502-45151b
AFFISTOLERAIENT;delete;2026-09-18T11:15:02+00:00;20260918111502-45151b
AFFIXA;delete;2026-09-18T11:15:03+00:00;20260918111503-3bc30f
AFFIXAI;delete;2026-09-18T11:15:03+00:00;20260918111503-3bc30f
AFFIXAS;delete;2026-09-18T11:15:03+00:00;20260918111503-3bc30f
AFFIXAT;delete;2026-09-18T11:15:03+00:00;20260918111503-3bc30f
AFFIXEE;delete;2026-09-18T11:15:03+00:00;20260918111503-3bc30f
AFFIXEZ;delete;2026-09-18T11:15:03+00:00;20260918111503-3bc30f
AFFIXER;delete;2026-09-18T11:15:03+00:00;20260918111503-3bc30f
AFFIXAIS;delete;2026-09-18T11:15:03+00:00;20260918111503-3bc30f
AFFIXAIT;delete;2026-09-18T11:15:03+00:00;20260918111503-3bc30f
AFFIXANT;delete;2026-09-18T11:15:03+00:00;20260918111503-3bc30f
AFFIXEES;delete;2026-09-18T11:15:03+00:00;20260918111503-3bc30f
AFFIXENT;delete;2026-09-18T11:15:03+00:00;20260918111503-3bc30f
AFFIXERA;delete;2026-09-18T11:15:03+00:00;20260918111503-3bc30f
AFFIXIEZ;delete;2026-09-18T11:15:03+00:00;20260918111503-3bc30f
AFFIXONS;delete;2026-09-18T11:15:03+00:00;20260918111503-3bc30f
AFFIXAMES;delete;2026-09-18T11:15:03+00:00;20260918111503-3bc30f
AFFIXASSE;delete;2026-09-18T11:15:03+00:00;20260918111503-3bc30f
AFFIXATES;delete;2026-09-18T11:15:03+00:00;20260918111503-3bc30f
AFFIXERAI;delete;2026-09-18T11:15:03+00:00;20260918111503-3bc30f
AFFIXERAS;delete;2026-09-18T11:15:03+00:00;20260918111503-3bc30f
AFFIXEREZ;delete;2026-09-18T11:15:03+00:00;20260918111503-3bc30f
AFFIXIONS;delete;2026-09-18T11:15:03+00:00;20260918111503-3bc30f
AFFIXAIENT;delete;2026-09-18T11:15:03+00:00;20260918111503-3bc30f
AFFIXASSES;delete;2026-09-18T11:15:03+00:00;20260918111503-3bc30f
AFFIXERAIS;delete;2026-09-18T11:15:03+00:00;20260918111503-3bc30f
AFFIXERAIT;delete;2026-09-18T11:15:03+00:00;20260918111503-3bc30f
AFFIXERENT;delete;2026-09-18T11:15:03+00:00;20260918111503-3bc30f
AFFIXERIEZ;delete;2026-09-18T11:15:03+00:00;20260918111503-3bc30f
AFFIXERONS;delete;2026-09-18T11:15:03+00:00;20260918111503-3bc30f
AFFIXERONT;delete;2026-09-18T11:15:03+00:00;20260918111503-3bc30f
AFFIXASSENT;delete;2026-09-18T11:15:03+00:00;20260918111503-3bc30f
AFFIXASSIEZ;delete;2026-09-18T11:15:03+00:00;20260918111503-3bc30f
AFFIXERIONS;delete;2026-09-18T11:15:03+00:00;20260918111503-3bc30f
AFFIXASSIONS;delete;2026-09-18T11:15:03+00:00;20260918111503-3bc30f
AFFIXERAIENT;delete;2026-09-18T11:15:03+00:00;20260918111503-3bc30f
AFFLEURA;keep;2026-09-18T11:15:04+00:00;20260918111504-e2a8eb
AFFLEURE;keep;2026-09-18T11:15:04+00:00;20260918111504-e2a8eb
AFFLEURAI;keep;2026-09-18T11:15:04+00:00;20260918111504-e2a8eb
AFFLEURAS;keep;2026-09-18T11:15:04+00:00;20260918111504-e2a8eb
AFFLEURES;keep;2026-09-18T11:15:04+00:00;20260918111504-e2a8eb
AFFLEUREZ;keep;2026-09-18T11:15:04+00:00;20260918111504-e2a8eb
AFFLEURAT;keep;2026-09-18T11:15:04+00:00;20260918111504-e2a8eb
AFFLEURER;keep;2026-09-18T11:15:04+00:00;20260918111504-e2a8eb
AFFLEURAIS;keep;2026-09-18T11:15:04+00:00;20260918111504-e2a8eb
AFFLEURERA;keep;2026-09-18T11:15:04+00:00;20260918111504-e2a8eb
AFFLEURIEZ;keep;2026-09-18T11:15:04+00:00;20260918111504-e2a8eb
AFFLEURONS;keep;2026-09-18T11:15:04+00:00;20260918111504-e2a8eb
AFFLEURENT;keep;2026-09-18T11:15:04+00:00;20260918111504-e2a8eb
AFFLEURAIT;keep;2026-09-18T11:15:04+00:00;20260918111504-e2a8eb
AFFLEURAMES;keep;2026-09-18T11:15:04+00:00;20260918111504-e2a8eb
AFFLEURASSE;keep;2026-09-18T11:15:04+00:00;20260918111504-e2a8eb
AFFLEURATES;keep;2026-09-18T11:15:04+00:00;20260918111504-e2a8eb
AFFLEURERAI;keep;2026-09-18T11:15:04+00:00;20260918111504-e2a8eb
AFFLEURERAS;keep;2026-09-18T11:15:04+00:00;20260918111504-e2a8eb
AFFLEUREREZ;keep;2026-09-18T11:15:04+00:00;20260918111504-e2a8eb
AFFLEURIONS;keep;2026-09-18T11:15:04+00:00;20260918111504-e2a8eb
AFFLEURASSES;keep;2026-09-18T11:15:04+00:00;20260918111504-e2a8eb
AFFLEURERAIS;keep;2026-09-18T11:15:04+00:00;20260918111504-e2a8eb
AFFLEURERAIT;keep;2026-09-18T11:15:04+00:00;20260918111504-e2a8eb
AFFLEURERIEZ;keep;2026-09-18T11:15:04+00:00;20260918111504-e2a8eb
AFFLEURERONS;keep;2026-09-18T11:15:04+00:00;20260918111504-e2a8eb
AFFLEURERONT;keep;2026-09-18T11:15:04+00:00;20260918111504-e2a8eb
AFFLEURERENT;keep;2026-09-18T11:15:04+00:00;20260918111504-e2a8eb
AFFLEURAIENT;keep;2026-09-18T11:15:04+00:00;20260918111504-e2a8eb
AFFLEURASSENT;keep;2026-09-18T11:15:04+00:00;20260918111504-e2a8eb
AFFLEURASSIEZ;keep;2026-09-18T11:15:04+00:00;20260918111504-e2a8eb
AFFLEURERIONS;keep;2026-09-18T11:15:04+00:00;20260918111504-e2a8eb
AFFLEURASSIONS;keep;2026-09-18T11:15:04+00:00;20260918111504-e2a8eb
AFFLEURERAIENT;keep;2026-09-18T11:15:04+00:00;20260918111504-e2a8eb
AFFLIGEZ;keep;2026-09-18T11:15:06+00:00;20260918111506-853cc6
AFFLIGEA;keep;2026-09-18T11:15:06+00:00;20260918111506-853cc6
AFFLIGER;keep;2026-09-18T11:15:06+00:00;20260918111506-853cc6
AFFLIGEE;keep;2026-09-18T11:15:06+00:00;20260918111506-853cc6
AFFLIGEAI;keep;2026-09-18T11:15:06+00:00;20260918111506-853cc6
AFFLIGEAS;keep;2026-09-18T11:15:06+00:00;20260918111506-853cc6
AFFLIGEAT;keep;2026-09-18T11:15:06+00:00;20260918111506-853cc6
AFFLIGERA;keep;2026-09-18T11:15:06+00:00;20260918111506-853cc6
AFFLIGIEZ;keep;2026-09-18T11:15:06+00:00;20260918111506-853cc6
AFFLIGENT;keep;2026-09-18T11:15:06+00:00;20260918111506-853cc6
AFFLIGEAIS;keep;2026-09-18T11:15:06+00:00;20260918111506-853cc6
AFFLIGEONS;keep;2026-09-18T11:15:06+00:00;20260918111506-853cc6
AFFLIGERAI;keep;2026-09-18T11:15:06+00:00;20260918111506-853cc6
AFFLIGERAS;keep;2026-09-18T11:15:06+00:00;20260918111506-853cc6
AFFLIGEREZ;keep;2026-09-18T11:15:06+00:00;20260918111506-853cc6
AFFLIGIONS;keep;2026-09-18T11:15:06+00:00;20260918111506-853cc6
AFFLIGEAIT;keep;2026-09-18T11:15:06+00:00;20260918111506-853cc6
AFFLIGEAMES;keep;2026-09-18T11:15:06+00:00;20260918111506-853cc6
AFFLIGEASSE;keep;2026-09-18T11:15:06+00:00;20260918111506-853cc6
AFFLIGEATES;keep;2026-09-18T11:15:06+00:00;20260918111506-853cc6
AFFLIGERAIS;keep;2026-09-18T11:15:06+00:00;20260918111506-853cc6
AFFLIGERAIT;keep;2026-09-18T11:15:06+00:00;20260918111506-853cc6
AFFLIGERIEZ;keep;2026-09-18T11:15:06+00:00;20260918111506-853cc6
AFFLIGERONS;keep;2026-09-18T11:15:06+00:00;20260918111506-853cc6
AFFLIGERONT;keep;2026-09-18T11:15:06+00:00;20260918111506-853cc6
AFFLIGERENT;keep;2026-09-18T11:15:06+00:00;20260918111506-853cc6
AFFLIGEASSES;keep;2026-09-18T11:15:06+00:00;20260918111506-853cc6
AFFLIGERIONS;keep;2026-09-18T11:15:06+00:00;20260918111506-853cc6
AFFLIGEAIENT;keep;2026-09-18T11:15:06+00:00;20260918111506-853cc6
AFFLIGEASSENT;keep;2026-09-18T11:15:06+00:00;20260918111506-853cc6
AFFLIGEASSIEZ;keep;2026-09-18T11:15:06+00:00;20260918111506-853cc6
AFFLIGERAIENT;keep;2026-09-18T11:15:06+00:00;20260918111506-853cc6
AFFLIGEASSIONS;keep;2026-09-18T11:15:06+00:00;20260918111506-853cc6
AFFLOUA;keep;2026-09-18T11:15:08+00:00;20260918111508-7cd9ef
AFFLOUE;keep;2026-09-18T11:15:08+00:00;20260918111508-7cd9ef
AFFLOUAI;keep;2026-09-18T11:15:08+00:00;20260918111508-7cd9ef
AFFLOUAS;keep;2026-09-18T11:15:08+00:00;20260918111508-7cd9ef
AFFLOUAT;keep;2026-09-18T11:15:08+00:00;20260918111508-7cd9ef
AFFLOUEE;keep;2026-09-18T11:15:08+00:00;20260918111508-7cd9ef
AFFLOUES;keep;2026-09-18T11:15:08+00:00;20260918111508-7cd9ef
AFFLOUEZ;keep;2026-09-18T11:15:08+00:00;20260918111508-7cd9ef
AFFLOUER;keep;2026-09-18T11:15:08+00:00;20260918111508-7cd9ef
AFFLOUAIS;keep;2026-09-18T11:15:08+00:00;20260918111508-7cd9ef
AFFLOUAIT;keep;2026-09-18T11:15:08+00:00;20260918111508-7cd9ef
AFFLOUANT;keep;2026-09-18T11:15:08+00:00;20260918111508-7cd9ef
AFFLOUEES;keep;2026-09-18T11:15:08+00:00;20260918111508-7cd9ef
AFFLOUENT;keep;2026-09-18T11:15:08+00:00;20260918111508-7cd9ef
AFFLOUERA;keep;2026-09-18T11:15:08+00:00;20260918111508-7cd9ef
AFFLOUIEZ;keep;2026-09-18T11:15:08+00:00;20260918111508-7cd9ef
AFFLOUONS;keep;2026-09-18T11:15:08+00:00;20260918111508-7cd9ef
AFFLOUAMES;keep;2026-09-18T11:15:08+00:00;20260918111508-7cd9ef
AFFLOUASSE;keep;2026-09-18T11:15:08+00:00;20260918111508-7cd9ef
AFFLOUATES;keep;2026-09-18T11:15:08+00:00;20260918111508-7cd9ef
AFFLOUERAI;keep;2026-09-18T11:15:08+00:00;20260918111508-7cd9ef
AFFLOUERAS;keep;2026-09-18T11:15:08+00:00;20260918111508-7cd9ef
AFFLOUEREZ;keep;2026-09-18T11:15:08+00:00;20260918111508-7cd9ef
AFFLOUIONS;keep;2026-09-18T11:15:08+00:00;20260918111508-7cd9ef
AFFLOUAIENT;keep;2026-09-18T11:15:08+00:00;20260918111508-7cd9ef
AFFLOUASSES;keep;2026-09-18T11:15:08+00:00;20260918111508-7cd9ef
AFFLOUERAIS;keep;2026-09-18T11:15:08+00:00;20260918111508-7cd9ef
AFFLOUERAIT;keep;2026-09-18T11:15:08+00:00;20260918111508-7cd9ef
AFFLOUERENT;keep;2026-09-18T11:15:08+00:00;20260918111508-7cd9ef
AFFLOUERIEZ;keep;2026-09-18T11:15:08+00:00;20260918111508-7cd9ef
AFFLOUERONS;keep;2026-09-18T11:15:08+00:00;20260918111508-7cd9ef
AFFLOUERONT;keep;2026-09-18T11:15:08+00:00;20260918111508-7cd9ef
AFFLOUASSENT;keep;2026-09-18T11:15:08+00:00;20260918111508-7cd9ef
AFFLOUASSIEZ;keep;2026-09-18T11:15:08+00:00;20260918111508-7cd9ef
AFFLOUERIONS;keep;2026-09-18T11:15:08+00:00;20260918111508-7cd9ef
AFFLOUASSIONS;keep;2026-09-18T11:15:08+00:00;20260918111508-7cd9ef
AFFLOUERAIENT;keep;2026-09-18T11:15:08+00:00;20260918111508-7cd9ef
AFFLUA;keep;2026-09-18T11:15:09+00:00;20260918111509-7a7912
AFFLUE;keep;2026-09-18T11:15:09+00:00;20260918111509-7a7912
AFFLUAI;keep;2026-09-18T11:15:09+00:00;20260918111509-7a7912
AFFLUAS;keep;2026-09-18T11:15:09+00:00;20260918111509-7a7912
AFFLUAT;keep;2026-09-18T11:15:09+00:00;20260918111509-7a7912
AFFLUES;keep;2026-09-18T11:15:09+00:00;20260918111509-7a7912
AFFLUEZ;keep;2026-09-18T11:15:09+00:00;20260918111509-7a7912
AFFLUER;keep;2026-09-18T11:15:09+00:00;20260918111509-7a7912
AFFLUAIS;keep;2026-09-18T11:15:09+00:00;20260918111509-7a7912
AFFLUERA;keep;2026-09-18T11:15:09+00:00;20260918111509-7a7912
AFFLUIEZ;keep;2026-09-18T11:15:09+00:00;20260918111509-7a7912
AFFLUONS;keep;2026-09-18T11:15:09+00:00;20260918111509-7a7912
AFFLUANT;keep;2026-09-18T11:15:09+00:00;20260918111509-7a7912
AFFLUAIT;keep;2026-09-18T11:15:09+00:00;20260918111509-7a7912
AFFLUENT;keep;2026-09-18T11:15:09+00:00;20260918111509-7a7912
AFFLUAMES;keep;2026-09-18T11:15:09+00:00;20260918111509-7a7912
AFFLUASSE;keep;2026-09-18T11:15:09+00:00;20260918111509-7a7912
AFFLUATES;keep;2026-09-18T11:15:09+00:00;20260918111509-7a7912
AFFLUERAI;keep;2026-09-18T11:15:09+00:00;20260918111509-7a7912
AFFLUERAS;keep;2026-09-18T11:15:09+00:00;20260918111509-7a7912
AFFLUEREZ;keep;2026-09-18T11:15:09+00:00;20260918111509-7a7912
AFFLUIONS;keep;2026-09-18T11:15:09+00:00;20260918111509-7a7912
AFFLUASSES;keep;2026-09-18T11:15:09+00:00;20260918111509-7a7912
AFFLUERAIS;keep;2026-09-18T11:15:09+00:00;20260918111509-7a7912
AFFLUERAIT;keep;2026-09-18T11:15:09+00:00;20260918111509-7a7912
AFFLUERIEZ;keep;2026-09-18T11:15:09+00:00;20260918111509-7a7912
AFFLUERONS;keep;2026-09-18T11:15:09+00:00;20260918111509-7a7912
AFFLUERONT;keep;2026-09-18T11:15:09+00:00;20260918111509-7a7912
AFFLUERENT;keep;2026-09-18T11:15:09+00:00;20260918111509-7a7912
AFFLUAIENT;keep;2026-09-18T11:15:09+00:00;20260918111509-7a7912
AFFLUASSENT;keep;2026-09-18T11:15:09+00:00;20260918111509-7a7912
AFFLUASSIEZ;keep;2026-09-18T11:15:09+00:00;20260918111509-7a7912
AFFLUERIONS;keep;2026-09-18T11:15:09+00:00;20260918111509-7a7912
AFFLUASSIONS;keep;2026-09-18T11:15:09+00:00;20260918111509-7a7912
AFFLUERAIENT;keep;2026-09-18T11:15:09+00:00;20260918111509-7a7912
AFFLUENTE;keep;2026-09-18T11:15:13+00:00;20260918111513-16d463
AFFLUENTS;keep;2026-09-18T11:15:13+00:00;20260918111513-16d463
AFFLUENTES;keep;2026-09-18T11:15:13+00:00;20260918111513-16d463
AFFOLA;keep;2026-09-18T11:15:14+00:00;20260918111514-344803
AFFOLAS;keep;2026-09-18T11:15:14+00:00;20260918111514-344803
AFFOLAT;keep;2026-09-18T11:15:14+00:00;20260918111514-344803
AFFOLAI;keep;2026-09-18T11:15:14+00:00;20260918111514-344803
AFFOLEZ;keep;2026-09-18T11:15:14+00:00;20260918111514-344803
AFFOLER;keep;2026-09-18T11:15:14+00:00;20260918111514-344803
AFFOLIEZ;keep;2026-09-18T11:15:14+00:00;20260918111514-344803
AFFOLERA;keep;2026-09-18T11:15:14+00:00;20260918111514-344803
AFFOLAIS;keep;2026-09-18T11:15:14+00:00;20260918111514-344803
AFFOLONS;keep;2026-09-18T11:15:14+00:00;20260918111514-344803
AFFOLENT;keep;2026-09-18T11:15:14+00:00;20260918111514-344803
AFFOLAIT;keep;2026-09-18T11:15:14+00:00;20260918111514-344803
AFFOLAMES;keep;2026-09-18T11:15:14+00:00;20260918111514-344803
AFFOLASSE;keep;2026-09-18T11:15:14+00:00;20260918111514-344803
AFFOLATES;keep;2026-09-18T11:15:14+00:00;20260918111514-344803
AFFOLERAI;keep;2026-09-18T11:15:14+00:00;20260918111514-344803
AFFOLERAS;keep;2026-09-18T11:15:14+00:00;20260918111514-344803
AFFOLEREZ;keep;2026-09-18T11:15:14+00:00;20260918111514-344803
AFFOLIONS;keep;2026-09-18T11:15:14+00:00;20260918111514-344803
AFFOLASSES;keep;2026-09-18T11:15:14+00:00;20260918111514-344803
AFFOLERIEZ;keep;2026-09-18T11:15:14+00:00;20260918111514-344803
AFFOLERONS;keep;2026-09-18T11:15:14+00:00;20260918111514-344803
AFFOLERONT;keep;2026-09-18T11:15:14+00:00;20260918111514-344803
AFFOLERAIS;keep;2026-09-18T11:15:14+00:00;20260918111514-344803
AFFOLERENT;keep;2026-09-18T11:15:14+00:00;20260918111514-344803
AFFOLERAIT;keep;2026-09-18T11:15:14+00:00;20260918111514-344803
AFFOLAIENT;keep;2026-09-18T11:15:14+00:00;20260918111514-344803
AFFOLASSENT;keep;2026-09-18T11:15:14+00:00;20260918111514-344803
AFFOLASSIEZ;keep;2026-09-18T11:15:14+00:00;20260918111514-344803
AFFOLERIONS;keep;2026-09-18T11:15:14+00:00;20260918111514-344803
AFFOLASSIONS;keep;2026-09-18T11:15:14+00:00;20260918111514-344803
AFFOLERAIENT;keep;2026-09-18T11:15:14+00:00;20260918111514-344803
AFFOLI;keep;2026-09-18T11:15:20+00:00;20260918111520-8c0e4e
AFFOLIE;keep;2026-09-18T11:15:20+00:00;20260918111520-8c0e4e
AFFOLIS;keep;2026-09-18T11:15:20+00:00;20260918111520-8c0e4e
AFFOLIT;keep;2026-09-18T11:15:20+00:00;20260918111520-8c0e4e
AFFOLIR;keep;2026-09-18T11:15:20+00:00;20260918111520-8c0e4e
AFFOLIES;keep;2026-09-18T11:15:20+00:00;20260918111520-8c0e4e
AFFOLIRA;keep;2026-09-18T11:15:20+00:00;20260918111520-8c0e4e
AFFOLIMES;keep;2026-09-18T11:15:20+00:00;20260918111520-8c0e4e
AFFOLIRAI;keep;2026-09-18T11:15:20+00:00;20260918111520-8c0e4e
AFFOLIRAS;keep;2026-09-18T11:15:20+00:00;20260918111520-8c0e4e
AFFOLIREZ;keep;2026-09-18T11:15:20+00:00;20260918111520-8c0e4e
AFFOLISSE;keep;2026-09-18T11:15:20+00:00;20260918111520-8c0e4e
AFFOLITES;keep;2026-09-18T11:15:20+00:00;20260918111520-8c0e4e
AFFOLIRAIS;keep;2026-09-18T11:15:20+00:00;20260918111520-8c0e4e
AFFOLIRAIT;keep;2026-09-18T11:15:20+00:00;20260918111520-8c0e4e
AFFOLIRENT;keep;2026-09-18T11:15:20+00:00;20260918111520-8c0e4e
AFFOLIRIEZ;keep;2026-09-18T11:15:20+00:00;20260918111520-8c0e4e
AFFOLIRONS;keep;2026-09-18T11:15:20+00:00;20260918111520-8c0e4e
AFFOLIRONT;keep;2026-09-18T11:15:20+00:00;20260918111520-8c0e4e
AFFOLISSES;keep;2026-09-18T11:15:20+00:00;20260918111520-8c0e4e
AFFOLISSEZ;keep;2026-09-18T11:15:20+00:00;20260918111520-8c0e4e
AFFOLIRIONS;keep;2026-09-18T11:15:20+00:00;20260918111520-8c0e4e
AFFOLISSAIS;keep;2026-09-18T11:15:20+00:00;20260918111520-8c0e4e
AFFOLISSAIT;keep;2026-09-18T11:15:20+00:00;20260918111520-8c0e4e
AFFOLISSANT;keep;2026-09-18T11:15:20+00:00;20260918111520-8c0e4e
AFFOLISSENT;keep;2026-09-18T11:15:20+00:00;20260918111520-8c0e4e
AFFOLISSIEZ;keep;2026-09-18T11:15:20+00:00;20260918111520-8c0e4e
AFFOLISSONS;keep;2026-09-18T11:15:20+00:00;20260918111520-8c0e4e
AFFOLIRAIENT;keep;2026-09-18T11:15:20+00:00;20260918111520-8c0e4e
AFFOLISSIONS;keep;2026-09-18T11:15:20+00:00;20260918111520-8c0e4e
AFFOLISSAIENT;keep;2026-09-18T11:15:20+00:00;20260918111520-8c0e4e
AFFORESTA;delete;2026-09-18T11:15:24+00:00;20260918111524-cb2b9d
AFFORESTE;delete;2026-09-18T11:15:24+00:00;20260918111524-cb2b9d
AFFORESTAI;delete;2026-09-18T11:15:24+00:00;20260918111524-cb2b9d
AFFORESTAS;delete;2026-09-18T11:15:24+00:00;20260918111524-cb2b9d
AFFORESTAT;delete;2026-09-18T11:15:24+00:00;20260918111524-cb2b9d
AFFORESTEE;delete;2026-09-18T11:15:24+00:00;20260918111524-cb2b9d
AFFORESTES;delete;2026-09-18T11:15:24+00:00;20260918111524-cb2b9d
AFFORESTEZ;delete;2026-09-18T11:15:24+00:00;20260918111524-cb2b9d
AFFORESTER;delete;2026-09-18T11:15:24+00:00;20260918111524-cb2b9d
AFFORESTAIS;delete;2026-09-18T11:15:24+00:00;20260918111524-cb2b9d
AFFORESTAIT;delete;2026-09-18T11:15:24+00:00;20260918111524-cb2b9d
AFFORESTANT;delete;2026-09-18T11:15:24+00:00;20260918111524-cb2b9d
AFFORESTEES;delete;2026-09-18T11:15:24+00:00;20260918111524-cb2b9d
AFFORESTENT;delete;2026-09-18T11:15:24+00:00;20260918111524-cb2b9d
AFFORESTERA;delete;2026-09-18T11:15:24+00:00;20260918111524-cb2b9d
AFFORESTIEZ;delete;2026-09-18T11:15:24+00:00;20260918111524-cb2b9d
AFFORESTONS;delete;2026-09-18T11:15:24+00:00;20260918111524-cb2b9d
AFFORESTAMES;delete;2026-09-18T11:15:24+00:00;20260918111524-cb2b9d
AFFORESTASSE;delete;2026-09-18T11:15:24+00:00;20260918111524-cb2b9d
AFFORESTATES;delete;2026-09-18T11:15:24+00:00;20260918111524-cb2b9d
AFFORESTERAI;delete;2026-09-18T11:15:24+00:00;20260918111524-cb2b9d
AFFORESTERAS;delete;2026-09-18T11:15:24+00:00;20260918111524-cb2b9d
AFFORESTEREZ;delete;2026-09-18T11:15:24+00:00;20260918111524-cb2b9d
AFFORESTIONS;delete;2026-09-18T11:15:24+00:00;20260918111524-cb2b9d
AFFORESTAIENT;delete;2026-09-18T11:15:24+00:00;20260918111524-cb2b9d
AFFORESTASSES;delete;2026-09-18T11:15:24+00:00;20260918111524-cb2b9d
AFFORESTERAIS;delete;2026-09-18T11:15:24+00:00;20260918111524-cb2b9d
AFFORESTERAIT;delete;2026-09-18T11:15:24+00:00;20260918111524-cb2b9d
AFFORESTERENT;delete;2026-09-18T11:15:24+00:00;20260918111524-cb2b9d
AFFORESTERIEZ;delete;2026-09-18T11:15:24+00:00;20260918111524-cb2b9d
AFFORESTERONS;delete;2026-09-18T11:15:24+00:00;20260918111524-cb2b9d
AFFORESTERONT;delete;2026-09-18T11:15:24+00:00;20260918111524-cb2b9d
AFFORESTASSENT;delete;2026-09-18T11:15:24+00:00;20260918111524-cb2b9d
AFFORESTASSIEZ;delete;2026-09-18T11:15:24+00:00;20260918111524-cb2b9d
AFFORESTERIONS;delete;2026-09-18T11:15:24+00:00;20260918111524-cb2b9d
AFFORESTASSIONS;delete;2026-09-18T11:15:24+00:00;20260918111524-cb2b9d
AFFORESTERAIENT;delete;2026-09-18T11:15:24+00:00;20260918111524-cb2b9d
AFFOUAGEA;delete;2026-09-18T11:15:25+00:00;20260918111525-da718f
AFFOUAGEE;delete;2026-09-18T11:15:25+00:00;20260918111525-da718f
AFFOUAGEZ;delete;2026-09-18T11:15:25+00:00;20260918111525-da718f
AFFOUAGER;delete;2026-09-18T11:15:25+00:00;20260918111525-da718f
AFFOUAGEAI;delete;2026-09-18T11:15:25+00:00;20260918111525-da718f
AFFOUAGEAS;delete;2026-09-18T11:15:25+00:00;20260918111525-da718f
AFFOUAGEAT;delete;2026-09-18T11:15:25+00:00;20260918111525-da718f
AFFOUAGEES;delete;2026-09-18T11:15:25+00:00;20260918111525-da718f
AFFOUAGENT;delete;2026-09-18T11:15:25+00:00;20260918111525-da718f
AFFOUAGERA;delete;2026-09-18T11:15:25+00:00;20260918111525-da718f
AFFOUAGERS;delete;2026-09-18T11:15:25+00:00;20260918111525-da718f
AFFOUAGIEZ;delete;2026-09-18T11:15:25+00:00;20260918111525-da718f
AFFOUAGEAIS;delete;2026-09-18T11:15:25+00:00;20260918111525-da718f
AFFOUAGEAIT;delete;2026-09-18T11:15:25+00:00;20260918111525-da718f
AFFOUAGEANT;delete;2026-09-18T11:15:25+00:00;20260918111525-da718f
AFFOUAGEONS;delete;2026-09-18T11:15:25+00:00;20260918111525-da718f
AFFOUAGERAI;delete;2026-09-18T11:15:25+00:00;20260918111525-da718f
AFFOUAGERAS;delete;2026-09-18T11:15:25+00:00;20260918111525-da718f
AFFOUAGEREZ;delete;2026-09-18T11:15:25+00:00;20260918111525-da718f
AFFOUAGIONS;delete;2026-09-18T11:15:25+00:00;20260918111525-da718f
AFFOUAGEAMES;delete;2026-09-18T11:15:25+00:00;20260918111525-da718f
AFFOUAGEASSE;delete;2026-09-18T11:15:25+00:00;20260918111525-da718f
AFFOUAGEATES;delete;2026-09-18T11:15:25+00:00;20260918111525-da718f
AFFOUAGERAIS;delete;2026-09-18T11:15:25+00:00;20260918111525-da718f
AFFOUAGERAIT;delete;2026-09-18T11:15:25+00:00;20260918111525-da718f
AFFOUAGERENT;delete;2026-09-18T11:15:25+00:00;20260918111525-da718f
AFFOUAGERIEZ;delete;2026-09-18T11:15:25+00:00;20260918111525-da718f
AFFOUAGERONS;delete;2026-09-18T11:15:25+00:00;20260918111525-da718f
AFFOUAGERONT;delete;2026-09-18T11:15:25+00:00;20260918111525-da718f
AFFOUAGEAIENT;delete;2026-09-18T11:15:25+00:00;20260918111525-da718f
AFFOUAGEASSES;delete;2026-09-18T11:15:25+00:00;20260918111525-da718f
AFFOUAGERIONS;delete;2026-09-18T11:15:25+00:00;20260918111525-da718f
AFFOUAGEASSENT;delete;2026-09-18T11:15:25+00:00;20260918111525-da718f
AFFOUAGEASSIEZ;delete;2026-09-18T11:15:25+00:00;20260918111525-da718f
AFFOUAGERAIENT;delete;2026-09-18T11:15:25+00:00;20260918111525-da718f
AFFOUAGEASSIONS;delete;2026-09-18T11:15:25+00:00;20260918111525-da718f
AFFOUILLA;delete;2026-09-18T11:15:27+00:00;20260918111527-cc7232
AFFOUILLE;delete;2026-09-18T11:15:27+00:00;20260918111527-cc7232
AFFOUILLAI;delete;2026-09-18T11:15:27+00:00;20260918111527-cc7232
AFFOUILLAS;delete;2026-09-18T11:15:27+00:00;20260918111527-cc7232
AFFOUILLAT;delete;2026-09-18T11:15:27+00:00;20260918111527-cc7232
AFFOUILLEE;delete;2026-09-18T11:15:27+00:00;20260918111527-cc7232
AFFOUILLES;delete;2026-09-18T11:15:27+00:00;20260918111527-cc7232
AFFOUILLEZ;delete;2026-09-18T11:15:27+00:00;20260918111527-cc7232
AFFOUILLER;delete;2026-09-18T11:15:27+00:00;20260918111527-cc7232
AFFOUILLAIS;delete;2026-09-18T11:15:27+00:00;20260918111527-cc7232
AFFOUILLANT;delete;2026-09-18T11:15:27+00:00;20260918111527-cc7232
AFFOUILLEES;delete;2026-09-18T11:15:27+00:00;20260918111527-cc7232
AFFOUILLENT;delete;2026-09-18T11:15:27+00:00;20260918111527-cc7232
AFFOUILLERA;delete;2026-09-18T11:15:27+00:00;20260918111527-cc7232
AFFOUILLIEZ;delete;2026-09-18T11:15:27+00:00;20260918111527-cc7232
AFFOUILLONS;delete;2026-09-18T11:15:27+00:00;20260918111527-cc7232
AFFOUILLAIT;delete;2026-09-18T11:15:27+00:00;20260918111527-cc7232
AFFOUILLAMES;delete;2026-09-18T11:15:27+00:00;20260918111527-cc7232
AFFOUILLASSE;delete;2026-09-18T11:15:27+00:00;20260918111527-cc7232
AFFOUILLATES;delete;2026-09-18T11:15:27+00:00;20260918111527-cc7232
AFFOUILLERAI;delete;2026-09-18T11:15:27+00:00;20260918111527-cc7232
AFFOUILLERAS;delete;2026-09-18T11:15:27+00:00;20260918111527-cc7232
AFFOUILLEREZ;delete;2026-09-18T11:15:27+00:00;20260918111527-cc7232
AFFOUILLIONS;delete;2026-09-18T11:15:27+00:00;20260918111527-cc7232
AFFOUILLAIENT;delete;2026-09-18T11:15:27+00:00;20260918111527-cc7232
AFFOUILLASSES;delete;2026-09-18T11:15:27+00:00;20260918111527-cc7232
AFFOUILLERAIS;delete;2026-09-18T11:15:27+00:00;20260918111527-cc7232
AFFOUILLERAIT;delete;2026-09-18T11:15:27+00:00;20260918111527-cc7232
AFFOUILLERENT;delete;2026-09-18T11:15:27+00:00;20260918111527-cc7232
AFFOUILLERIEZ;delete;2026-09-18T11:15:27+00:00;20260918111527-cc7232
AFFOUILLERONS;delete;2026-09-18T11:15:27+00:00;20260918111527-cc7232
AFFOUILLERONT;delete;2026-09-18T11:15:27+00:00;20260918111527-cc7232
AFFOUILLASSENT;delete;2026-09-18T11:15:27+00:00;20260918111527-cc7232
AFFOUILLASSIEZ;delete;2026-09-18T11:15:27+00:00;20260918111527-cc7232
AFFOUILLERIONS;delete;2026-09-18T11:15:27+00:00;20260918111527-cc7232
AFFOUILLASSIONS;delete;2026-09-18T11:15:27+00:00;20260918111527-cc7232
AFFOUILLERAIENT;delete;2026-09-18T11:15:27+00:00;20260918111527-cc7232
AFFOURAGE;delete;2026-09-18T11:15:29+00:00;20260918111529-4b10d9
AFFOURAGEA;delete;2026-09-18T11:15:29+00:00;20260918111529-4b10d9
AFFOURAGEE;delete;2026-09-18T11:15:29+00:00;20260918111529-4b10d9
AFFOURAGES;delete;2026-09-18T11:15:29+00:00;20260918111529-4b10d9
AFFOURAGEZ;delete;2026-09-18T11:15:29+00:00;20260918111529-4b10d9
AFFOURAGER;delete;2026-09-18T11:15:29+00:00;20260918111529-4b10d9
AFFOURAGEAI;delete;2026-09-18T11:15:29+00:00;20260918111529-4b10d9
AFFOURAGEAS;delete;2026-09-18T11:15:29+00:00;20260918111529-4b10d9
AFFOURAGEAT;delete;2026-09-18T11:15:29+00:00;20260918111529-4b10d9
AFFOURAGEES;delete;2026-09-18T11:15:29+00:00;20260918111529-4b10d9
AFFOURAGENT;delete;2026-09-18T11:15:29+00:00;20260918111529-4b10d9
AFFOURAGERA;delete;2026-09-18T11:15:29+00:00;20260918111529-4b10d9
AFFOURAGIEZ;delete;2026-09-18T11:15:29+00:00;20260918111529-4b10d9
AFFOURAGEAIS;delete;2026-09-18T11:15:29+00:00;20260918111529-4b10d9
AFFOURAGEAIT;delete;2026-09-18T11:15:29+00:00;20260918111529-4b10d9
AFFOURAGEANT;delete;2026-09-18T11:15:29+00:00;20260918111529-4b10d9
AFFOURAGEONS;delete;2026-09-18T11:15:29+00:00;20260918111529-4b10d9
AFFOURAGERAI;delete;2026-09-18T11:15:29+00:00;20260918111529-4b10d9
AFFOURAGERAS;delete;2026-09-18T11:15:29+00:00;20260918111529-4b10d9
AFFOURAGEREZ;delete;2026-09-18T11:15:29+00:00;20260918111529-4b10d9
AFFOURAGIONS;delete;2026-09-18T11:15:29+00:00;20260918111529-4b10d9
AFFOURAGEAMES;delete;2026-09-18T11:15:29+00:00;20260918111529-4b10d9
AFFOURAGEASSE;delete;2026-09-18T11:15:29+00:00;20260918111529-4b10d9
AFFOURAGEATES;delete;2026-09-18T11:15:29+00:00;20260918111529-4b10d9
AFFOURAGERAIS;delete;2026-09-18T11:15:29+00:00;20260918111529-4b10d9
AFFOURAGERAIT;delete;2026-09-18T11:15:29+00:00;20260918111529-4b10d9
AFFOURAGERENT;delete;2026-09-18T11:15:29+00:00;20260918111529-4b10d9
AFFOURAGERIEZ;delete;2026-09-18T11:15:29+00:00;20260918111529-4b10d9
AFFOURAGERONS;delete;2026-09-18T11:15:29+00:00;20260918111529-4b10d9
AFFOURAGERONT;delete;2026-09-18T11:15:29+00:00;20260918111529-4b10d9
AFFOURAGEAIENT;delete;2026-09-18T11:15:29+00:00;20260918111529-4b10d9
AFFOURAGEASSES;delete;2026-09-18T11:15:29+00:00;20260918111529-4b10d9
AFFOURAGERIONS;delete;2026-09-18T11:15:29+00:00;20260918111529-4b10d9
AFFOURAGEASSENT;delete;2026-09-18T11:15:29+00:00;20260918111529-4b10d9
AFFOURAGEASSIEZ;delete;2026-09-18T11:15:29+00:00;20260918111529-4b10d9
AFFOURAGERAIENT;delete;2026-09-18T11:15:29+00:00;20260918111529-4b10d9
AFFOURAGEASSIONS;delete;2026-09-18T11:15:29+00:00;20260918111529-4b10d9
AFFOURCHA;delete;2026-09-18T11:15:30+00:00;20260918111530-f5f3a6
AFFOURCHE;delete;2026-09-18T11:15:30+00:00;20260918111530-f5f3a6
AFFOURCHAI;delete;2026-09-18T11:15:30+00:00;20260918111530-f5f3a6
AFFOURCHAS;delete;2026-09-18T11:15:30+00:00;20260918111530-f5f3a6
AFFOURCHAT;delete;2026-09-18T11:15:30+00:00;20260918111530-f5f3a6
AFFOURCHEE;delete;2026-09-18T11:15:30+00:00;20260918111530-f5f3a6
AFFOURCHES;delete;2026-09-18T11:15:30+00:00;20260918111530-f5f3a6
AFFOURCHEZ;delete;2026-09-18T11:15:30+00:00;20260918111530-f5f3a6
AFFOURCHER;delete;2026-09-18T11:15:30+00:00;20260918111530-f5f3a6
AFFOURCHAIS;delete;2026-09-18T11:15:30+00:00;20260918111530-f5f3a6
AFFOURCHAIT;delete;2026-09-18T11:15:30+00:00;20260918111530-f5f3a6
AFFOURCHANT;delete;2026-09-18T11:15:30+00:00;20260918111530-f5f3a6
AFFOURCHEES;delete;2026-09-18T11:15:30+00:00;20260918111530-f5f3a6
AFFOURCHENT;delete;2026-09-18T11:15:30+00:00;20260918111530-f5f3a6
AFFOURCHERA;delete;2026-09-18T11:15:30+00:00;20260918111530-f5f3a6
AFFOURCHIEZ;delete;2026-09-18T11:15:30+00:00;20260918111530-f5f3a6
AFFOURCHONS;delete;2026-09-18T11:15:30+00:00;20260918111530-f5f3a6
AFFOURCHAMES;delete;2026-09-18T11:15:30+00:00;20260918111530-f5f3a6
AFFOURCHASSE;delete;2026-09-18T11:15:30+00:00;20260918111530-f5f3a6
AFFOURCHATES;delete;2026-09-18T11:15:30+00:00;20260918111530-f5f3a6
AFFOURCHERAI;delete;2026-09-18T11:15:30+00:00;20260918111530-f5f3a6
AFFOURCHERAS;delete;2026-09-18T11:15:30+00:00;20260918111530-f5f3a6
AFFOURCHEREZ;delete;2026-09-18T11:15:30+00:00;20260918111530-f5f3a6
AFFOURCHIONS;delete;2026-09-18T11:15:30+00:00;20260918111530-f5f3a6
AFFOURCHAIENT;delete;2026-09-18T11:15:30+00:00;20260918111530-f5f3a6
AFFOURCHASSES;delete;2026-09-18T11:15:30+00:00;20260918111530-f5f3a6
AFFOURCHERAIS;delete;2026-09-18T11:15:30+00:00;20260918111530-f5f3a6
AFFOURCHERAIT;delete;2026-09-18T11:15:30+00:00;20260918111530-f5f3a6
AFFOURCHERENT;delete;2026-09-18T11:15:30+00:00;20260918111530-f5f3a6
AFFOURCHERIEZ;delete;2026-09-18T11:15:30+00:00;20260918111530-f5f3a6
AFFOURCHERONS;delete;2026-09-18T11:15:30+00:00;20260918111530-f5f3a6
AFFOURCHERONT;delete;2026-09-18T11:15:30+00:00;20260918111530-f5f3a6
AFFOURCHASSENT;delete;2026-09-18T11:15:30+00:00;20260918111530-f5f3a6
AFFOURCHASSIEZ;delete;2026-09-18T11:15:30+00:00;20260918111530-f5f3a6
AFFOURCHERIONS;delete;2026-09-18T11:15:30+00:00;20260918111530-f5f3a6
AFFOURCHASSIONS;delete;2026-09-18T11:15:30+00:00;20260918111530-f5f3a6
AFFOURCHERAIENT;delete;2026-09-18T11:15:30+00:00;20260918111530-f5f3a6
AFFRAICHI;delete;2026-09-18T11:15:34+00:00;20260918111534-80a66a
AFFRAICHIS;delete;2026-09-18T11:15:34+00:00;20260918111534-80a66a
AFFRAICHIT;delete;2026-09-18T11:15:34+00:00;20260918111534-80a66a
AFFRAICHIE;delete;2026-09-18T11:15:34+00:00;20260918111534-80a66a
AFFRAICHIR;delete;2026-09-18T11:15:34+00:00;20260918111534-80a66a
AFFRAICHIRA;delete;2026-09-18T11:15:34+00:00;20260918111534-80a66a
AFFRAICHIMES;delete;2026-09-18T11:15:34+00:00;20260918111534-80a66a
AFFRAICHIRAI;delete;2026-09-18T11:15:34+00:00;20260918111534-80a66a
AFFRAICHIRAS;delete;2026-09-18T11:15:34+00:00;20260918111534-80a66a
AFFRAICHIREZ;delete;2026-09-18T11:15:34+00:00;20260918111534-80a66a
AFFRAICHISSE;delete;2026-09-18T11:15:34+00:00;20260918111534-80a66a
AFFRAICHITES;delete;2026-09-18T11:15:34+00:00;20260918111534-80a66a
AFFRAICHIRAIS;delete;2026-09-18T11:15:34+00:00;20260918111534-80a66a
AFFRAICHIRAIT;delete;2026-09-18T11:15:34+00:00;20260918111534-80a66a
AFFRAICHIRENT;delete;2026-09-18T11:15:34+00:00;20260918111534-80a66a
AFFRAICHIRIEZ;delete;2026-09-18T11:15:34+00:00;20260918111534-80a66a
AFFRAICHIRONS;delete;2026-09-18T11:15:34+00:00;20260918111534-80a66a
AFFRAICHIRONT;delete;2026-09-18T11:15:34+00:00;20260918111534-80a66a
AFFRAICHISSES;delete;2026-09-18T11:15:34+00:00;20260918111534-80a66a
AFFRAICHISSEZ;delete;2026-09-18T11:15:34+00:00;20260918111534-80a66a
AFFRAICHIRIONS;delete;2026-09-18T11:15:34+00:00;20260918111534-80a66a
AFFRAICHISSAIS;delete;2026-09-18T11:15:34+00:00;20260918111534-80a66a
AFFRAICHISSAIT;delete;2026-09-18T11:15:34+00:00;20260918111534-80a66a
AFFRAICHISSANT;delete;2026-09-18T11:15:34+00:00;20260918111534-80a66a
AFFRAICHISSENT;delete;2026-09-18T11:15:34+00:00;20260918111534-80a66a
AFFRAICHISSIEZ;delete;2026-09-18T11:15:34+00:00;20260918111534-80a66a
AFFRAICHISSONS;delete;2026-09-18T11:15:34+00:00;20260918111534-80a66a
AFFRAICHIRAIENT;delete;2026-09-18T11:15:34+00:00;20260918111534-80a66a
AFFRAICHISSIONS;delete;2026-09-18T11:15:34+00:00;20260918111534-80a66a
AFFRAICHISSAIENT;delete;2026-09-18T11:15:34+00:00;20260918111534-80a66a
AFFRETA;keep;2026-09-18T11:15:35+00:00;20260918111535-323a2a
AFFRETE;keep;2026-09-18T11:15:35+00:00;20260918111535-323a2a
AFFRETAI;keep;2026-09-18T11:15:35+00:00;20260918111535-323a2a
AFFRETAS;keep;2026-09-18T11:15:35+00:00;20260918111535-323a2a
AFFRETAT;keep;2026-09-18T11:15:35+00:00;20260918111535-323a2a
AFFRETEE;keep;2026-09-18T11:15:35+00:00;20260918111535-323a2a
AFFRETES;keep;2026-09-18T11:15:35+00:00;20260918111535-323a2a
AFFRETEZ;keep;2026-09-18T11:15:35+00:00;20260918111535-323a2a
AFFRETER;keep;2026-09-18T11:15:35+00:00;20260918111535-323a2a
AFFRETAIS;keep;2026-09-18T11:15:35+00:00;20260918111535-323a2a
AFFRETAIT;keep;2026-09-18T11:15:35+00:00;20260918111535-323a2a
AFFRETANT;keep;2026-09-18T11:15:35+00:00;20260918111535-323a2a
AFFRETEES;keep;2026-09-18T11:15:35+00:00;20260918111535-323a2a
AFFRETENT;keep;2026-09-18T11:15:35+00:00;20260918111535-323a2a
AFFRETERA;keep;2026-09-18T11:15:35+00:00;20260918111535-323a2a
AFFRETIEZ;keep;2026-09-18T11:15:35+00:00;20260918111535-323a2a
AFFRETONS;keep;2026-09-18T11:15:35+00:00;20260918111535-323a2a
AFFRETAMES;keep;2026-09-18T11:15:35+00:00;20260918111535-323a2a
AFFRETASSE;keep;2026-09-18T11:15:35+00:00;20260918111535-323a2a
AFFRETATES;keep;2026-09-18T11:15:35+00:00;20260918111535-323a2a
AFFRETERAI;keep;2026-09-18T11:15:35+00:00;20260918111535-323a2a
AFFRETERAS;keep;2026-09-18T11:15:35+00:00;20260918111535-323a2a
AFFRETEREZ;keep;2026-09-18T11:15:35+00:00;20260918111535-323a2a
AFFRETIONS;keep;2026-09-18T11:15:35+00:00;20260918111535-323a2a
AFFRETAIENT;keep;2026-09-18T11:15:35+00:00;20260918111535-323a2a
AFFRETASSES;keep;2026-09-18T11:15:35+00:00;20260918111535-323a2a
AFFRETERAIS;keep;2026-09-18T11:15:35+00:00;20260918111535-323a2a
AFFRETERAIT;keep;2026-09-18T11:15:35+00:00;20260918111535-323a2a
AFFRETERENT;keep;2026-09-18T11:15:35+00:00;20260918111535-323a2a
AFFRETERIEZ;keep;2026-09-18T11:15:35+00:00;20260918111535-323a2a
AFFRETERONT;keep;2026-09-18T11:15:35+00:00;20260918111535-323a2a
AFFRETERONS;keep;2026-09-18T11:15:35+00:00;20260918111535-323a2a
AFFRETASSENT;keep;2026-09-18T11:15:35+00:00;20260918111535-323a2a
AFFRETASSIEZ;keep;2026-09-18T11:15:35+00:00;20260918111535-323a2a
AFFRETERIONS;keep;2026-09-18T11:15:35+00:00;20260918111535-323a2a
AFFRETASSIONS;keep;2026-09-18T11:15:35+00:00;20260918111535-323a2a
AFFRETERAIENT;keep;2026-09-18T11:15:35+00:00;20260918111535-323a2a
AFFRIANDA;delete;2026-09-18T11:15:37+00:00;20260918111537-bf02ea
AFFRIANDE;delete;2026-09-18T11:15:37+00:00;20260918111537-bf02ea
AFFRIANDAS;delete;2026-09-18T11:15:37+00:00;20260918111537-bf02ea
AFFRIANDAT;delete;2026-09-18T11:15:37+00:00;20260918111537-bf02ea
AFFRIANDEE;delete;2026-09-18T11:15:37+00:00;20260918111537-bf02ea
AFFRIANDEZ;delete;2026-09-18T11:15:37+00:00;20260918111537-bf02ea
AFFRIANDAI;delete;2026-09-18T11:15:37+00:00;20260918111537-bf02ea
AFFRIANDER;delete;2026-09-18T11:15:37+00:00;20260918111537-bf02ea
AFFRIANDES;delete;2026-09-18T11:15:37+00:00;20260918111537-bf02ea
AFFRIANDAIS;delete;2026-09-18T11:15:37+00:00;20260918111537-bf02ea
AFFRIANDAIT;delete;2026-09-18T11:15:37+00:00;20260918111537-bf02ea
AFFRIANDANT;delete;2026-09-18T11:15:37+00:00;20260918111537-bf02ea
AFFRIANDEES;delete;2026-09-18T11:15:37+00:00;20260918111537-bf02ea
AFFRIANDENT;delete;2026-09-18T11:15:37+00:00;20260918111537-bf02ea
AFFRIANDERA;delete;2026-09-18T11:15:37+00:00;20260918111537-bf02ea
AFFRIANDIEZ;delete;2026-09-18T11:15:37+00:00;20260918111537-bf02ea
AFFRIANDONS;delete;2026-09-18T11:15:37+00:00;20260918111537-bf02ea
AFFRIANDAMES;delete;2026-09-18T11:15:37+00:00;20260918111537-bf02ea
AFFRIANDASSE;delete;2026-09-18T11:15:37+00:00;20260918111537-bf02ea
AFFRIANDATES;delete;2026-09-18T11:15:37+00:00;20260918111537-bf02ea
AFFRIANDERAI;delete;2026-09-18T11:15:37+00:00;20260918111537-bf02ea
AFFRIANDERAS;delete;2026-09-18T11:15:37+00:00;20260918111537-bf02ea
AFFRIANDEREZ;delete;2026-09-18T11:15:37+00:00;20260918111537-bf02ea
AFFRIANDIONS;delete;2026-09-18T11:15:37+00:00;20260918111537-bf02ea
AFFRIANDAIENT;delete;2026-09-18T11:15:37+00:00;20260918111537-bf02ea
AFFRIANDASSES;delete;2026-09-18T11:15:37+00:00;20260918111537-bf02ea
AFFRIANDERAIS;delete;2026-09-18T11:15:37+00:00;20260918111537-bf02ea
AFFRIANDERAIT;delete;2026-09-18T11:15:37+00:00;20260918111537-bf02ea
AFFRIANDERENT;delete;2026-09-18T11:15:37+00:00;20260918111537-bf02ea
AFFRIANDERIEZ;delete;2026-09-18T11:15:37+00:00;20260918111537-bf02ea
AFFRIANDERONS;delete;2026-09-18T11:15:37+00:00;20260918111537-bf02ea
AFFRIANDERONT;delete;2026-09-18T11:15:37+00:00;20260918111537-bf02ea
AFFRIANDASSENT;delete;2026-09-18T11:15:37+00:00;20260918111537-bf02ea
AFFRIANDASSIEZ;delete;2026-09-18T11:15:37+00:00;20260918111537-bf02ea
AFFRIANDERIONS;delete;2026-09-18T11:15:37+00:00;20260918111537-bf02ea
AFFRIANDASSIONS;delete;2026-09-18T11:15:37+00:00;20260918111537-bf02ea
AFFRIANDERAIENT;delete;2026-09-18T11:15:37+00:00;20260918111537-bf02ea
AFFRICHA;delete;2026-09-18T11:15:39+00:00;20260918111539-7ad02b
AFFRICHE;delete;2026-09-18T11:15:39+00:00;20260918111539-7ad02b
AFFRICHAI;delete;2026-09-18T11:15:39+00:00;20260918111539-7ad02b
AFFRICHAS;delete;2026-09-18T11:15:39+00:00;20260918111539-7ad02b
AFFRICHAT;delete;2026-09-18T11:15:39+00:00;20260918111539-7ad02b
AFFRICHEE;delete;2026-09-18T11:15:39+00:00;20260918111539-7ad02b
AFFRICHES;delete;2026-09-18T11:15:39+00:00;20260918111539-7ad02b
AFFRICHEZ;delete;2026-09-18T11:15:39+00:00;20260918111539-7ad02b
AFFRICHER;delete;2026-09-18T11:15:39+00:00;20260918111539-7ad02b
AFFRICHAIS;delete;2026-09-18T11:15:39+00:00;20260918111539-7ad02b
AFFRICHAIT;delete;2026-09-18T11:15:39+00:00;20260918111539-7ad02b
AFFRICHANT;delete;2026-09-18T11:15:39+00:00;20260918111539-7ad02b
AFFRICHEES;delete;2026-09-18T11:15:39+00:00;20260918111539-7ad02b
AFFRICHENT;delete;2026-09-18T11:15:39+00:00;20260918111539-7ad02b
AFFRICHERA;delete;2026-09-18T11:15:39+00:00;20260918111539-7ad02b
AFFRICHIEZ;delete;2026-09-18T11:15:39+00:00;20260918111539-7ad02b
AFFRICHONS;delete;2026-09-18T11:15:39+00:00;20260918111539-7ad02b
AFFRICHAMES;delete;2026-09-18T11:15:39+00:00;20260918111539-7ad02b
AFFRICHASSE;delete;2026-09-18T11:15:39+00:00;20260918111539-7ad02b
AFFRICHATES;delete;2026-09-18T11:15:39+00:00;20260918111539-7ad02b
AFFRICHERAI;delete;2026-09-18T11:15:39+00:00;20260918111539-7ad02b
AFFRICHERAS;delete;2026-09-18T11:15:39+00:00;20260918111539-7ad02b
AFFRICHEREZ;delete;2026-09-18T11:15:39+00:00;20260918111539-7ad02b
AFFRICHIONS;delete;2026-09-18T11:15:39+00:00;20260918111539-7ad02b
AFFRICHAIENT;delete;2026-09-18T11:15:39+00:00;20260918111539-7ad02b
AFFRICHASSES;delete;2026-09-18T11:15:39+00:00;20260918111539-7ad02b
AFFRICHERAIS;delete;2026-09-18T11:15:39+00:00;20260918111539-7ad02b
AFFRICHERAIT;delete;2026-09-18T11:15:39+00:00;20260918111539-7ad02b
AFFRICHERENT;delete;2026-09-18T11:15:39+00:00;20260918111539-7ad02b
AFFRICHERIEZ;delete;2026-09-18T11:15:39+00:00;20260918111539-7ad02b
AFFRICHERONS;delete;2026-09-18T11:15:39+00:00;20260918111539-7ad02b
AFFRICHERONT;delete;2026-09-18T11:15:39+00:00;20260918111539-7ad02b
AFFRICHASSENT;delete;2026-09-18T11:15:39+00:00;20260918111539-7ad02b
AFFRICHASSIEZ;delete;2026-09-18T11:15:39+00:00;20260918111539-7ad02b
AFFRICHERIONS;delete;2026-09-18T11:15:39+00:00;20260918111539-7ad02b
AFFRICHASSIONS;delete;2026-09-18T11:15:39+00:00;20260918111539-7ad02b
AFFRICHERAIENT;delete;2026-09-18T11:15:39+00:00;20260918111539-7ad02b
AFFRIOLA;delete;2026-09-18T11:15:41+00:00;20260918111541-1a78bb
AFFRIOLE;delete;2026-09-18T11:15:41+00:00;20260918111541-1a78bb
AFFRIOLAI;delete;2026-09-18T11:15:41+00:00;20260918111541-1a78bb
AFFRIOLAS;delete;2026-09-18T11:15:41+00:00;20260918111541-1a78bb
AFFRIOLAT;delete;2026-09-18T11:15:41+00:00;20260918111541-1a78bb
AFFRIOLEE;delete;2026-09-18T11:15:41+00:00;20260918111541-1a78bb
AFFRIOLEZ;delete;2026-09-18T11:15:41+00:00;20260918111541-1a78bb
AFFRIOLER;delete;2026-09-18T11:15:41+00:00;20260918111541-1a78bb
AFFRIOLES;delete;2026-09-18T11:15:41+00:00;20260918111541-1a78bb
AFFRIOLAIS;delete;2026-09-18T11:15:41+00:00;20260918111541-1a78bb
AFFRIOLEES;delete;2026-09-18T11:15:41+00:00;20260918111541-1a78bb
AFFRIOLENT;delete;2026-09-18T11:15:41+00:00;20260918111541-1a78bb
AFFRIOLERA;delete;2026-09-18T11:15:41+00:00;20260918111541-1a78bb
AFFRIOLIEZ;delete;2026-09-18T11:15:41+00:00;20260918111541-1a78bb
AFFRIOLONS;delete;2026-09-18T11:15:41+00:00;20260918111541-1a78bb
AFFRIOLAIT;delete;2026-09-18T11:15:41+00:00;20260918111541-1a78bb
AFFRIOLAMES;delete;2026-09-18T11:15:41+00:00;20260918111541-1a78bb
AFFRIOLASSE;delete;2026-09-18T11:15:41+00:00;20260918111541-1a78bb
AFFRIOLATES;delete;2026-09-18T11:15:41+00:00;20260918111541-1a78bb
AFFRIOLERAI;delete;2026-09-18T11:15:41+00:00;20260918111541-1a78bb
AFFRIOLERAS;delete;2026-09-18T11:15:41+00:00;20260918111541-1a78bb
AFFRIOLEREZ;delete;2026-09-18T11:15:41+00:00;20260918111541-1a78bb
AFFRIOLIONS;delete;2026-09-18T11:15:41+00:00;20260918111541-1a78bb
AFFRIOLAIENT;delete;2026-09-18T11:15:41+00:00;20260918111541-1a78bb
AFFRIOLASSES;delete;2026-09-18T11:15:41+00:00;20260918111541-1a78bb
AFFRIOLERAIS;delete;2026-09-18T11:15:41+00:00;20260918111541-1a78bb
AFFRIOLERENT;delete;2026-09-18T11:15:41+00:00;20260918111541-1a78bb
AFFRIOLERIEZ;delete;2026-09-18T11:15:41+00:00;20260918111541-1a78bb
AFFRIOLERONS;delete;2026-09-18T11:15:41+00:00;20260918111541-1a78bb
AFFRIOLERONT;delete;2026-09-18T11:15:41+00:00;20260918111541-1a78bb
AFFRIOLERAIT;delete;2026-09-18T11:15:41+00:00;20260918111541-1a78bb
AFFRIOLASSENT;delete;2026-09-18T11:15:41+00:00;20260918111541-1a78bb
AFFRIOLASSIEZ;delete;2026-09-18T11:15:41+00:00;20260918111541-1a78bb
AFFRIOLERIONS;delete;2026-09-18T11:15:41+00:00;20260918111541-1a78bb
AFFRIOLASSIONS;delete;2026-09-18T11:15:41+00:00;20260918111541-1a78bb
AFFRIOLERAIENT;delete;2026-09-18T11:15:41+00:00;20260918111541-1a78bb
REFEA;delete;2026-09-18T11:17:53+00:00;20260918111753-b5a18e
REFEE;delete;2026-09-18T11:17:55+00:00;20260918111755-f1eb7b
REFUI;delete;2026-09-18T11:17:59+00:00;20260918111759-71972e
REIEZ;delete;2026-09-18T11:18:08+00:00;20260918111808-5dbd84
RELIA;keep;2026-09-18T11:18:09+00:00;20260918111809-64749a
RENAI;keep;2026-09-18T11:18:15+00:00;20260918111815-0713c0
RENAS;keep;2026-09-18T11:18:16+00:00;20260918111816-b76fc8
RENAT;keep;2026-09-18T11:18:17+00:00;20260918111817-06c5cb
RENEZ;keep;2026-09-18T11:18:17+00:00;20260918111817-514b6c
REONS;keep;2026-09-18T11:18:18+00:00;20260918111818-4d9cfb
REPLU;keep;2026-09-18T11:18:23+00:00;20260918111823-fa7dec
REPTA;delete;2026-09-18T11:18:26+00:00;20260918111826-5f3736
REPTE;delete;2026-09-18T11:18:29+00:00;20260918111829-cb757b
REPUT;delete;2026-09-18T11:18:29+00:00;20260918111829-7840b2
REPUT;undo;2026-09-18T11:18:31+00:00;20260918111829-7840b2
REPUT;keep;2026-09-18T11:18:35+00:00;20260918111835-dd6ae4
RESOL;delete;2026-09-18T11:18:36+00:00;20260918111836-9a6248
